{
"type": "FeatureCollection",
"name": "bg",
"crs": { "type": "name", "properties": { "name": "urn:ogc:def:crs:OGC:1.3:CRS84" } },
"features": [
{ "type": "Feature", "properties": { "GEOCODE": "110010002021", "ward": 2.0, "neighborhood": "Georgetown, Burleith/Hillandale" }, "geometry": { "type": "Polygon", "coordinates": [ [ [ -77.073099307027064, 38.912596786895456 ], [ -77.073062307396924, 38.911531786914999 ], [ -77.069203306143834, 38.911613787180023 ], [ -77.069164305960896, 38.910699786684937 ], [ -77.065141304689689, 38.910813787074567 ], [ -77.067752305680386, 38.915698787647749 ], [ -77.069384306133003, 38.917733788551651 ], [ -77.069247306281213, 38.912682787490034 ], [ -77.073099307027064, 38.912596786895456 ] ] ] } },
{ "type": "Feature", "properties": { "GEOCODE": "110010002022", "ward": 2.0, "neighborhood": "Georgetown, Burleith/Hillandale" }, "geometry": { "type": "Polygon", "coordinates": [ [ [ -77.069164305960896, 38.910699786684937 ], [ -77.06904430563344, 38.907739786614364 ], [ -77.063584304365065, 38.907867786473965 ], [ -77.065141304689689, 38.910813787074567 ], [ -77.069164305960896, 38.910699786684937 ] ] ] } },
{ "type": "Feature", "properties": { "GEOCODE": "110010002023", "ward": 2.0, "neighborhood": "Georgetown, Burleith/Hillandale" }, "geometry": { "type": "Polygon", "coordinates": [ [ [ -77.06904430563344, 38.907739786614364 ], [ -77.068962305314813, 38.905059785321889 ], [ -77.06281330291705, 38.905184785779618 ], [ -77.062862302957043, 38.906477785979988 ], [ -77.063584304365065, 38.907867786473965 ], [ -77.06904430563344, 38.907739786614364 ] ] ] } },
{ "type": "Feature", "properties": { "GEOCODE": "110010002024", "ward": 2.0, "neighborhood": "Georgetown, Burleith/Hillandale" }, "geometry": { "type": "Polygon", "coordinates": [ [ [ -77.07991130921161, 38.905081785515605 ], [ -77.079217308393467, 38.90246178458554 ], [ -77.078982308004868, 38.902316784791431 ], [ -77.078275307910459, 38.902377785104768 ], [ -77.077640308117779, 38.902264784585604 ], [ -77.073375306405765, 38.901130785210931 ], [ -77.072104306404626, 38.901077784974575 ], [ -77.070659306032155, 38.90120278511165 ], [ -77.069271305535779, 38.900589784839326 ], [ -77.06871630541481, 38.901023785052011 ], [ -77.065938304305845, 38.90113378548876 ], [ -77.062802302904842, 38.901071784715896 ], [ -77.06281330291705, 38.905184785779618 ], [ -77.068962305314813, 38.905059785321889 ], [ -77.06908330552605, 38.908725786867699 ], [ -77.071639306583918, 38.908618785929029 ], [ -77.07150030592372, 38.905116785990742 ], [ -77.074007306515568, 38.905545785402467 ], [ -77.076046307674474, 38.905559785677411 ], [ -77.078312308778834, 38.90604978543508 ], [ -77.0783133086493, 38.905792785433391 ], [ -77.079413308185835, 38.905644785139408 ], [ -77.079868308821332, 38.905412785494718 ], [ -77.07991130921161, 38.905081785515605 ] ] ] } },
{ "type": "Feature", "properties": { "GEOCODE": "110010003001", "ward": 3.0, "neighborhood": "Cathedral Heights, McLean Gardens, Glover Park" }, "geometry": { "type": "Polygon", "coordinates": [ [ [ -77.073197307234537, 38.9225517890427 ], [ -77.07267830750105, 38.912601787013557 ], [ -77.069247306281213, 38.912682787490034 ], [ -77.069384306133003, 38.917733788551651 ], [ -77.071478307223657, 38.920195789005838 ], [ -77.07290930761981, 38.922550788993775 ], [ -77.073197307234537, 38.9225517890427 ] ] ] } },
{ "type": "Feature", "properties": { "GEOCODE": "110010003002", "ward": 3.0, "neighborhood": "Cathedral Heights, McLean Gardens, Glover Park" }, "geometry": { "type": "Polygon", "coordinates": [ [ [ -77.082009310844668, 38.920117788049147 ], [ -77.081766309862971, 38.91956678808701 ], [ -77.081111309404122, 38.919238788180223 ], [ -77.077917308476046, 38.919181788557815 ], [ -77.077911309445071, 38.92255678925531 ], [ -77.080717309695046, 38.922557789044774 ], [ -77.080796310018286, 38.921686788632705 ], [ -77.082008310060402, 38.921531788434592 ], [ -77.082009310844668, 38.920117788049147 ] ] ] } },
{ "type": "Feature", "properties": { "GEOCODE": "110010003003", "ward": 2.0, "neighborhood": "Georgetown, Burleith/Hillandale" }, "geometry": { "type": "Polygon", "coordinates": [ [ [ -77.082567310458018, 38.921504788700631 ], [ -77.082560310427382, 38.918669788099443 ], [ -77.081009310107689, 38.916230787675254 ], [ -77.080554309885954, 38.915042787116192 ], [ -77.079113308537629, 38.913749786661036 ], [ -77.078811308617006, 38.912758786663176 ], [ -77.079018308887996, 38.912686787304224 ], [ -77.07267830750105, 38.912601787013557 ], [ -77.072952307436282, 38.918741788308779 ], [ -77.07435930726362, 38.918723788297008 ], [ -77.074613307905395, 38.919176788737424 ], [ -77.081111309404122, 38.919238788180223 ], [ -77.081673310066336, 38.919484788122645 ], [ -77.081983310418039, 38.919920787787099 ], [ -77.082008310060402, 38.921531788434592 ], [ -77.082567310458018, 38.921504788700631 ] ] ] } },
{ "type": "Feature", "properties": { "GEOCODE": "110010003004", "ward": 3.0, "neighborhood": "Cathedral Heights, McLean Gardens, Glover Park" }, "geometry": { "type": "Polygon", "coordinates": [ [ [ -77.077911309445071, 38.92255678925531 ], [ -77.077917308476046, 38.919181788557815 ], [ -77.074613307905395, 38.919176788737424 ], [ -77.07435930726362, 38.918723788297008 ], [ -77.072952307436282, 38.918741788308779 ], [ -77.073197307234537, 38.9225517890427 ], [ -77.077911309445071, 38.92255678925531 ] ] ] } },
{ "type": "Feature", "properties": { "GEOCODE": "110010004001", "ward": 3.0, "neighborhood": "Cleveland Park, Woodley Park, Massachusetts Avenue Heights, Woodland-Normanstone Terrace" }, "geometry": { "type": "Polygon", "coordinates": [ [ [ -77.073141307567695, 38.928827790604075 ], [ -77.073170307769459, 38.923086788792041 ], [ -77.07290930761981, 38.922550788993775 ], [ -77.070461306796972, 38.922558789301256 ], [ -77.069734306999393, 38.923400789434368 ], [ -77.068833306589497, 38.923945789420159 ], [ -77.067333306472349, 38.92432478948804 ], [ -77.067226306446557, 38.924446789546842 ], [ -77.066355305497012, 38.924330789931652 ], [ -77.066392306155294, 38.931474790959214 ], [ -77.072652308018746, 38.931878791412139 ], [ -77.073141307567695, 38.928827790604075 ] ] ] } },
{ "type": "Feature", "properties": { "GEOCODE": "110010004002", "ward": 3.0, "neighborhood": "Observatory Circle" }, "geometry": { "type": "Polygon", "coordinates": [ [ [ -77.07290930761981, 38.922550788993775 ], [ -77.071478307223657, 38.920195789005838 ], [ -77.068754305898153, 38.916973788150997 ], [ -77.067415305214396, 38.917639787908435 ], [ -77.0673173051091, 38.918648788515284 ], [ -77.058934303440182, 38.91830778913846 ], [ -77.057659302632231, 38.919263789401562 ], [ -77.056534302768725, 38.919530789298875 ], [ -77.056948302867468, 38.920183789443904 ], [ -77.056909302014134, 38.920304789399651 ], [ -77.056365302464769, 38.920354788952537 ], [ -77.055772302394885, 38.920106789532724 ], [ -77.055176302328704, 38.920670789348776 ], [ -77.054038301157334, 38.921171789596777 ], [ -77.05448430172865, 38.921944789679117 ], [ -77.055894302365161, 38.922658789336772 ], [ -77.05607430183575, 38.922932789482459 ], [ -77.056081302661497, 38.923291789453025 ], [ -77.057720302663469, 38.92322078952121 ], [ -77.06324230543585, 38.927527790497564 ], [ -77.066386305680751, 38.927534790293947 ], [ -77.066355305497012, 38.924330789931652 ], [ -77.067226306446557, 38.924446789546842 ], [ -77.067333306472349, 38.92432478948804 ], [ -77.068833306589497, 38.923945789420159 ], [ -77.069734306999393, 38.923400789434368 ], [ -77.070461306796972, 38.922558789301256 ], [ -77.07290930761981, 38.922550788993775 ] ] ] } },
{ "type": "Feature", "properties": { "GEOCODE": "110010005011", "ward": 3.0, "neighborhood": "Cleveland Park, Woodley Park, Massachusetts Avenue Heights, Woodland-Normanstone Terrace" }, "geometry": { "type": "Polygon", "coordinates": [ [ [ -77.055718303147003, 38.930762791290995 ], [ -77.050183300322544, 38.92124878950635 ], [ -77.049550300250672, 38.921882789977133 ], [ -77.04870429982337, 38.922412790123637 ], [ -77.04851429991821, 38.923052789880245 ], [ -77.04872929988727, 38.924488790072083 ], [ -77.048923299930493, 38.924981790265946 ], [ -77.049444300215669, 38.925572790631136 ], [ -77.049874301298317, 38.927710790660612 ], [ -77.049671300732939, 38.928089791192704 ], [ -77.04933330016091, 38.928137791038353 ], [ -77.048946299982305, 38.928007790816416 ], [ -77.048259299761028, 38.927410790962391 ], [ -77.047057299560123, 38.926719791039154 ], [ -77.046604299105226, 38.926063790478139 ], [ -77.046305299882249, 38.925950790978895 ], [ -77.044912298583526, 38.926585791381115 ], [ -77.044789298872004, 38.926811790607346 ], [ -77.044539298995446, 38.928517791796594 ], [ -77.046976299900578, 38.931337791404943 ], [ -77.047376300441655, 38.931631791777434 ], [ -77.04780030031435, 38.931756792287096 ], [ -77.049484300651812, 38.932190791838281 ], [ -77.050324300924999, 38.932276792207581 ], [ -77.050856301022677, 38.932833792415757 ], [ -77.050505301205234, 38.933231791991567 ], [ -77.051792301972199, 38.933872792199708 ], [ -77.052961302059757, 38.933549791691227 ], [ -77.054584302628271, 38.932711792202063 ], [ -77.054969302676341, 38.931587791925921 ], [ -77.054575302744411, 38.930907791505774 ], [ -77.055718303147003, 38.930762791290995 ] ] ] } },
{ "type": "Feature", "properties": { "GEOCODE": "110010005012", "ward": 3.0, "neighborhood": "Cleveland Park, Woodley Park, Massachusetts Avenue Heights, Woodland-Normanstone Terrace" }, "geometry": { "type": "Polygon", "coordinates": [ [ [ -77.057666302426824, 38.923279790074147 ], [ -77.05563930241162, 38.923315789918021 ], [ -77.056265302790976, 38.924619789893114 ], [ -77.056575303043672, 38.924820789733545 ], [ -77.056695302152903, 38.92506679026021 ], [ -77.056718302537334, 38.925387790598691 ], [ -77.056319302253485, 38.926012790711205 ], [ -77.057639303104253, 38.92618079005193 ], [ -77.057666302426824, 38.923279790074147 ] ] ] } },
{ "type": "Feature", "properties": { "GEOCODE": "110010005013", "ward": 3.0, "neighborhood": "Cleveland Park, Woodley Park, Massachusetts Avenue Heights, Woodland-Normanstone Terrace" }, "geometry": { "type": "Polygon", "coordinates": [ [ [ -77.057659302632231, 38.919263789401562 ], [ -77.059086302932286, 38.918320788872428 ], [ -77.058260302987733, 38.91772378902548 ], [ -77.057248302357522, 38.918401788790341 ], [ -77.056187301770493, 38.918654789307524 ], [ -77.055324302383966, 38.919042789039537 ], [ -77.054916301708531, 38.919674788843402 ], [ -77.054583301547595, 38.919937789001672 ], [ -77.053255301248015, 38.920097789749441 ], [ -77.052225301032124, 38.919620788860733 ], [ -77.051852300679741, 38.919587789005739 ], [ -77.051008300825401, 38.91994278957484 ], [ -77.050183300322544, 38.92124878950635 ], [ -77.052682301376564, 38.925543790492647 ], [ -77.056319302253485, 38.926012790711205 ], [ -77.056718302537334, 38.925387790598691 ], [ -77.056695302152903, 38.92506679026021 ], [ -77.056575303043672, 38.924820789733545 ], [ -77.056265302790976, 38.924619789893114 ], [ -77.05563930241162, 38.923315789918021 ], [ -77.056081302661497, 38.923291789453025 ], [ -77.056051302723972, 38.922872789762238 ], [ -77.055733302107953, 38.922529789551412 ], [ -77.05448430172865, 38.921944789679117 ], [ -77.054038301157334, 38.921171789596777 ], [ -77.055176302328704, 38.920670789348776 ], [ -77.055772302394885, 38.920106789532724 ], [ -77.056365302464769, 38.920354788952537 ], [ -77.056909302014134, 38.920304789399651 ], [ -77.056948302867468, 38.920183789443904 ], [ -77.056534302768725, 38.919530789298875 ], [ -77.057659302632231, 38.919263789401562 ] ] ] } },
{ "type": "Feature", "properties": { "GEOCODE": "110010005021", "ward": 3.0, "neighborhood": "Cleveland Park, Woodley Park, Massachusetts Avenue Heights, Woodland-Normanstone Terrace" }, "geometry": { "type": "Polygon", "coordinates": [ [ [ -77.066392306155294, 38.931474790959214 ], [ -77.066386305680751, 38.927534790293947 ], [ -77.06324230543585, 38.927527790497564 ], [ -77.057720302663469, 38.92322078952121 ], [ -77.057639303104253, 38.92618079005193 ], [ -77.052682301376564, 38.925543790492647 ], [ -77.054166301929342, 38.928095790925866 ], [ -77.057657302721353, 38.928814791351463 ], [ -77.058125303123305, 38.929017790697856 ], [ -77.063259305160088, 38.929020790720855 ], [ -77.063256305195338, 38.930516791208397 ], [ -77.064681306069502, 38.931076791245509 ], [ -77.066392306155294, 38.931474790959214 ] ] ] } },
{ "type": "Feature", "properties": { "GEOCODE": "110010005022", "ward": 3.0, "neighborhood": "Cleveland Park, Woodley Park, Massachusetts Avenue Heights, Woodland-Normanstone Terrace" }, "geometry": { "type": "Polygon", "coordinates": [ [ [ -77.063256305195338, 38.930516791208397 ], [ -77.063259305160088, 38.929020790720855 ], [ -77.058125303123305, 38.929017790697856 ], [ -77.057657302721353, 38.928814791351463 ], [ -77.054166301929342, 38.928095790925866 ], [ -77.056772303560749, 38.932577791725301 ], [ -77.057844303343828, 38.932722791688683 ], [ -77.05809030337835, 38.932654792077223 ], [ -77.058385303553891, 38.932115791490354 ], [ -77.058533303414464, 38.931331791841281 ], [ -77.059993303867302, 38.930351791328199 ], [ -77.062306305114888, 38.930140791019575 ], [ -77.063256305195338, 38.930516791208397 ] ] ] } },
{ "type": "Feature", "properties": { "GEOCODE": "110010006001", "ward": 3.0, "neighborhood": "Cleveland Park, Woodley Park, Massachusetts Avenue Heights, Woodland-Normanstone Terrace" }, "geometry": { "type": "Polygon", "coordinates": [ [ [ -77.067633307488904, 38.940469793226661 ], [ -77.067319306424579, 38.939675792316912 ], [ -77.066457306942084, 38.938593792726486 ], [ -77.066389306842012, 38.937342792074773 ], [ -77.064634305418792, 38.937101792070202 ], [ -77.063432305306549, 38.937366792854611 ], [ -77.062055304625332, 38.937335792201523 ], [ -77.060076304803204, 38.936870792528637 ], [ -77.059245304267407, 38.936831792776943 ], [ -77.061656305682618, 38.940979792858364 ], [ -77.062708305328584, 38.940901793413758 ], [ -77.064709306345776, 38.940504792741187 ], [ -77.065809306485704, 38.940492793017043 ], [ -77.067111306564385, 38.940663793162628 ], [ -77.067633307488904, 38.940469793226661 ] ] ] } },
{ "type": "Feature", "properties": { "GEOCODE": "110010006002", "ward": 3.0, "neighborhood": "Cleveland Park, Woodley Park, Massachusetts Avenue Heights, Woodland-Normanstone Terrace" }, "geometry": { "type": "Polygon", "coordinates": [ [ [ -77.066388306518064, 38.936295792001829 ], [ -77.066392306155294, 38.931474790959214 ], [ -77.06459230535242, 38.931048791289761 ], [ -77.062306305114888, 38.930140791019575 ], [ -77.059933303769597, 38.930374791506701 ], [ -77.058533303414464, 38.931331791841281 ], [ -77.058385303553891, 38.932115791490354 ], [ -77.05809030337835, 38.932654792077223 ], [ -77.057844303343828, 38.932722791688683 ], [ -77.056772303560749, 38.932577791725301 ], [ -77.059245304267407, 38.936831792776943 ], [ -77.060076304803204, 38.936870792528637 ], [ -77.06107030435416, 38.937163792150422 ], [ -77.061081305262093, 38.935827792217019 ], [ -77.062644305293574, 38.936280792408859 ], [ -77.066388306518064, 38.936295792001829 ] ] ] } },
{ "type": "Feature", "properties": { "GEOCODE": "110010006003", "ward": 3.0, "neighborhood": "Cleveland Park, Woodley Park, Massachusetts Avenue Heights, Woodland-Normanstone Terrace" }, "geometry": { "type": "Polygon", "coordinates": [ [ [ -77.072652308018746, 38.931878791412139 ], [ -77.066392306155294, 38.931474790959214 ], [ -77.066391306008285, 38.934657791517537 ], [ -77.072507308374995, 38.934643791508407 ], [ -77.072417308412099, 38.933491791194839 ], [ -77.072652308018746, 38.931878791412139 ] ] ] } },
{ "type": "Feature", "properties": { "GEOCODE": "110010006004", "ward": 3.0, "neighborhood": "Cleveland Park, Woodley Park, Massachusetts Avenue Heights, Woodland-Normanstone Terrace" }, "geometry": { "type": "Polygon", "coordinates": [ [ [ -77.076509310362937, 38.942223792545654 ], [ -77.073466308388362, 38.936695792341517 ], [ -77.072507308374995, 38.934643791508407 ], [ -77.066391306008285, 38.934657791517537 ], [ -77.066388306518064, 38.936295792001829 ], [ -77.062644305293574, 38.936280792408859 ], [ -77.061081305262093, 38.935827792217019 ], [ -77.06107030435416, 38.937163792150422 ], [ -77.063133305654461, 38.937387792740346 ], [ -77.064634305418792, 38.937101792070202 ], [ -77.066389306842012, 38.937342792074773 ], [ -77.066514306630893, 38.93872479230803 ], [ -77.067260307321646, 38.939585792861166 ], [ -77.067824307474751, 38.940836793093112 ], [ -77.068626307512346, 38.941723793269531 ], [ -77.068877307654361, 38.942217792831691 ], [ -77.076509310362937, 38.942223792545654 ] ] ] } },
{ "type": "Feature", "properties": { "GEOCODE": "110010007021", "ward": 3.0, "neighborhood": "Cathedral Heights, McLean Gardens, Glover Park" }, "geometry": { "type": "Polygon", "coordinates": [ [ [ -77.081653310278341, 38.926264789143339 ], [ -77.082567310458018, 38.921504788700631 ], [ -77.080796310018286, 38.921686788632705 ], [ -77.080717309695046, 38.922557789044774 ], [ -77.077054308790707, 38.922556789064117 ], [ -77.077079308818242, 38.923288789131163 ], [ -77.077648309615697, 38.924223789105085 ], [ -77.078780309988645, 38.924893789407932 ], [ -77.078874309204821, 38.925822789368091 ], [ -77.081303310255933, 38.926050789173644 ], [ -77.081653310278341, 38.926264789143339 ] ] ] } },
{ "type": "Feature", "properties": { "GEOCODE": "110010007022", "ward": 3.0, "neighborhood": "Cathedral Heights, McLean Gardens, Glover Park" }, "geometry": { "type": "Polygon", "coordinates": [ [ [ -77.077051309586054, 38.925679789525965 ], [ -77.077060309189818, 38.925428789237628 ], [ -77.076103308672145, 38.925037789489991 ], [ -77.074699307665867, 38.922555788645063 ], [ -77.07290930761981, 38.922550788993775 ], [ -77.073170307769459, 38.923086788792041 ], [ -77.073190308487227, 38.926189789376046 ], [ -77.073860307891778, 38.926192790105048 ], [ -77.073860307880267, 38.925593789938006 ], [ -77.074625308802567, 38.925583789346206 ], [ -77.074622308203388, 38.925744789776665 ], [ -77.077051309586054, 38.925679789525965 ] ] ] } },
{ "type": "Feature", "properties": { "GEOCODE": "110010007023", "ward": 3.0, "neighborhood": "Cathedral Heights, McLean Gardens, Glover Park" }, "geometry": { "type": "Polygon", "coordinates": [ [ [ -77.079180309949578, 38.9262097897941 ], [ -77.080004309937479, 38.925973789827964 ], [ -77.078874309204821, 38.925822789368091 ], [ -77.078780309988645, 38.924893789407932 ], [ -77.078550309838732, 38.924676789602444 ], [ -77.077835309267769, 38.92438178960834 ], [ -77.077531309127608, 38.924087788850379 ], [ -77.077085308608488, 38.923308789060464 ], [ -77.077054308790707, 38.922556789064117 ], [ -77.074699307665867, 38.922555788645063 ], [ -77.076103308672145, 38.925037789489991 ], [ -77.077060309189818, 38.925428789237628 ], [ -77.077050309492009, 38.926190789881446 ], [ -77.079180309949578, 38.9262097897941 ] ] ] } },
{ "type": "Feature", "properties": { "GEOCODE": "110010007031", "ward": 3.0, "neighborhood": "Cathedral Heights, McLean Gardens, Glover Park" }, "geometry": { "type": "Polygon", "coordinates": [ [ [ -77.080570310450156, 38.930242790296816 ], [ -77.078290310077946, 38.929216790278268 ], [ -77.077054309388757, 38.929026790392534 ], [ -77.077011309045488, 38.931419790731887 ], [ -77.08012431010529, 38.933700791071765 ], [ -77.079900310786911, 38.932070790876985 ], [ -77.080570310450156, 38.930242790296816 ] ] ] } },
{ "type": "Feature", "properties": { "GEOCODE": "110010007032", "ward": 3.0, "neighborhood": "Cathedral Heights, McLean Gardens, Glover Park" }, "geometry": { "type": "Polygon", "coordinates": [ [ [ -77.081653310278341, 38.926264789143339 ], [ -77.081303310255933, 38.926050789173644 ], [ -77.080004309937479, 38.925973789827964 ], [ -77.079180309949578, 38.9262097897941 ], [ -77.077050309492009, 38.926190789881446 ], [ -77.077054309388757, 38.929026790392534 ], [ -77.078290310077946, 38.929216790278268 ], [ -77.080570310450156, 38.930242790296816 ], [ -77.081653310278341, 38.926264789143339 ] ] ] } },
{ "type": "Feature", "properties": { "GEOCODE": "110010007041", "ward": 3.0, "neighborhood": "Cathedral Heights, McLean Gardens, Glover Park" }, "geometry": { "type": "Polygon", "coordinates": [ [ [ -77.072417308412099, 38.933491791194839 ], [ -77.079767310037468, 38.933439790730255 ], [ -77.073164307606035, 38.928618790489608 ], [ -77.072417308412099, 38.933491791194839 ] ] ] } },
{ "type": "Feature", "properties": { "GEOCODE": "110010007042", "ward": 3.0, "neighborhood": "Cathedral Heights, McLean Gardens, Glover Park" }, "geometry": { "type": "Polygon", "coordinates": [ [ [ -77.077011309045488, 38.931419790731887 ], [ -77.077050309110305, 38.925751789192049 ], [ -77.074622308203388, 38.925744789776665 ], [ -77.074625308802567, 38.925583789346206 ], [ -77.073860307880267, 38.925593789938006 ], [ -77.073860307891778, 38.926192790105048 ], [ -77.073190308487227, 38.926189789376046 ], [ -77.073164307606035, 38.928618790489608 ], [ -77.077011309045488, 38.931419790731887 ] ] ] } },
{ "type": "Feature", "properties": { "GEOCODE": "110010008021", "ward": 3.0, "neighborhood": "Spring Valley, Palisades, Wesley Heights, Foxhall Crescent, Foxhall Village, Georgetown Reservoir" }, "geometry": { "type": "Polygon", "coordinates": [ [ [ -77.100861315240479, 38.911216785859814 ], [ -77.09354431328488, 38.905942784866852 ], [ -77.091878312936899, 38.90533178466066 ], [ -77.090939312656715, 38.904720785266115 ], [ -77.088552311240591, 38.903720785042445 ], [ -77.087089310735749, 38.903345784926287 ], [ -77.08648931111081, 38.902995784767555 ], [ -77.084902309895426, 38.902795785011847 ], [ -77.082645309356977, 38.902287784338213 ], [ -77.080108308763172, 38.902305784606448 ], [ -77.079217308393467, 38.90246178458554 ], [ -77.079918308785906, 38.904894785280874 ], [ -77.079868308821332, 38.905412785494718 ], [ -77.079413308185835, 38.905644785139408 ], [ -77.0783133086493, 38.905792785433391 ], [ -77.078313308255829, 38.905946785949318 ], [ -77.079964309293388, 38.905950785239668 ], [ -77.080717308490009, 38.906290785905341 ], [ -77.084965310213931, 38.91212078620719 ], [ -77.085493310556387, 38.913477787246322 ], [ -77.086516311280192, 38.914382786961426 ], [ -77.088066311973719, 38.915320787206909 ], [ -77.088473311887, 38.915826787136687 ], [ -77.088707312363198, 38.916447786888213 ], [ -77.092185313546466, 38.916372787521979 ], [ -77.094675314391054, 38.915636787185548 ], [ -77.096313314882323, 38.914552786502497 ], [ -77.096356314638967, 38.914127786125427 ], [ -77.097431314308096, 38.913412786218373 ], [ -77.097736315063216, 38.913404786118335 ], [ -77.099579315124544, 38.911995785972238 ], [ -77.100861315240479, 38.911216785859814 ] ] ] } },
{ "type": "Feature", "properties": { "GEOCODE": "110010008022", "ward": 3.0, "neighborhood": "Spring Valley, Palisades, Wesley Heights, Foxhall Crescent, Foxhall Village, Georgetown Reservoir" }, "geometry": { "type": "Polygon", "coordinates": [ [ [ -77.088748312585182, 38.919173787941659 ], [ -77.088690311821779, 38.916364787060452 ], [ -77.088359311759902, 38.915650787400416 ], [ -77.087765312321238, 38.915075786857543 ], [ -77.086353311093035, 38.914261786791926 ], [ -77.085493310556387, 38.913477787246322 ], [ -77.084965310213931, 38.91212078620719 ], [ -77.080717308490009, 38.906290785905341 ], [ -77.079964309293388, 38.905950785239668 ], [ -77.078313308255829, 38.905946785949318 ], [ -77.078317308813155, 38.906745785470576 ], [ -77.07791030813884, 38.906717785777111 ], [ -77.07788430777893, 38.908146786200874 ], [ -77.077564308700801, 38.908634785914458 ], [ -77.077702308257258, 38.909694786778381 ], [ -77.079041309393361, 38.911811786819364 ], [ -77.079210309341406, 38.91190078651622 ], [ -77.079268308924668, 38.912686787322514 ], [ -77.078811308617006, 38.912758786663176 ], [ -77.078962309102124, 38.913458786951509 ], [ -77.079346308845089, 38.914051787341933 ], [ -77.080554309885954, 38.915042787116192 ], [ -77.081009310107689, 38.916230787675254 ], [ -77.082560310427382, 38.918669788099443 ], [ -77.082583310248665, 38.919304788146938 ], [ -77.088748312585182, 38.919173787941659 ] ] ] } },
{ "type": "Feature", "properties": { "GEOCODE": "110010008031", "ward": 3.0, "neighborhood": "Cathedral Heights, McLean Gardens, Glover Park" }, "geometry": { "type": "Polygon", "coordinates": [ [ [ -77.087730312798442, 38.9357887913553 ], [ -77.086822313063976, 38.935136791519461 ], [ -77.086135312897511, 38.934028790735866 ], [ -77.085945312682185, 38.934121790944396 ], [ -77.085650312751071, 38.933958790474705 ], [ -77.083866311499278, 38.933960791366708 ], [ -77.083500311276907, 38.934259791415272 ], [ -77.082296311129483, 38.934226791261416 ], [ -77.082096310664497, 38.934698791524383 ], [ -77.081832310730036, 38.934947791480091 ], [ -77.08558731267803, 38.937669791533828 ], [ -77.085887313083177, 38.937542791340206 ], [ -77.086174312344113, 38.937606791272131 ], [ -77.087730312798442, 38.9357887913553 ] ] ] } },
{ "type": "Feature", "properties": { "GEOCODE": "110010008032", "ward": 3.0, "neighborhood": "Cathedral Heights, McLean Gardens, Glover Park" }, "geometry": { "type": "Polygon", "coordinates": [ [ [ -77.086113311903958, 38.934062790788978 ], [ -77.085127312017292, 38.932259790156884 ], [ -77.084765311664313, 38.932360790499594 ], [ -77.083307311697538, 38.932361791099915 ], [ -77.082735311089635, 38.9321927907339 ], [ -77.082471311726479, 38.93227479079701 ], [ -77.082320310735355, 38.932508790820869 ], [ -77.08193131079635, 38.932399790659737 ], [ -77.079974310707996, 38.93241679090076 ], [ -77.08012431010529, 38.933700791071765 ], [ -77.081832310730036, 38.934947791480091 ], [ -77.082096310664497, 38.934698791524383 ], [ -77.082296311129483, 38.934226791261416 ], [ -77.083500311276907, 38.934259791415272 ], [ -77.083896311735487, 38.933958790710719 ], [ -77.085621312344529, 38.933956791159744 ], [ -77.085920311937954, 38.934116790797717 ], [ -77.086113311903958, 38.934062790788978 ] ] ] } },
{ "type": "Feature", "properties": { "GEOCODE": "110010008033", "ward": 3.0, "neighborhood": "Cathedral Heights, McLean Gardens, Glover Park" }, "geometry": { "type": "Polygon", "coordinates": [ [ [ -77.085127312017292, 38.932259790156884 ], [ -77.083997311337001, 38.930284790286251 ], [ -77.080570310450156, 38.930242790296816 ], [ -77.079900310786911, 38.932070790876985 ], [ -77.079974310707996, 38.93241679090076 ], [ -77.08193131079635, 38.932399790659737 ], [ -77.082320310735355, 38.932508790820869 ], [ -77.082471311726479, 38.93227479079701 ], [ -77.082735311089635, 38.9321927907339 ], [ -77.083307311697538, 38.932361791099915 ], [ -77.084765311664313, 38.932360790499594 ], [ -77.085127312017292, 38.932259790156884 ] ] ] } },
{ "type": "Feature", "properties": { "GEOCODE": "110010008041", "ward": 3.0, "neighborhood": "Spring Valley, Palisades, Wesley Heights, Foxhall Crescent, Foxhall Village, Georgetown Reservoir" }, "geometry": { "type": "Polygon", "coordinates": [ [ [ -77.099431315862731, 38.922077787771968 ], [ -77.098538315339539, 38.921044787862435 ], [ -77.09849931579059, 38.91919078789995 ], [ -77.088748312585182, 38.919173787941659 ], [ -77.08876631211352, 38.920171787584763 ], [ -77.089298313232561, 38.92153978816809 ], [ -77.089708313378395, 38.92321578882769 ], [ -77.090237313558504, 38.927464789431006 ], [ -77.091053313505938, 38.930260790350744 ], [ -77.091071313657892, 38.933204790940906 ], [ -77.093252314464422, 38.932610790036513 ], [ -77.094206314567842, 38.932010790283016 ], [ -77.095030314506985, 38.931728789997123 ], [ -77.095308315050602, 38.93151479005526 ], [ -77.095570315321794, 38.931012789624674 ], [ -77.096155315066923, 38.930589790121452 ], [ -77.096436314920112, 38.929804789293463 ], [ -77.096268315770402, 38.929523789958978 ], [ -77.095702315311399, 38.929095789540483 ], [ -77.095460314408598, 38.927577789436597 ], [ -77.095482314637991, 38.927015789212902 ], [ -77.096421314852392, 38.925960788790498 ], [ -77.097253314838142, 38.924431788579575 ], [ -77.098761315881362, 38.922338788530517 ], [ -77.09934631605212, 38.922220788018087 ], [ -77.099431315862731, 38.922077787771968 ] ] ] } },
{ "type": "Feature", "properties": { "GEOCODE": "110010008042", "ward": 3.0, "neighborhood": "Spring Valley, Palisades, Wesley Heights, Foxhall Crescent, Foxhall Village, Georgetown Reservoir" }, "geometry": { "type": "Polygon", "coordinates": [ [ [ -77.105170317657908, 38.917255786792616 ], [ -77.104127316577092, 38.915911786679516 ], [ -77.103514316237806, 38.914330786389073 ], [ -77.103430316844666, 38.913315786214802 ], [ -77.103075316740572, 38.912786785800606 ], [ -77.101596316207988, 38.911596785968626 ], [ -77.100861315240479, 38.911216785859814 ], [ -77.099579315124544, 38.911995785972238 ], [ -77.097736315063216, 38.913404786118335 ], [ -77.097431314308096, 38.913412786218373 ], [ -77.096356314638967, 38.914127786125427 ], [ -77.096313314882323, 38.914552786502497 ], [ -77.094675314391054, 38.915636787185548 ], [ -77.092185313546466, 38.916372787521979 ], [ -77.088707312363198, 38.916447786888213 ], [ -77.088748312585182, 38.919173787941659 ], [ -77.09849931579059, 38.91919078789995 ], [ -77.098581315842836, 38.921156788205892 ], [ -77.098946316006817, 38.920876788154239 ], [ -77.099183316192665, 38.920482788018766 ], [ -77.099696315723165, 38.920376787334284 ], [ -77.09977731551912, 38.920063787647223 ], [ -77.100633315801332, 38.91973878784917 ], [ -77.101114315920313, 38.920201787404487 ], [ -77.101826316197062, 38.919891787855661 ], [ -77.101976316246592, 38.920022787752821 ], [ -77.102453316728003, 38.919799787208269 ], [ -77.103083317141355, 38.918969787171463 ], [ -77.10324531719148, 38.918400786684103 ], [ -77.105170317657908, 38.917255786792616 ] ] ] } },
{ "type": "Feature", "properties": { "GEOCODE": "110010001011", "ward": 2.0, "neighborhood": "Georgetown, Burleith/Hillandale" }, "geometry": { "type": "Polygon", "coordinates": [ [ [ -77.057142302236755, 38.910551787215027 ], [ -77.057014301918556, 38.905239786559704 ], [ -77.055431300543049, 38.905261786462205 ], [ -77.054325301073746, 38.907505786391695 ], [ -77.053392300713256, 38.908566787417747 ], [ -77.052708299950922, 38.90883478735649 ], [ -77.051573299801177, 38.908742787166062 ], [ -77.051059299746939, 38.908823787175827 ], [ -77.050417300076674, 38.909064787033884 ], [ -77.05006929962461, 38.909495786986113 ], [ -77.050100299723255, 38.909743786974886 ], [ -77.051206300271588, 38.910784787463747 ], [ -77.05184030040472, 38.910622787380056 ], [ -77.057142302236755, 38.910551787215027 ] ] ] } },
{ "type": "Feature", "properties": { "GEOCODE": "110010001021", "ward": 2.0, "neighborhood": "Georgetown, Burleith/Hillandale" }, "geometry": { "type": "Polygon", "coordinates": [ [ [ -77.067415305214396, 38.917639787908435 ], [ -77.068754305898153, 38.916973788150997 ], [ -77.067752305680386, 38.915698787647749 ], [ -77.064906304760399, 38.910367786763175 ], [ -77.052034299936722, 38.910615787237376 ], [ -77.051155300678076, 38.910806787461439 ], [ -77.052528301023372, 38.912000788152731 ], [ -77.055093301945902, 38.912943788230145 ], [ -77.05625730180418, 38.913947787810571 ], [ -77.058663302300019, 38.915472788237572 ], [ -77.058812302944517, 38.915757788454059 ], [ -77.058796302512803, 38.916309788596998 ], [ -77.058549303059138, 38.917218788736243 ], [ -77.058203302617173, 38.917682788978411 ], [ -77.059086302932286, 38.918320788872428 ], [ -77.0673173051091, 38.918648788515284 ], [ -77.067415305214396, 38.917639787908435 ] ] ] } },
{ "type": "Feature", "properties": { "GEOCODE": "110010001022", "ward": 2.0, "neighborhood": "Georgetown, Burleith/Hillandale" }, "geometry": { "type": "Polygon", "coordinates": [ [ [ -77.064906304760399, 38.910367786763175 ], [ -77.063450303486462, 38.907616786703947 ], [ -77.057075301411288, 38.907699787145539 ], [ -77.057142302236755, 38.910551787215027 ], [ -77.064906304760399, 38.910367786763175 ] ] ] } },
{ "type": "Feature", "properties": { "GEOCODE": "110010001023", "ward": 2.0, "neighborhood": "National Mall, Potomac River" }, "geometry": { "type": "Polygon", "coordinates": [ [ [ -77.069271305535779, 38.900589784839326 ], [ -77.068166304830683, 38.899928785039435 ], [ -77.067574304028099, 38.899236784903081 ], [ -77.067611303944531, 38.898699784800286 ], [ -77.067467304190842, 38.898221784202747 ], [ -77.067597304855482, 38.898101784279604 ], [ -77.067471303966343, 38.898106784699316 ], [ -77.067226304182668, 38.897168783848109 ], [ -77.065907303765783, 38.894840783789604 ], [ -77.066007303407716, 38.894537783910025 ], [ -77.065702303633785, 38.894466783419823 ], [ -77.065135303845452, 38.893564783667564 ], [ -77.06472230369593, 38.89248678296466 ], [ -77.064698303016499, 38.891859783626352 ], [ -77.063254302500837, 38.891782783595438 ], [ -77.055923300982116, 38.893007783394133 ], [ -77.056676301072159, 38.895024784029182 ], [ -77.056644301497656, 38.898487785276835 ], [ -77.057396301223761, 38.899377785072772 ], [ -77.057301301496594, 38.899572785295327 ], [ -77.057490300978444, 38.899717784727827 ], [ -77.057411301227646, 38.900140785101563 ], [ -77.058540302294787, 38.901043785044429 ], [ -77.058596302229006, 38.901256785772247 ], [ -77.058143301896777, 38.902133785822286 ], [ -77.057987301910174, 38.902324785609146 ], [ -77.057896301742502, 38.90228578581543 ], [ -77.056829301240981, 38.903646786077367 ], [ -77.056386301769976, 38.90399378639836 ], [ -77.055431300543049, 38.905261786462205 ], [ -77.057014301918556, 38.905239786559704 ], [ -77.057075301411288, 38.907699787145539 ], [ -77.063450303486462, 38.907616786703947 ], [ -77.062848303226659, 38.906421785885186 ], [ -77.062802302904842, 38.901071784715896 ], [ -77.065938304305845, 38.90113378548876 ], [ -77.06871630541481, 38.901023785052011 ], [ -77.069271305535779, 38.900589784839326 ] ] ] } },
{ "type": "Feature", "properties": { "GEOCODE": "110010015001", "ward": 4.0, "neighborhood": "Rock Creek Park" }, "geometry": { "type": "Polygon", "coordinates": [ [ [ -77.062673308360914, 38.978800801163068 ], [ -77.058323306149902, 38.978852801138032 ], [ -77.056908306015202, 38.978753800593758 ], [ -77.055222305582149, 38.978259801366228 ], [ -77.053600304387217, 38.977298800650118 ], [ -77.052548304506232, 38.977099800755155 ], [ -77.053695304989645, 38.969760799587625 ], [ -77.061991307559452, 38.969773798941191 ], [ -77.061550307108192, 38.969107799310571 ], [ -77.061199306512634, 38.967701798213177 ], [ -77.060832306779616, 38.967015798181407 ], [ -77.056237305323378, 38.963784797641772 ], [ -77.056203304645308, 38.961020797298424 ], [ -77.054310304524776, 38.961156797786863 ], [ -77.052057303448876, 38.961889797564062 ], [ -77.051045303736956, 38.961941798010358 ], [ -77.050163303384707, 38.961704797767474 ], [ -77.049163302914067, 38.960959797326424 ], [ -77.048463302496771, 38.960631798007306 ], [ -77.046655302153454, 38.960374797252861 ], [ -77.045576301396963, 38.960485797414627 ], [ -77.044852300813531, 38.960708797581169 ], [ -77.043523300729689, 38.961372797673057 ], [ -77.044692301171452, 38.962278798055884 ], [ -77.046263301506144, 38.96309679865481 ], [ -77.047297302744965, 38.964273798780944 ], [ -77.047626302173313, 38.964754798661822 ], [ -77.047623302708431, 38.964950798708635 ], [ -77.046930301653376, 38.96643779861521 ], [ -77.046915301942121, 38.96714379901497 ], [ -77.046716301946532, 38.967756798873467 ], [ -77.045845301599002, 38.9686527991799 ], [ -77.045208301722724, 38.969057799295221 ], [ -77.04512230175655, 38.96972580002366 ], [ -77.044796301671965, 38.970550800126588 ], [ -77.04440930146599, 38.971004800001403 ], [ -77.043300301530508, 38.97132279959434 ], [ -77.042647301078716, 38.971252799625368 ], [ -77.042360300758332, 38.971026799833659 ], [ -77.041679300395799, 38.971074799925113 ], [ -77.041100300825661, 38.971240799708639 ], [ -77.040613300632486, 38.971694800433191 ], [ -77.040158300410894, 38.971864800699876 ], [ -77.040129299924644, 38.972764800223551 ], [ -77.039891300039571, 38.972841800282879 ], [ -77.039401300521234, 38.974034800887026 ], [ -77.039469300201333, 38.974368800564726 ], [ -77.039987300529631, 38.974884800846326 ], [ -77.039648300695276, 38.975656801037886 ], [ -77.03984230075352, 38.976359801376745 ], [ -77.040591300327975, 38.976830801220309 ], [ -77.041235301644178, 38.977025801354493 ], [ -77.042555301869882, 38.977909801341951 ], [ -77.043802301742488, 38.978311801485859 ], [ -77.044128301846825, 38.979527801979089 ], [ -77.044602302073841, 38.979989801707809 ], [ -77.044372301950858, 38.980274802183736 ], [ -77.043560302054743, 38.980670801727783 ], [ -77.042395302043417, 38.980003801609477 ], [ -77.041861301039489, 38.9800638022652 ], [ -77.041697301901777, 38.980490801971037 ], [ -77.041204300894989, 38.980533801792895 ], [ -77.040847301720717, 38.980740801748297 ], [ -77.040397301528003, 38.981040802115459 ], [ -77.04036030116221, 38.981266802333586 ], [ -77.039945301506677, 38.981654801858966 ], [ -77.039859300846359, 38.982170802211492 ], [ -77.039961301368407, 38.982473802090645 ], [ -77.040340300922836, 38.982827802162049 ], [ -77.040892300942772, 38.983185802426739 ], [ -77.041611301907125, 38.983222802310301 ], [ -77.04238030175992, 38.9839868022123 ], [ -77.043394302139646, 38.984049802287309 ], [ -77.044346302576258, 38.983876802733711 ], [ -77.044984302504389, 38.983916802392251 ], [ -77.045760302926055, 38.984158802549231 ], [ -77.04758930373734, 38.985367802940914 ], [ -77.048989304524056, 38.98563980265952 ], [ -77.051772305088406, 38.986956802617151 ], [ -77.051625305140206, 38.987152802484374 ], [ -77.051771305212753, 38.98725180304573 ], [ -77.062673308360914, 38.978800801163068 ] ] ] } },
{ "type": "Feature", "properties": { "GEOCODE": "110010002011", "ward": 2.0, "neighborhood": "Georgetown, Burleith/Hillandale" }, "geometry": { "type": "Polygon", "coordinates": [ [ [ -77.079268308924668, 38.912686787322514 ], [ -77.079210309341406, 38.91190078651622 ], [ -77.079041309393361, 38.911811786819364 ], [ -77.077702308257258, 38.909694786778381 ], [ -77.077599308592866, 38.909245786375386 ], [ -77.077564308700801, 38.908634785914458 ], [ -77.07788430777893, 38.908146786200874 ], [ -77.07791030813884, 38.906717785777111 ], [ -77.076261308258182, 38.906782785347431 ], [ -77.076158308200462, 38.907441785548933 ], [ -77.074735307515198, 38.907379785645105 ], [ -77.074670306987329, 38.908163786131261 ], [ -77.074008307509558, 38.908432785892018 ], [ -77.073839306792351, 38.90951378656036 ], [ -77.073870307356515, 38.910344786982925 ], [ -77.074658307880071, 38.910359786776617 ], [ -77.074539308059514, 38.912069787172335 ], [ -77.074329307531684, 38.912596787417755 ], [ -77.079268308924668, 38.912686787322514 ] ] ] } },
{ "type": "Feature", "properties": { "GEOCODE": "110010002012", "ward": 2.0, "neighborhood": "Georgetown, Burleith/Hillandale" }, "geometry": { "type": "Polygon", "coordinates": [ [ [ -77.078317308813155, 38.906745785470576 ], [ -77.078312308778834, 38.90604978543508 ], [ -77.076046307674474, 38.905559785677411 ], [ -77.074007306515568, 38.905545785402467 ], [ -77.07150030592372, 38.905116785990742 ], [ -77.071639306583918, 38.908618785929029 ], [ -77.06908330552605, 38.908725786867699 ], [ -77.069203306143834, 38.911613787180023 ], [ -77.073062307396924, 38.911531786914999 ], [ -77.073099307027064, 38.912596786895456 ], [ -77.074329307531684, 38.912596787417755 ], [ -77.074539308059514, 38.912069787172335 ], [ -77.074658307880071, 38.910359786776617 ], [ -77.073870307356515, 38.910344786982925 ], [ -77.073839306792351, 38.90951378656036 ], [ -77.074008307509558, 38.908432785892018 ], [ -77.074670306987329, 38.908163786131261 ], [ -77.074735307515198, 38.907379785645105 ], [ -77.076158308200462, 38.907441785548933 ], [ -77.076261308258182, 38.906782785347431 ], [ -77.077226308477577, 38.906775786162626 ], [ -77.077383308394189, 38.906660786146936 ], [ -77.078317308813155, 38.906745785470576 ] ] ] } },
{ "type": "Feature", "properties": { "GEOCODE": "110010012004", "ward": 3.0, "neighborhood": "Friendship Heights, American University Park, Tenleytown" }, "geometry": { "type": "Polygon", "coordinates": [ [ [ -77.078833311076721, 38.946537793623477 ], [ -77.076509310362937, 38.942223792545654 ], [ -77.068877307654361, 38.942217792831691 ], [ -77.067655306826779, 38.940462792760769 ], [ -77.067111306564385, 38.940663793162628 ], [ -77.065809306485704, 38.940492793017043 ], [ -77.064709306345776, 38.940504792741187 ], [ -77.062708305328584, 38.940901793413758 ], [ -77.061656305682618, 38.940979792858364 ], [ -77.065008306828872, 38.946743794314536 ], [ -77.066496306663439, 38.946230794024345 ], [ -77.078422311005014, 38.94629079352611 ], [ -77.078537310783375, 38.94656979391393 ], [ -77.078833311076721, 38.946537793623477 ] ] ] } },
{ "type": "Feature", "properties": { "GEOCODE": "110010013011", "ward": 3.0, "neighborhood": "Rock Creek Park" }, "geometry": { "type": "Polygon", "coordinates": [ [ [ -77.06671630712809, 38.949690794889243 ], [ -77.065680307034626, 38.947902794631887 ], [ -77.056228304314374, 38.947915794563158 ], [ -77.054855303423139, 38.948136794876348 ], [ -77.052804303530948, 38.948816795205019 ], [ -77.051661302706876, 38.948865794781767 ], [ -77.051449303060551, 38.948076795353877 ], [ -77.051681303023557, 38.946792794814698 ], [ -77.051553301940103, 38.94622779502825 ], [ -77.05089530209932, 38.945223794708262 ], [ -77.049851301958526, 38.944224794104862 ], [ -77.049657302206128, 38.943786794627137 ], [ -77.049192302059552, 38.944327794794042 ], [ -77.048428301462451, 38.94483279407995 ], [ -77.047984300743622, 38.945560794429383 ], [ -77.047764301740671, 38.945669794696805 ], [ -77.04707230082991, 38.945699794639758 ], [ -77.046242300403051, 38.945459794789933 ], [ -77.045820301097976, 38.945597794936482 ], [ -77.044747299794977, 38.947283795571835 ], [ -77.044152300065505, 38.947798795563529 ], [ -77.043997300599855, 38.948115795050143 ], [ -77.044108300102238, 38.948425795706271 ], [ -77.044467300651192, 38.948620795253049 ], [ -77.044851301044375, 38.948524795050652 ], [ -77.045092300181523, 38.948042795374505 ], [ -77.045574300287001, 38.947780795379757 ], [ -77.046856301176774, 38.948208795349998 ], [ -77.0469943011678, 38.948461795159275 ], [ -77.046872301117958, 38.949002795834247 ], [ -77.047059301462824, 38.949657795515058 ], [ -77.046611300684447, 38.95005379601804 ], [ -77.045722300335569, 38.950501795402339 ], [ -77.04531830112677, 38.950896796264679 ], [ -77.044893301018163, 38.95146579589192 ], [ -77.044844300108082, 38.951981796036591 ], [ -77.044282300463465, 38.952739796109931 ], [ -77.042781300537698, 38.95420579624853 ], [ -77.042188300110425, 38.954592797108383 ], [ -77.042094300487506, 38.955392796752029 ], [ -77.042331300499356, 38.956154797054445 ], [ -77.042138300471464, 38.956810797340765 ], [ -77.04215029980034, 38.957874796936942 ], [ -77.041292299834851, 38.958447797114935 ], [ -77.041090300221114, 38.958938797830967 ], [ -77.04050530001561, 38.959593798026411 ], [ -77.04089430041175, 38.959973797664517 ], [ -77.041979300837696, 38.960233797765653 ], [ -77.042980300938368, 38.960904797961568 ], [ -77.043463301168899, 38.961402797670296 ], [ -77.044852300813531, 38.960708797581169 ], [ -77.045576301396963, 38.960485797414627 ], [ -77.046655302153454, 38.960374797252861 ], [ -77.048463302496771, 38.960631798007306 ], [ -77.049163302914067, 38.960959797326424 ], [ -77.050163303384707, 38.961704797767474 ], [ -77.051045303736956, 38.961941798010358 ], [ -77.052057303448876, 38.961889797564062 ], [ -77.054310304524776, 38.961156797786863 ], [ -77.056203304645308, 38.961020797298424 ], [ -77.056060304638706, 38.958681797242178 ], [ -77.056882304793263, 38.957864796635903 ], [ -77.057298305064108, 38.956852796887063 ], [ -77.058153304678143, 38.956687796415778 ], [ -77.05844930566154, 38.95624679685077 ], [ -77.058318304869957, 38.95595279639199 ], [ -77.057567305279278, 38.955458796650021 ], [ -77.05766730468136, 38.954809796175745 ], [ -77.057459304554826, 38.954446795950489 ], [ -77.056298304927012, 38.953748796429061 ], [ -77.056783303939369, 38.953555795667661 ], [ -77.056929304669509, 38.953004795851939 ], [ -77.058445304818775, 38.952031795630475 ], [ -77.05963530548523, 38.951841795677005 ], [ -77.061634305832271, 38.951856795400623 ], [ -77.061641305506328, 38.94968679509676 ], [ -77.06671630712809, 38.949690794889243 ] ] ] } },
{ "type": "Feature", "properties": { "GEOCODE": "110010013012", "ward": 3.0, "neighborhood": "North Cleveland Park, Forest Hills, Van Ness" }, "geometry": { "type": "Polygon", "coordinates": [ [ [ -77.069230308499499, 38.954757795739305 ], [ -77.066072307533702, 38.954706795934094 ], [ -77.065480306966563, 38.954520795633812 ], [ -77.065173306859691, 38.954265796197589 ], [ -77.065171306562675, 38.951859795664674 ], [ -77.05963530548523, 38.951841795677005 ], [ -77.058445304818775, 38.952031795630475 ], [ -77.056929304669509, 38.953004795851939 ], [ -77.056783303939369, 38.953555795667661 ], [ -77.056298304927012, 38.953748796429061 ], [ -77.057483304949358, 38.954476796105048 ], [ -77.05766730468136, 38.954809796175745 ], [ -77.057583305376809, 38.955487796295429 ], [ -77.058441305316848, 38.956140796066613 ], [ -77.058385305600595, 38.956423796232258 ], [ -77.058095304917501, 38.956790796939337 ], [ -77.05886630483306, 38.957415796606497 ], [ -77.06040630603465, 38.957785796663039 ], [ -77.063414306663759, 38.958042796881593 ], [ -77.066039307279937, 38.958625796196593 ], [ -77.067397308545338, 38.957671796462158 ], [ -77.068017308182618, 38.95706679631359 ], [ -77.068906308365101, 38.95569179608492 ], [ -77.069230308499499, 38.954757795739305 ] ] ] } },
{ "type": "Feature", "properties": { "GEOCODE": "110010013013", "ward": 3.0, "neighborhood": "North Cleveland Park, Forest Hills, Van Ness" }, "geometry": { "type": "Polygon", "coordinates": [ [ [ -77.069427308862132, 38.954343795717229 ], [ -77.068125308226811, 38.952103795179639 ], [ -77.065171306562675, 38.951859795664674 ], [ -77.065173306859691, 38.954265796197589 ], [ -77.065530307582648, 38.954553795541443 ], [ -77.066072307533702, 38.954706795934094 ], [ -77.069228308962053, 38.954701796109127 ], [ -77.069427308862132, 38.954343795717229 ] ] ] } },
{ "type": "Feature", "properties": { "GEOCODE": "110010013014", "ward": 3.0, "neighborhood": "North Cleveland Park, Forest Hills, Van Ness" }, "geometry": { "type": "Polygon", "coordinates": [ [ [ -77.068125308226811, 38.952103795179639 ], [ -77.06671630712809, 38.949690794889243 ], [ -77.061641305506328, 38.94968679509676 ], [ -77.061634305832271, 38.951856795400623 ], [ -77.065171306562675, 38.951859795664674 ], [ -77.068125308226811, 38.952103795179639 ] ] ] } },
{ "type": "Feature", "properties": { "GEOCODE": "110010013031", "ward": 3.0, "neighborhood": "North Cleveland Park, Forest Hills, Van Ness" }, "geometry": { "type": "Polygon", "coordinates": [ [ [ -77.06428430621331, 38.945489793686782 ], [ -77.063561306445791, 38.94425979392912 ], [ -77.062186305607511, 38.944330793648199 ], [ -77.061497305890583, 38.944704794010924 ], [ -77.061248304858211, 38.944205793528731 ], [ -77.060489304692879, 38.944295794198716 ], [ -77.060514304562489, 38.943453793617117 ], [ -77.059855304876294, 38.94379679382881 ], [ -77.059415305152285, 38.944716794247306 ], [ -77.059409304553398, 38.945202794374602 ], [ -77.062931305895944, 38.94530579428023 ], [ -77.06428430621331, 38.945489793686782 ] ] ] } },
{ "type": "Feature", "properties": { "GEOCODE": "110010013032", "ward": 3.0, "neighborhood": "North Cleveland Park, Forest Hills, Van Ness" }, "geometry": { "type": "Polygon", "coordinates": [ [ [ -77.063561306445791, 38.94425979392912 ], [ -77.062923305362588, 38.94316179352338 ], [ -77.060521305517653, 38.943225793781842 ], [ -77.060489304692879, 38.944295794198716 ], [ -77.061248304858211, 38.944205793528731 ], [ -77.061497305890583, 38.944704794010924 ], [ -77.062186305607511, 38.944330793648199 ], [ -77.063561306445791, 38.94425979392912 ] ] ] } },
{ "type": "Feature", "properties": { "GEOCODE": "110010013033", "ward": 3.0, "neighborhood": "North Cleveland Park, Forest Hills, Van Ness" }, "geometry": { "type": "Polygon", "coordinates": [ [ [ -77.062923305362588, 38.94316179352338 ], [ -77.061656305682618, 38.940979792858364 ], [ -77.056393303704098, 38.940956793092887 ], [ -77.05501230275128, 38.940667793125826 ], [ -77.05307430222642, 38.940880793951266 ], [ -77.052698301989963, 38.940716793327411 ], [ -77.05154130206833, 38.939677793468363 ], [ -77.051210301607057, 38.940416793899011 ], [ -77.051359301815822, 38.941249793891316 ], [ -77.051269302215815, 38.941549793329102 ], [ -77.049657302206128, 38.943786794627137 ], [ -77.049851301958526, 38.944224794104862 ], [ -77.05089530209932, 38.945223794708262 ], [ -77.051553301940103, 38.94622779502825 ], [ -77.051681303023557, 38.946792794814698 ], [ -77.051449303060551, 38.948076795353877 ], [ -77.051661302706876, 38.948865794781767 ], [ -77.052804303530948, 38.948816795205019 ], [ -77.05498930415645, 38.948103794941183 ], [ -77.056714304019025, 38.947897794555715 ], [ -77.055990303775715, 38.945609794519498 ], [ -77.0553273039842, 38.944465793873995 ], [ -77.055206303742693, 38.944005794217091 ], [ -77.055264303721316, 38.943516794196768 ], [ -77.056076303825691, 38.942182794052172 ], [ -77.056517304264744, 38.942059793236155 ], [ -77.059934304461791, 38.942062793465645 ], [ -77.058336304405316, 38.942575793535774 ], [ -77.058420304623496, 38.943219793900766 ], [ -77.062923305362588, 38.94316179352338 ] ] ] } },
{ "type": "Feature", "properties": { "GEOCODE": "110010013034", "ward": 3.0, "neighborhood": "North Cleveland Park, Forest Hills, Van Ness" }, "geometry": { "type": "Polygon", "coordinates": [ [ [ -77.065680307034626, 38.947902794631887 ], [ -77.06428430621331, 38.945489793686782 ], [ -77.062931305895944, 38.94530579428023 ], [ -77.059409304553398, 38.945202794374602 ], [ -77.059415305152285, 38.944716794247306 ], [ -77.059855304876294, 38.94379679382881 ], [ -77.060514304562489, 38.943453793617117 ], [ -77.060521305517653, 38.943225793781842 ], [ -77.058420304623496, 38.943219793900766 ], [ -77.058336304405316, 38.942575793535774 ], [ -77.059934304461791, 38.942062793465645 ], [ -77.05629630311546, 38.942087794058871 ], [ -77.055909303038803, 38.942342793741446 ], [ -77.055264303721316, 38.943516794196768 ], [ -77.055286303547007, 38.944374794436158 ], [ -77.055990303775715, 38.945609794519498 ], [ -77.056714304019025, 38.947897794555715 ], [ -77.065680307034626, 38.947902794631887 ] ] ] } },
{ "type": "Feature", "properties": { "GEOCODE": "110010013041", "ward": 3.0, "neighborhood": "Cleveland Park, Woodley Park, Massachusetts Avenue Heights, Woodland-Normanstone Terrace" }, "geometry": { "type": "Polygon", "coordinates": [ [ [ -77.059245304267407, 38.936831792776943 ], [ -77.055718303147003, 38.930762791290995 ], [ -77.054575302744411, 38.930907791505774 ], [ -77.054969302676341, 38.931587791925921 ], [ -77.054584302628271, 38.932711792202063 ], [ -77.052961302059757, 38.933549791691227 ], [ -77.051792301972199, 38.933872792199708 ], [ -77.054144303023179, 38.935078792242862 ], [ -77.057614303224398, 38.936244792146688 ], [ -77.058496304055126, 38.936734792103358 ], [ -77.059245304267407, 38.936831792776943 ] ] ] } },
{ "type": "Feature", "properties": { "GEOCODE": "110010013042", "ward": 3.0, "neighborhood": "North Cleveland Park, Forest Hills, Van Ness" }, "geometry": { "type": "Polygon", "coordinates": [ [ [ -77.058633304461054, 38.940974793011847 ], [ -77.061656305682618, 38.940979792858364 ], [ -77.060333304776151, 38.938701792469054 ], [ -77.059309304255905, 38.93933079301528 ], [ -77.059765304534452, 38.939868792928486 ], [ -77.059707304977977, 38.940408793299518 ], [ -77.058572304084905, 38.94038279309239 ], [ -77.058761304356139, 38.940791793706836 ], [ -77.058633304461054, 38.940974793011847 ] ] ] } },
{ "type": "Feature", "properties": { "GEOCODE": "110010013043", "ward": 3.0, "neighborhood": "Cleveland Park, Woodley Park, Massachusetts Avenue Heights, Woodland-Normanstone Terrace" }, "geometry": { "type": "Polygon", "coordinates": [ [ [ -77.060264305113733, 38.93858379323899 ], [ -77.059245304267407, 38.936831792776943 ], [ -77.057698303986484, 38.937248792511774 ], [ -77.05606430329243, 38.936873792951488 ], [ -77.054518302959082, 38.936884792860305 ], [ -77.053785302743734, 38.936649792411984 ], [ -77.05323730217664, 38.937002793038545 ], [ -77.054129302705903, 38.937072793118539 ], [ -77.054488302244735, 38.93753779239001 ], [ -77.056076302790359, 38.937623793028862 ], [ -77.05708930344386, 38.938316793005242 ], [ -77.058631303769488, 38.938690792887733 ], [ -77.05927130392017, 38.938749792441591 ], [ -77.060264305113733, 38.93858379323899 ] ] ] } },
{ "type": "Feature", "properties": { "GEOCODE": "110010013044", "ward": 3.0, "neighborhood": "Rock Creek Park" }, "geometry": { "type": "Polygon", "coordinates": [ [ [ -77.060333304776151, 38.938701792469054 ], [ -77.060264305113733, 38.93858379323899 ], [ -77.05927130392017, 38.938749792441591 ], [ -77.058631303769488, 38.938690792887733 ], [ -77.05708930344386, 38.938316793005242 ], [ -77.056076302790359, 38.937623793028862 ], [ -77.054488302244735, 38.93753779239001 ], [ -77.054129302705903, 38.937072793118539 ], [ -77.05323730217664, 38.937002793038545 ], [ -77.053785302743734, 38.936649792411984 ], [ -77.054518302959082, 38.936884792860305 ], [ -77.05606430329243, 38.936873792951488 ], [ -77.057698303986484, 38.937248792511774 ], [ -77.059147304296147, 38.936824792514408 ], [ -77.058496304055126, 38.936734792103358 ], [ -77.057614303224398, 38.936244792146688 ], [ -77.053643302456379, 38.934872792559972 ], [ -77.050505301205234, 38.933231791991567 ], [ -77.049316300445668, 38.93383479236936 ], [ -77.048035300698857, 38.935061792998582 ], [ -77.047871300305289, 38.935392792908004 ], [ -77.047846301024123, 38.936900792801652 ], [ -77.048108300523751, 38.937204792847524 ], [ -77.048891300939985, 38.937324792698327 ], [ -77.050300301361531, 38.937194793298964 ], [ -77.051386301945854, 38.937441793290823 ], [ -77.051985302568355, 38.93772079288955 ], [ -77.052104302202892, 38.938156792899939 ], [ -77.05154130206833, 38.939677793468363 ], [ -77.052936302145966, 38.940849793231948 ], [ -77.055163303329337, 38.940670793788883 ], [ -77.05634730314037, 38.940952793074054 ], [ -77.058633304461054, 38.940974793011847 ], [ -77.058761304356139, 38.940791793706836 ], [ -77.058572304084905, 38.94038279309239 ], [ -77.059707304977977, 38.940408793299518 ], [ -77.059765304534452, 38.939868792928486 ], [ -77.059309304255905, 38.93933079301528 ], [ -77.060333304776151, 38.938701792469054 ] ] ] } },
{ "type": "Feature", "properties": { "GEOCODE": "110010014011", "ward": 3.0, "neighborhood": "Hawthorne, Barnaby Woods, Chevy Chase" }, "geometry": { "type": "Polygon", "coordinates": [ [ [ -77.075051311393224, 38.964006797647947 ], [ -77.073311309840307, 38.961024796534815 ], [ -77.06624030778606, 38.961020797185363 ], [ -77.062048307147776, 38.965820797830055 ], [ -77.068412308517551, 38.965817798011678 ], [ -77.067609308608482, 38.964007797341282 ], [ -77.075051311393224, 38.964006797647947 ] ] ] } },
{ "type": "Feature", "properties": { "GEOCODE": "110010014012", "ward": 3.0, "neighborhood": "Hawthorne, Barnaby Woods, Chevy Chase" }, "geometry": { "type": "Polygon", "coordinates": [ [ [ -77.077425311783784, 38.967311797902653 ], [ -77.07692731193174, 38.967070798300931 ], [ -77.076629310974852, 38.966723798022194 ], [ -77.075051311393224, 38.964006797647947 ], [ -77.067609308608482, 38.964007797341282 ], [ -77.070143310156141, 38.969704798641928 ], [ -77.071649309840851, 38.971793798637378 ], [ -77.077425311783784, 38.967311797902653 ] ] ] } },
{ "type": "Feature", "properties": { "GEOCODE": "110010014021", "ward": 4.0, "neighborhood": "Hawthorne, Barnaby Woods, Chevy Chase" }, "geometry": { "type": "Polygon", "coordinates": [ [ [ -77.066177307764093, 38.96104579744852 ], [ -77.056203304645308, 38.961020797298424 ], [ -77.056208304596538, 38.963714797638204 ], [ -77.059131305871972, 38.965887798423736 ], [ -77.062048307147776, 38.965820797830055 ], [ -77.066177307764093, 38.96104579744852 ] ] ] } },
{ "type": "Feature", "properties": { "GEOCODE": "110010014022", "ward": 4.0, "neighborhood": "Hawthorne, Barnaby Woods, Chevy Chase" }, "geometry": { "type": "Polygon", "coordinates": [ [ [ -77.070833309332983, 38.961020796541519 ], [ -77.070439309299445, 38.960325796879154 ], [ -77.068662308216943, 38.960368797298834 ], [ -77.067445307623828, 38.959325796794012 ], [ -77.06621030812434, 38.958657796827104 ], [ -77.063316307194853, 38.958026796366831 ], [ -77.060596305944813, 38.957809796350546 ], [ -77.059386305762416, 38.957589796714217 ], [ -77.058782304997109, 38.957366796974199 ], [ -77.058068304976459, 38.956719796389187 ], [ -77.057298305064108, 38.956852796887063 ], [ -77.056882304793263, 38.957864796635903 ], [ -77.056292305196976, 38.958343796639149 ], [ -77.056010305105957, 38.958831797064683 ], [ -77.056203305079833, 38.96001179748442 ], [ -77.056203304645308, 38.961020797298424 ], [ -77.070833309332983, 38.961020796541519 ] ] ] } },
{ "type": "Feature", "properties": { "GEOCODE": "110010014023", "ward": 3.0, "neighborhood": "Hawthorne, Barnaby Woods, Chevy Chase" }, "geometry": { "type": "Polygon", "coordinates": [ [ [ -77.073311309840307, 38.961024796534815 ], [ -77.071290309386299, 38.95753979639764 ], [ -77.069427308862132, 38.954343795717229 ], [ -77.068906308365101, 38.95569179608492 ], [ -77.068017308182618, 38.95706679631359 ], [ -77.067397308545338, 38.957671796462158 ], [ -77.066039307279937, 38.958625796196593 ], [ -77.067445307623828, 38.959325796794012 ], [ -77.068662308216943, 38.960368797298834 ], [ -77.070439309299445, 38.960325796879154 ], [ -77.070833309332983, 38.961020796541519 ], [ -77.073311309840307, 38.961024796534815 ] ] ] } },
{ "type": "Feature", "properties": { "GEOCODE": "110010008043", "ward": 3.0, "neighborhood": "Spring Valley, Palisades, Wesley Heights, Foxhall Crescent, Foxhall Village, Georgetown Reservoir" }, "geometry": { "type": "Polygon", "coordinates": [ [ [ -77.091071313657892, 38.933204790940906 ], [ -77.091053313505938, 38.930260790350744 ], [ -77.090237313558504, 38.927464789431006 ], [ -77.089708313378395, 38.92321578882769 ], [ -77.089298313232561, 38.92153978816809 ], [ -77.08876631211352, 38.920171787584763 ], [ -77.088748312585182, 38.919173787941659 ], [ -77.082583310248665, 38.919304788146938 ], [ -77.082627310419795, 38.921204788756988 ], [ -77.082002310404164, 38.924646788878682 ], [ -77.080570310450156, 38.930242790296816 ], [ -77.083997311337001, 38.930284790286251 ], [ -77.086654312145228, 38.934920790716518 ], [ -77.087071312267895, 38.935374791298855 ], [ -77.087730312798442, 38.9357887913553 ], [ -77.08821231266154, 38.935269790701547 ], [ -77.091071313657892, 38.933204790940906 ] ] ] } },
{ "type": "Feature", "properties": { "GEOCODE": "110010009021", "ward": 3.0, "neighborhood": "Spring Valley, Palisades, Wesley Heights, Foxhall Crescent, Foxhall Village, Georgetown Reservoir" }, "geometry": { "type": "Polygon", "coordinates": [ [ [ -77.104037317895703, 38.92736678883395 ], [ -77.101514316322948, 38.925090788429216 ], [ -77.100583316058206, 38.923988787949689 ], [ -77.099765315666303, 38.922459787762151 ], [ -77.099431315862731, 38.922077787771968 ], [ -77.09934631605212, 38.922220788018087 ], [ -77.098846315571677, 38.922273788231905 ], [ -77.097279314859961, 38.924391788892855 ], [ -77.096421314852392, 38.925960788790498 ], [ -77.095460315036931, 38.927083789377029 ], [ -77.095702315311399, 38.929095789540483 ], [ -77.096428315768819, 38.929770789500658 ], [ -77.096250315619486, 38.93043578954979 ], [ -77.095570315321794, 38.931012789624674 ], [ -77.095308315050602, 38.93151479005526 ], [ -77.0950573147977, 38.931713789918682 ], [ -77.094206314567842, 38.932010790283016 ], [ -77.093252314464422, 38.932610790036513 ], [ -77.09541931556744, 38.932353790442704 ], [ -77.097094315616332, 38.932556790606021 ], [ -77.101910317494486, 38.92831978931968 ], [ -77.103135316870762, 38.927674789180834 ], [ -77.104037317895703, 38.92736678883395 ] ] ] } },
{ "type": "Feature", "properties": { "GEOCODE": "110010009022", "ward": 3.0, "neighborhood": "Spring Valley, Palisades, Wesley Heights, Foxhall Crescent, Foxhall Village, Georgetown Reservoir" }, "geometry": { "type": "Polygon", "coordinates": [ [ [ -77.119753322400385, 38.934357789670699 ], [ -77.116468321248021, 38.929638788642933 ], [ -77.11634032109319, 38.9288767889038 ], [ -77.115959321421499, 38.928172788966442 ], [ -77.115150320731004, 38.927416788068939 ], [ -77.114905321267969, 38.927383788503363 ], [ -77.113408320839923, 38.925425788144146 ], [ -77.112758320617758, 38.924946787734598 ], [ -77.11266132027265, 38.924664788252457 ], [ -77.111419319804511, 38.923845787939221 ], [ -77.111275319675983, 38.923606788270035 ], [ -77.110911319262073, 38.923439787493002 ], [ -77.109844319288925, 38.922465787814964 ], [ -77.108515318292291, 38.921643787895796 ], [ -77.108136318009286, 38.921086787448864 ], [ -77.107671318233358, 38.920788787894317 ], [ -77.107478318106089, 38.92044078720108 ], [ -77.106977318619229, 38.919990787018349 ], [ -77.106803318319621, 38.920033787113482 ], [ -77.106870318149944, 38.919869787696221 ], [ -77.106277317509509, 38.919192787375579 ], [ -77.106123317800481, 38.918754787131412 ], [ -77.105736317828246, 38.918309787446375 ], [ -77.105589317581263, 38.917637786736371 ], [ -77.105296316903704, 38.917348787104288 ], [ -77.10516331706981, 38.91731278704593 ], [ -77.10324531719148, 38.918400786684103 ], [ -77.103083317141355, 38.918969787171463 ], [ -77.102453316728003, 38.919799787208269 ], [ -77.101976316246592, 38.920022787752821 ], [ -77.101826316197062, 38.919891787855661 ], [ -77.101114315920313, 38.920201787404487 ], [ -77.100633315801332, 38.91973878784917 ], [ -77.09977731551912, 38.920063787647223 ], [ -77.099696315723165, 38.920376787334284 ], [ -77.099183316192665, 38.920482788018766 ], [ -77.098946316006817, 38.920876788154239 ], [ -77.098581315842836, 38.921156788205892 ], [ -77.09968931636196, 38.922351787806605 ], [ -77.100583316058206, 38.923988787949689 ], [ -77.101514316322948, 38.925090788429216 ], [ -77.106685318158299, 38.92974978915457 ], [ -77.107193318549662, 38.930945789073114 ], [ -77.10975532010751, 38.933225789950107 ], [ -77.111764321111409, 38.935920790225602 ], [ -77.112094321106056, 38.936681790529008 ], [ -77.111980320773569, 38.93791379091482 ], [ -77.112063320703598, 38.939115791018025 ], [ -77.112581320614709, 38.940235790761371 ], [ -77.117209321998018, 38.936534790525826 ], [ -77.118863322217749, 38.935363789550486 ], [ -77.119753322400385, 38.934357789670699 ] ] ] } },
{ "type": "Feature", "properties": { "GEOCODE": "110010099021", "ward": 7.0, "neighborhood": "River Terrace, Benning, Greenway, Dupont Park" }, "geometry": { "type": "Polygon", "coordinates": [ [ [ -76.952212266660084, 38.866956782386794 ], [ -76.953003267014751, 38.866286781933574 ], [ -76.951326265897237, 38.86560178243321 ], [ -76.95054826641676, 38.866218782412574 ], [ -76.947774265425707, 38.869212782657456 ], [ -76.946473265480847, 38.869996782808236 ], [ -76.94496226467686, 38.870491783453645 ], [ -76.9438212641343, 38.868383782960073 ], [ -76.943702263900207, 38.866135782396213 ], [ -76.935015261981661, 38.87290278426569 ], [ -76.939896263898376, 38.875481784468846 ], [ -76.941432264367279, 38.876421784262696 ], [ -76.942983264850852, 38.877050784888162 ], [ -76.944466264520088, 38.878533785272474 ], [ -76.945142265503151, 38.879553784810753 ], [ -76.945774264940312, 38.880876785033429 ], [ -76.945937265634811, 38.880835785030619 ], [ -76.947125265844051, 38.880263785179153 ], [ -76.948210266216151, 38.879540784718898 ], [ -76.948783266616076, 38.87889678493719 ], [ -76.949134266453271, 38.878151784557744 ], [ -76.949209266510806, 38.877557784598935 ], [ -76.949121265777251, 38.876969784395143 ], [ -76.948229265630943, 38.875096783936954 ], [ -76.948083265338326, 38.874414784024438 ], [ -76.948682265396044, 38.872882783332884 ], [ -76.948536266256809, 38.871136783740837 ], [ -76.949292266344642, 38.869701783153026 ], [ -76.949554266205141, 38.86827978301973 ], [ -76.949844265753441, 38.867855782900882 ], [ -76.950297266033544, 38.867516782838962 ], [ -76.952212266660084, 38.866956782386794 ] ] ] } },
{ "type": "Feature", "properties": { "GEOCODE": "110010009031", "ward": 3.0, "neighborhood": "Spring Valley, Palisades, Wesley Heights, Foxhall Crescent, Foxhall Village, Georgetown Reservoir" }, "geometry": { "type": "Polygon", "coordinates": [ [ [ -77.093802315069908, 38.935740791094332 ], [ -77.093435315274846, 38.934976790623914 ], [ -77.092875314088161, 38.934604791199753 ], [ -77.091027313711677, 38.934565790560342 ], [ -77.090788314071034, 38.93446079095186 ], [ -77.089171312993855, 38.934547791295898 ], [ -77.088099312693828, 38.935367790810091 ], [ -77.086174312344113, 38.937606791272131 ], [ -77.085645312100823, 38.93762979182727 ], [ -77.0854493121019, 38.938008792001106 ], [ -77.085762312203158, 38.938277792042392 ], [ -77.086228313184108, 38.938176791341895 ], [ -77.090267314276247, 38.941106792566231 ], [ -77.090650314238502, 38.941187792437098 ], [ -77.093802315069908, 38.935740791094332 ] ] ] } },
{ "type": "Feature", "properties": { "GEOCODE": "110010009032", "ward": 3.0, "neighborhood": "Spring Valley, Palisades, Wesley Heights, Foxhall Crescent, Foxhall Village, Georgetown Reservoir" }, "geometry": { "type": "Polygon", "coordinates": [ [ [ -77.101038317475854, 38.935169790392003 ], [ -77.100155316447413, 38.934513790687703 ], [ -77.099552316445781, 38.933663789956974 ], [ -77.099113316498901, 38.93330079035222 ], [ -77.09660431587568, 38.932445789957981 ], [ -77.095284315165912, 38.932357790370936 ], [ -77.093252314464422, 38.932610790036513 ], [ -77.090843314157894, 38.933315790404244 ], [ -77.089171312993855, 38.934547791295898 ], [ -77.090788314071034, 38.93446079095186 ], [ -77.091027313711677, 38.934565790560342 ], [ -77.092875314088161, 38.934604791199753 ], [ -77.093435315274846, 38.934976790623914 ], [ -77.093802315069908, 38.935740791094332 ], [ -77.090769314215422, 38.94105779235273 ], [ -77.090650314238502, 38.941187792437098 ], [ -77.090267314276247, 38.941106792566231 ], [ -77.096765317042099, 38.945851792711345 ], [ -77.096758315816373, 38.938433791043273 ], [ -77.095970315902463, 38.935926791178382 ], [ -77.099002316350777, 38.935959791052341 ], [ -77.099878316483, 38.935692790866788 ], [ -77.100475316615146, 38.93566779100609 ], [ -77.101038317475854, 38.935169790392003 ] ] ] } },
{ "type": "Feature", "properties": { "GEOCODE": "110010098113", "ward": 8.0, "neighborhood": "Congress Heights, Bellevue, Washington Highlands" }, "geometry": { "type": "Polygon", "coordinates": [ [ [ -76.999660278292737, 38.824135771828637 ], [ -76.999609278474736, 38.823342771799844 ], [ -76.999280278860056, 38.82283877211799 ], [ -76.998041278648699, 38.823804771929119 ], [ -76.998023277806951, 38.824233772319701 ], [ -76.997229277645857, 38.82627777245186 ], [ -76.99489127751923, 38.829211772872085 ], [ -76.99849927896193, 38.829212773118506 ], [ -76.998544278726612, 38.826312772532965 ], [ -76.999660278292737, 38.824135771828637 ] ] ] } },
{ "type": "Feature", "properties": { "GEOCODE": "110010009041", "ward": 3.0, "neighborhood": "Spring Valley, Palisades, Wesley Heights, Foxhall Crescent, Foxhall Village, Georgetown Reservoir" }, "geometry": { "type": "Polygon", "coordinates": [ [ [ -77.102625318235823, 38.935689790512598 ], [ -77.111590320614695, 38.935697790074265 ], [ -77.109839320156894, 38.933317789495263 ], [ -77.107193318549662, 38.930945789073114 ], [ -77.106685318158299, 38.92974978915457 ], [ -77.104037317895703, 38.92736678883395 ], [ -77.103135316870762, 38.927674789180834 ], [ -77.101910317494486, 38.92831978931968 ], [ -77.097094315616332, 38.932556790606021 ], [ -77.099025316830947, 38.933248790604388 ], [ -77.099530316873455, 38.93363878991461 ], [ -77.100155316447413, 38.934513790687703 ], [ -77.100939317534738, 38.935112790287839 ], [ -77.102625318235823, 38.935689790512598 ] ] ] } },
{ "type": "Feature", "properties": { "GEOCODE": "110010099011", "ward": 7.0, "neighborhood": "Twining, Fairlawn, Randle Highlands, Penn Branch, Fort Davis Park, Fort Dupont" }, "geometry": { "type": "Polygon", "coordinates": [ [ [ -76.962020270354415, 38.877816784609543 ], [ -76.964922270662441, 38.876371784141277 ], [ -76.964767271358255, 38.876205783868137 ], [ -76.964774270276578, 38.871094782328292 ], [ -76.960385269057952, 38.86929878218816 ], [ -76.961404269853432, 38.877583784086539 ], [ -76.961764270079811, 38.877630783995585 ], [ -76.962020270354415, 38.877816784609543 ] ] ] } },
{ "type": "Feature", "properties": { "GEOCODE": "110010099012", "ward": 7.0, "neighborhood": "Twining, Fairlawn, Randle Highlands, Penn Branch, Fort Davis Park, Fort Dupont" }, "geometry": { "type": "Polygon", "coordinates": [ [ [ -76.962020270354415, 38.877816784609543 ], [ -76.961764270079811, 38.877630783995585 ], [ -76.961404269853432, 38.877583784086539 ], [ -76.960385269057952, 38.86929878218816 ], [ -76.953003267014751, 38.866286781933574 ], [ -76.95266726714992, 38.86668278222195 ], [ -76.952212266660084, 38.866956782386794 ], [ -76.95018326560448, 38.867581782206805 ], [ -76.949554266205141, 38.86827978301973 ], [ -76.949292266344642, 38.869701783153026 ], [ -76.948536266256809, 38.871136783740837 ], [ -76.948682265396044, 38.872882783332884 ], [ -76.948083265338326, 38.874414784024438 ], [ -76.948229265630943, 38.875096783936954 ], [ -76.949121265777251, 38.876969784395143 ], [ -76.949209266510806, 38.877557784598935 ], [ -76.949134266453271, 38.878151784557744 ], [ -76.948783266616076, 38.87889678493719 ], [ -76.948126266440894, 38.879609785071139 ], [ -76.946913265756422, 38.880379785578029 ], [ -76.945774264940312, 38.880876785033429 ], [ -76.946679265443279, 38.882837786035232 ], [ -76.94793326668092, 38.882860785362695 ], [ -76.953185267383262, 38.883627785514946 ], [ -76.957498269095368, 38.883637785326506 ], [ -76.961258270394922, 38.878384783936838 ], [ -76.962020270354415, 38.877816784609543 ] ] ] } },
{ "type": "Feature", "properties": { "GEOCODE": "110010009042", "ward": 3.0, "neighborhood": "Spring Valley, Palisades, Wesley Heights, Foxhall Crescent, Foxhall Village, Georgetown Reservoir" }, "geometry": { "type": "Polygon", "coordinates": [ [ [ -77.112581320614709, 38.940235790761371 ], [ -77.112047320764162, 38.93901279101879 ], [ -77.111980320773569, 38.93791379091482 ], [ -77.112080321163404, 38.936574790682577 ], [ -77.111590320614695, 38.935697790074265 ], [ -77.102979318212391, 38.935742790311082 ], [ -77.101038317475854, 38.935169790392003 ], [ -77.100475316615146, 38.93566779100609 ], [ -77.099878316483, 38.935692790866788 ], [ -77.099002316350777, 38.935959791052341 ], [ -77.095970315902463, 38.935926791178382 ], [ -77.096758315816373, 38.938433791043273 ], [ -77.096765317042099, 38.945851792711345 ], [ -77.100615318097354, 38.948658793529127 ], [ -77.100485317649756, 38.948904793657817 ], [ -77.100627317625651, 38.949171793238676 ], [ -77.10251731861743, 38.947912792771852 ], [ -77.112581320614709, 38.940235790761371 ] ] ] } },
{ "type": "Feature", "properties": { "GEOCODE": "110010010021", "ward": 3.0, "neighborhood": "Cathedral Heights, McLean Gardens, Glover Park" }, "geometry": { "type": "Polygon", "coordinates": [ [ [ -77.085636313044517, 38.93823379149589 ], [ -77.085444312693539, 38.937973792100827 ], [ -77.08558731267803, 38.937669791533828 ], [ -77.079767310037468, 38.933439790730255 ], [ -77.079296310219618, 38.939422791959977 ], [ -77.078759310210174, 38.942141792870125 ], [ -77.0792063106, 38.943170792731671 ], [ -77.081422311108341, 38.9431677928062 ], [ -77.085636313044517, 38.93823379149589 ] ] ] } },
{ "type": "Feature", "properties": { "GEOCODE": "110010099022", "ward": 7.0, "neighborhood": "Twining, Fairlawn, Randle Highlands, Penn Branch, Fort Davis Park, Fort Dupont" }, "geometry": { "type": "Polygon", "coordinates": [ [ [ -76.947774265425707, 38.869212782657456 ], [ -76.951326265897237, 38.86560178243321 ], [ -76.946811265096287, 38.86370978148949 ], [ -76.943702263900207, 38.866135782396213 ], [ -76.9438212641343, 38.868383782960073 ], [ -76.94496226467686, 38.870491783453645 ], [ -76.946473265480847, 38.869996782808236 ], [ -76.947774265425707, 38.869212782657456 ] ] ] } },
{ "type": "Feature", "properties": { "GEOCODE": "110010010022", "ward": 3.0, "neighborhood": "Cathedral Heights, McLean Gardens, Glover Park" }, "geometry": { "type": "Polygon", "coordinates": [ [ [ -77.079104310707606, 38.945931793401343 ], [ -77.081422311108341, 38.9431677928062 ], [ -77.0792063106, 38.943170792731671 ], [ -77.078759310210174, 38.942141792870125 ], [ -77.079296310219618, 38.939422791959977 ], [ -77.079767310037468, 38.933439790730255 ], [ -77.077050309007646, 38.933495791250692 ], [ -77.077083310233718, 38.935330791221872 ], [ -77.078041310772505, 38.938927791958989 ], [ -77.076543310075778, 38.939084791851407 ], [ -77.075039309215327, 38.939552792369376 ], [ -77.078498311329909, 38.945810793627189 ], [ -77.079104310707606, 38.945931793401343 ] ] ] } },
{ "type": "Feature", "properties": { "GEOCODE": "110010010023", "ward": 3.0, "neighborhood": "Cathedral Heights, McLean Gardens, Glover Park" }, "geometry": { "type": "Polygon", "coordinates": [ [ [ -77.077980310005586, 38.938937792246712 ], [ -77.077832310086819, 38.937885791766846 ], [ -77.076923310137772, 38.937629792088366 ], [ -77.075518309154248, 38.936889791733833 ], [ -77.074749308847629, 38.936782791794904 ], [ -77.073795308597724, 38.937294792087854 ], [ -77.075039309215327, 38.939552792369376 ], [ -77.076543310075778, 38.939084791851407 ], [ -77.077980310005586, 38.938937792246712 ] ] ] } },
{ "type": "Feature", "properties": { "GEOCODE": "110010010024", "ward": 3.0, "neighborhood": "Cathedral Heights, McLean Gardens, Glover Park" }, "geometry": { "type": "Polygon", "coordinates": [ [ [ -77.077781309602315, 38.937890791992771 ], [ -77.077083310233718, 38.935330791221872 ], [ -77.077050309007646, 38.933495791250692 ], [ -77.072417308412099, 38.933491791194839 ], [ -77.072526308518206, 38.934707791838136 ], [ -77.073795308597724, 38.937294792087854 ], [ -77.074707309552224, 38.936793791659937 ], [ -77.075299309483881, 38.936823792270921 ], [ -77.076923310137772, 38.937629792088366 ], [ -77.077781309602315, 38.937890791992771 ] ] ] } },
{ "type": "Feature", "properties": { "GEOCODE": "110010010031", "ward": 3.0, "neighborhood": "Friendship Heights, American University Park, Tenleytown" }, "geometry": { "type": "Polygon", "coordinates": [ [ [ -77.100627317625651, 38.949171793238676 ], [ -77.100485317649756, 38.948904793657817 ], [ -77.100615318097354, 38.948658793529127 ], [ -77.099593317208587, 38.947916793285238 ], [ -77.08863731422565, 38.947908793548102 ], [ -77.088636314627422, 38.95104879381897 ], [ -77.098169316656481, 38.95107279372565 ], [ -77.100627317625651, 38.949171793238676 ] ] ] } },
{ "type": "Feature", "properties": { "GEOCODE": "110010010032", "ward": 3.0, "neighborhood": "Friendship Heights, American University Park, Tenleytown" }, "geometry": { "type": "Polygon", "coordinates": [ [ [ -77.098169316656481, 38.95107279372565 ], [ -77.088636314627422, 38.95104879381897 ], [ -77.088666314488449, 38.954709794541095 ], [ -77.091241315400381, 38.956477795289132 ], [ -77.098169316656481, 38.95107279372565 ] ] ] } },
{ "type": "Feature", "properties": { "GEOCODE": "110010010033", "ward": 3.0, "neighborhood": "Friendship Heights, American University Park, Tenleytown" }, "geometry": { "type": "Polygon", "coordinates": [ [ [ -77.08863731422565, 38.947908793548102 ], [ -77.099593317208587, 38.947916793285238 ], [ -77.093094314883132, 38.94317179237094 ], [ -77.088636314155551, 38.943170792335145 ], [ -77.08863731422565, 38.947908793548102 ] ] ] } },
{ "type": "Feature", "properties": { "GEOCODE": "110010010041", "ward": 3.0, "neighborhood": "Friendship Heights, American University Park, Tenleytown" }, "geometry": { "type": "Polygon", "coordinates": [ [ [ -77.091241315400381, 38.956477795289132 ], [ -77.088666314488449, 38.954709794541095 ], [ -77.082634312842643, 38.954707795225559 ], [ -77.085733313551387, 38.960784796012788 ], [ -77.091241315400381, 38.956477795289132 ] ] ] } },
{ "type": "Feature", "properties": { "GEOCODE": "110010010042", "ward": 3.0, "neighborhood": "Friendship Heights, American University Park, Tenleytown" }, "geometry": { "type": "Polygon", "coordinates": [ [ [ -77.088666314488449, 38.954709794541095 ], [ -77.08863731422565, 38.947908793548102 ], [ -77.079676310878412, 38.947916794007249 ], [ -77.080213311480179, 38.948897794463257 ], [ -77.080793311326005, 38.951118794488323 ], [ -77.082634312842643, 38.954707795225559 ], [ -77.088666314488449, 38.954709794541095 ] ] ] } },
{ "type": "Feature", "properties": { "GEOCODE": "110010010043", "ward": 3.0, "neighborhood": "Friendship Heights, American University Park, Tenleytown" }, "geometry": { "type": "Polygon", "coordinates": [ [ [ -77.088636314155551, 38.943170792335145 ], [ -77.093094314883132, 38.94317179237094 ], [ -77.086228313184108, 38.938176791341895 ], [ -77.085636313044517, 38.93823379149589 ], [ -77.079104310707606, 38.945931793401343 ], [ -77.078498311329909, 38.945810793627189 ], [ -77.079676310878412, 38.947916794007249 ], [ -77.08863731422565, 38.947908793548102 ], [ -77.088636314155551, 38.943170792335145 ] ] ] } },
{ "type": "Feature", "properties": { "GEOCODE": "110010011001", "ward": 3.0, "neighborhood": "Hawthorne, Barnaby Woods, Chevy Chase" }, "geometry": { "type": "Polygon", "coordinates": [ [ [ -77.082022312954152, 38.96208279640998 ], [ -77.082023312967365, 38.961025796276232 ], [ -77.080093312175862, 38.961027796388812 ], [ -77.079390312362349, 38.959932796522111 ], [ -77.078156311161933, 38.959032796230403 ], [ -77.072156309828387, 38.959033796560597 ], [ -77.076629310974852, 38.966723798022194 ], [ -77.07692731193174, 38.967070798300931 ], [ -77.077425311783784, 38.967311797902653 ], [ -77.080362312501165, 38.964961797665929 ], [ -77.080288312552739, 38.962082796451945 ], [ -77.082022312954152, 38.96208279640998 ] ] ] } },
{ "type": "Feature", "properties": { "GEOCODE": "110010011002", "ward": 3.0, "neighborhood": "Friendship Heights, American University Park, Tenleytown" }, "geometry": { "type": "Polygon", "coordinates": [ [ [ -77.085733313551387, 38.960784796012788 ], [ -77.082634312842643, 38.954707795225559 ], [ -77.077147310456098, 38.954705795652444 ], [ -77.077147310777633, 38.959034795979292 ], [ -77.078156311161933, 38.959032796230403 ], [ -77.078638312228989, 38.959304796440136 ], [ -77.079538311836259, 38.960099796491455 ], [ -77.080093312175862, 38.961027796388812 ], [ -77.082023312967365, 38.961025796276232 ], [ -77.082022312954152, 38.96208279640998 ], [ -77.080288312552739, 38.962082796451945 ], [ -77.080362312501165, 38.964961797665929 ], [ -77.085733313551387, 38.960784796012788 ] ] ] } },
{ "type": "Feature", "properties": { "GEOCODE": "110010011003", "ward": 3.0, "neighborhood": "Hawthorne, Barnaby Woods, Chevy Chase" }, "geometry": { "type": "Polygon", "coordinates": [ [ [ -77.077147310777633, 38.959034795979292 ], [ -77.077146310823665, 38.958366796023704 ], [ -77.076836310526588, 38.958367796492233 ], [ -77.07603531130377, 38.957966796560875 ], [ -77.074631310588117, 38.957059795911178 ], [ -77.073529309546075, 38.955955795888599 ], [ -77.072728309701489, 38.954699795529386 ], [ -77.069632309138186, 38.954698796050671 ], [ -77.072156309828387, 38.959033796560597 ], [ -77.077147310777633, 38.959034795979292 ] ] ] } },
{ "type": "Feature", "properties": { "GEOCODE": "110010011004", "ward": 3.0, "neighborhood": "Friendship Heights, American University Park, Tenleytown" }, "geometry": { "type": "Polygon", "coordinates": [ [ [ -77.082634312842643, 38.954707795225559 ], [ -77.080769312031549, 38.951061794979026 ], [ -77.080183311768664, 38.948819794316506 ], [ -77.07889031146766, 38.946511793290675 ], [ -77.078537310783375, 38.94656979391393 ], [ -77.07828431055944, 38.946835793610688 ], [ -77.073731310099674, 38.952158794627479 ], [ -77.069846308662719, 38.952102794945375 ], [ -77.069839307996176, 38.953311795087181 ], [ -77.069427308862132, 38.954343795717229 ], [ -77.069632309138186, 38.954698796050671 ], [ -77.072728309701489, 38.954699795529386 ], [ -77.073432309407664, 38.955830795959677 ], [ -77.074267309726551, 38.956746795842008 ], [ -77.075458310106896, 38.95764079641782 ], [ -77.076836310526588, 38.958367796492233 ], [ -77.077146310823665, 38.958366796023704 ], [ -77.077147310456098, 38.954705795652444 ], [ -77.082634312842643, 38.954707795225559 ] ] ] } },
{ "type": "Feature", "properties": { "GEOCODE": "110010012001", "ward": 3.0, "neighborhood": "North Cleveland Park, Forest Hills, Van Ness" }, "geometry": { "type": "Polygon", "coordinates": [ [ [ -77.075804310499095, 38.949742794620654 ], [ -77.075646309835363, 38.949695794473911 ], [ -77.06671630712809, 38.949690794889243 ], [ -77.069427308862132, 38.954343795717229 ], [ -77.069839307996176, 38.953311795087181 ], [ -77.069846308662719, 38.952102794945375 ], [ -77.073731310099674, 38.952158794627479 ], [ -77.075804310499095, 38.949742794620654 ] ] ] } },
{ "type": "Feature", "properties": { "GEOCODE": "110010012002", "ward": 3.0, "neighborhood": "North Cleveland Park, Forest Hills, Van Ness" }, "geometry": { "type": "Polygon", "coordinates": [ [ [ -77.077367310469228, 38.947910794216781 ], [ -77.073337309111579, 38.947902794557621 ], [ -77.065680307034626, 38.947902794631887 ], [ -77.06671630712809, 38.949690794889243 ], [ -77.075804310499095, 38.949742794620654 ], [ -77.077367310469228, 38.947910794216781 ] ] ] } },
{ "type": "Feature", "properties": { "GEOCODE": "110010012003", "ward": 3.0, "neighborhood": "North Cleveland Park, Forest Hills, Van Ness" }, "geometry": { "type": "Polygon", "coordinates": [ [ [ -77.07848431074072, 38.946706794183235 ], [ -77.078422311005014, 38.94629079352611 ], [ -77.067278307198222, 38.946227794524283 ], [ -77.06619530696392, 38.946263793752493 ], [ -77.065008306828872, 38.946743794314536 ], [ -77.065680307034626, 38.947902794631887 ], [ -77.077211310936818, 38.947911793680952 ], [ -77.077367310469228, 38.947910794216781 ], [ -77.07848431074072, 38.946706794183235 ] ] ] } },
{ "type": "Feature", "properties": { "GEOCODE": "110010021015", "ward": 4.0, "neighborhood": "Brightwood Park, Crestwood, Petworth" }, "geometry": { "type": "Polygon", "coordinates": [ [ [ -77.028177296282593, 38.957287798069679 ], [ -77.02788329529308, 38.955155797646924 ], [ -77.023986294548976, 38.955263797492201 ], [ -77.024090294017583, 38.95740479755996 ], [ -77.028177296282593, 38.957287798069679 ] ] ] } },
{ "type": "Feature", "properties": { "GEOCODE": "110010021021", "ward": 4.0, "neighborhood": "Takoma, Brightwood, Manor Park" }, "geometry": { "type": "Polygon", "coordinates": [ [ [ -77.019899293219353, 38.958740798771181 ], [ -77.019939293093159, 38.957527797938972 ], [ -77.017876292857977, 38.957667798408309 ], [ -77.009051290415499, 38.957667798669007 ], [ -77.009053290451121, 38.959615798922513 ], [ -77.009253290591829, 38.960191799252826 ], [ -77.012328291220484, 38.960205798903715 ], [ -77.013424290820893, 38.958740798253949 ], [ -77.019899293219353, 38.958740798771181 ] ] ] } },
{ "type": "Feature", "properties": { "GEOCODE": "110010021022", "ward": 4.0, "neighborhood": "Lamont Riggs, Queens Chapel, Fort Totten, Pleasant Hill" }, "geometry": { "type": "Polygon", "coordinates": [ [ [ -77.012431290451616, 38.952315797083259 ], [ -77.009009289650137, 38.952414797450444 ], [ -77.009051290415499, 38.957667798669007 ], [ -77.011617290932776, 38.95766879874531 ], [ -77.011530290849862, 38.953659797351953 ], [ -77.012431290451616, 38.952315797083259 ] ] ] } },
{ "type": "Feature", "properties": { "GEOCODE": "110010021023", "ward": 4.0, "neighborhood": "Brightwood Park, Crestwood, Petworth" }, "geometry": { "type": "Polygon", "coordinates": [ [ [ -77.013651291550673, 38.957668798717563 ], [ -77.013460290684293, 38.952283797441041 ], [ -77.012431290451616, 38.952315797083259 ], [ -77.011530290849862, 38.953659797351953 ], [ -77.011617290932776, 38.95766879874531 ], [ -77.013651291550673, 38.957668798717563 ] ] ] } },
{ "type": "Feature", "properties": { "GEOCODE": "110010021024", "ward": 4.0, "neighborhood": "Brightwood Park, Crestwood, Petworth" }, "geometry": { "type": "Polygon", "coordinates": [ [ [ -77.016167292023795, 38.957669798450418 ], [ -77.015893292025737, 38.952211796924388 ], [ -77.013460290684293, 38.952283797441041 ], [ -77.013651291550673, 38.957668798717563 ], [ -77.016167292023795, 38.957669798450418 ] ] ] } },
{ "type": "Feature", "properties": { "GEOCODE": "110010021025", "ward": 4.0, "neighborhood": "Brightwood Park, Crestwood, Petworth" }, "geometry": { "type": "Polygon", "coordinates": [ [ [ -77.019790293406913, 38.954316797120001 ], [ -77.01968329269495, 38.952090796708077 ], [ -77.015893292025737, 38.952211796924388 ], [ -77.015999291337394, 38.954429797925641 ], [ -77.019790293406913, 38.954316797120001 ] ] ] } },
{ "type": "Feature", "properties": { "GEOCODE": "110010021026", "ward": 4.0, "neighborhood": "Brightwood Park, Crestwood, Petworth" }, "geometry": { "type": "Polygon", "coordinates": [ [ [ -77.019939293093159, 38.957527797938972 ], [ -77.019790293406913, 38.954316797120001 ], [ -77.015999291337394, 38.954429797925641 ], [ -77.016167292023795, 38.957669798450418 ], [ -77.019939293093159, 38.957527797938972 ] ] ] } },
{ "type": "Feature", "properties": { "GEOCODE": "110010022011", "ward": 4.0, "neighborhood": "Brightwood Park, Crestwood, Petworth" }, "geometry": { "type": "Polygon", "coordinates": [ [ [ -77.023831293728449, 38.951973797242147 ], [ -77.023657294198074, 38.948355796274605 ], [ -77.019515292404634, 38.948477796389007 ], [ -77.01968329269495, 38.952090796708077 ], [ -77.023831293728449, 38.951973797242147 ] ] ] } },
{ "type": "Feature", "properties": { "GEOCODE": "110010022012", "ward": 4.0, "neighborhood": "Brightwood Park, Crestwood, Petworth" }, "geometry": { "type": "Polygon", "coordinates": [ [ [ -77.02703729534187, 38.948998795869969 ], [ -77.026602294575795, 38.946132795823146 ], [ -77.019415292150214, 38.946342795513601 ], [ -77.019515292404634, 38.948477796389007 ], [ -77.023657294198074, 38.948355796274605 ], [ -77.023693294236168, 38.949093796721783 ], [ -77.02703729534187, 38.948998795869969 ] ] ] } },
{ "type": "Feature", "properties": { "GEOCODE": "110010022013", "ward": 4.0, "neighborhood": "Brightwood Park, Crestwood, Petworth" }, "geometry": { "type": "Polygon", "coordinates": [ [ [ -77.027431295080277, 38.951875796938246 ], [ -77.02703729534187, 38.948998795869969 ], [ -77.023693294236168, 38.949093796721783 ], [ -77.023831293728449, 38.951973797242147 ], [ -77.027431295080277, 38.951875796938246 ] ] ] } },
{ "type": "Feature", "properties": { "GEOCODE": "110010022021", "ward": 4.0, "neighborhood": "Lamont Riggs, Queens Chapel, Fort Totten, Pleasant Hill" }, "geometry": { "type": "Polygon", "coordinates": [ [ [ -77.01681329176759, 38.946416796420301 ], [ -77.016073291629993, 38.946437796134113 ], [ -77.015675291768645, 38.945736795864477 ], [ -77.013513290565299, 38.944899796222977 ], [ -77.012620290126222, 38.944395795998339 ], [ -77.011542289447902, 38.944336795955678 ], [ -77.009206288674434, 38.94569879655166 ], [ -77.00879928955186, 38.94620779590911 ], [ -77.008653289339676, 38.946690796682546 ], [ -77.009009289650137, 38.952414797450444 ], [ -77.015893292025737, 38.952211796924388 ], [ -77.015712290961702, 38.948593796129032 ], [ -77.015218291547015, 38.948565796196341 ], [ -77.01681329176759, 38.946416796420301 ] ] ] } },
{ "type": "Feature", "properties": { "GEOCODE": "110010022022", "ward": 4.0, "neighborhood": "Brightwood Park, Crestwood, Petworth" }, "geometry": { "type": "Polygon", "coordinates": [ [ [ -77.019548292575152, 38.949218796542837 ], [ -77.019415292150214, 38.946342795513601 ], [ -77.01681329176759, 38.946416796420301 ], [ -77.015218291547015, 38.948565796196341 ], [ -77.015712290961702, 38.948593796129032 ], [ -77.015750291145139, 38.949331796903721 ], [ -77.019548292575152, 38.949218796542837 ] ] ] } },
{ "type": "Feature", "properties": { "GEOCODE": "110010022023", "ward": 4.0, "neighborhood": "Brightwood Park, Crestwood, Petworth" }, "geometry": { "type": "Polygon", "coordinates": [ [ [ -77.01968329269495, 38.952090796708077 ], [ -77.019548292575152, 38.949218796542837 ], [ -77.015750291145139, 38.949331796903721 ], [ -77.015893292025737, 38.952211796924388 ], [ -77.01968329269495, 38.952090796708077 ] ] ] } },
{ "type": "Feature", "properties": { "GEOCODE": "110010023011", "ward": 4.0, "neighborhood": "Brightwood Park, Crestwood, Petworth" }, "geometry": { "type": "Polygon", "coordinates": [ [ [ -77.019956291901948, 38.943108795631638 ], [ -77.019747292012852, 38.942725795088599 ], [ -77.019226292445069, 38.942578795505497 ], [ -77.019035291648294, 38.937405794254907 ], [ -77.017513291375465, 38.937831794118161 ], [ -77.016461290528326, 38.938700794538576 ], [ -77.016986291773151, 38.939490794653928 ], [ -77.017335291548221, 38.946402796066515 ], [ -77.019415292150214, 38.946342795513601 ], [ -77.019277292293097, 38.943682795181637 ], [ -77.019752292726636, 38.943521795430833 ], [ -77.019956291901948, 38.943108795631638 ] ] ] } },
{ "type": "Feature", "properties": { "GEOCODE": "110010023012", "ward": 4.0, "neighborhood": "Brightwood Park, Crestwood, Petworth" }, "geometry": { "type": "Polygon", "coordinates": [ [ [ -77.017335291548221, 38.946402796066515 ], [ -77.016986291773151, 38.939490794653928 ], [ -77.016461290528326, 38.938700794538576 ], [ -77.015224290671853, 38.93981279481207 ], [ -77.014252290225414, 38.941237795085279 ], [ -77.012720290298304, 38.942708795048787 ], [ -77.01216529014134, 38.94380879582846 ], [ -77.011542289447902, 38.944336795955678 ], [ -77.012620290126222, 38.944395795998339 ], [ -77.013513290565299, 38.944899796222977 ], [ -77.015675291768645, 38.945736795864477 ], [ -77.016073291629993, 38.946437796134113 ], [ -77.017335291548221, 38.946402796066515 ] ] ] } },
{ "type": "Feature", "properties": { "GEOCODE": "110010015002", "ward": 4.0, "neighborhood": "Hawthorne, Barnaby Woods, Chevy Chase" }, "geometry": { "type": "Polygon", "coordinates": [ [ [ -77.070184309136266, 38.969770799063618 ], [ -77.068412308517551, 38.965817798011678 ], [ -77.059131305871972, 38.965887798423736 ], [ -77.060900306574297, 38.967099798928722 ], [ -77.061199306512634, 38.967701798213177 ], [ -77.061550307108192, 38.969107799310571 ], [ -77.061991307559452, 38.969773798941191 ], [ -77.070184309136266, 38.969770799063618 ] ] ] } },
{ "type": "Feature", "properties": { "GEOCODE": "110010015003", "ward": 4.0, "neighborhood": "Hawthorne, Barnaby Woods, Chevy Chase" }, "geometry": { "type": "Polygon", "coordinates": [ [ [ -77.064190307588831, 38.972845799873149 ], [ -77.061991307559452, 38.969773798941191 ], [ -77.053695304989645, 38.969760799587625 ], [ -77.053221304743573, 38.972838800320424 ], [ -77.064190307588831, 38.972845799873149 ] ] ] } },
{ "type": "Feature", "properties": { "GEOCODE": "110010099032", "ward": 7.0, "neighborhood": "Capitol View, Marshall Heights, Benning Heights" }, "geometry": { "type": "Polygon", "coordinates": [ [ [ -76.930056261474292, 38.889827788019225 ], [ -76.929831261104169, 38.889379787973517 ], [ -76.92711425994483, 38.888469787581634 ], [ -76.924205258693107, 38.886738787860068 ], [ -76.923307258719817, 38.886482786961352 ], [ -76.921609258100901, 38.886383787226379 ], [ -76.91981925764, 38.886021787240935 ], [ -76.920709257733577, 38.889824788208472 ], [ -76.930056261474292, 38.889827788019225 ] ] ] } },
{ "type": "Feature", "properties": { "GEOCODE": "110010015004", "ward": 4.0, "neighborhood": "Hawthorne, Barnaby Woods, Chevy Chase" }, "geometry": { "type": "Polygon", "coordinates": [ [ [ -77.066728308661823, 38.975619800295966 ], [ -77.066408309014022, 38.975477800101658 ], [ -77.066102308865098, 38.975535800015486 ], [ -77.064190307588831, 38.972845799873149 ], [ -77.053221304743573, 38.972838800320424 ], [ -77.052548304506232, 38.977099800755155 ], [ -77.053600304387217, 38.977298800650118 ], [ -77.055222305582149, 38.978259801366228 ], [ -77.056908306015202, 38.978753800593758 ], [ -77.058323306149902, 38.978852801138032 ], [ -77.062673308360914, 38.978800801163068 ], [ -77.066728308661823, 38.975619800295966 ] ] ] } },
{ "type": "Feature", "properties": { "GEOCODE": "110010015005", "ward": 4.0, "neighborhood": "Hawthorne, Barnaby Woods, Chevy Chase" }, "geometry": { "type": "Polygon", "coordinates": [ [ [ -77.071649309840851, 38.971793798637378 ], [ -77.070184309136266, 38.969770799063618 ], [ -77.061991307559452, 38.969773798941191 ], [ -77.066102308865098, 38.975535800015486 ], [ -77.066408309014022, 38.975477800101658 ], [ -77.066728308661823, 38.975619800295966 ], [ -77.071649309840851, 38.971793798637378 ] ] ] } },
{ "type": "Feature", "properties": { "GEOCODE": "110010016001", "ward": 4.0, "neighborhood": "Colonial Village, Shepherd Park, North Portal Estates" }, "geometry": { "type": "Polygon", "coordinates": [ [ [ -77.036512300604372, 38.992374804150941 ], [ -77.036325300270605, 38.990678804438616 ], [ -77.036343299959114, 38.98322080242373 ], [ -77.028725297902724, 38.983219802943765 ], [ -77.027961297043547, 38.982788802567391 ], [ -77.026916297011908, 38.983759802909645 ], [ -77.02659829743186, 38.984519803292464 ], [ -77.026872296773078, 38.984782803034882 ], [ -77.036512300604372, 38.992374804150941 ] ] ] } },
{ "type": "Feature", "properties": { "GEOCODE": "110010016002", "ward": 4.0, "neighborhood": "Colonial Village, Shepherd Park, North Portal Estates" }, "geometry": { "type": "Polygon", "coordinates": [ [ [ -77.032969299117639, 38.978031801662908 ], [ -77.026435297001683, 38.977989801926832 ], [ -77.02659829743186, 38.984519803292464 ], [ -77.026710296694958, 38.984046803243942 ], [ -77.026948296721571, 38.983726802949853 ], [ -77.032969299117639, 38.978031801662908 ] ] ] } },
{ "type": "Feature", "properties": { "GEOCODE": "110010016003", "ward": 4.0, "neighborhood": "Colonial Village, Shepherd Park, North Portal Estates" }, "geometry": { "type": "Polygon", "coordinates": [ [ [ -77.036343299959114, 38.98322080242373 ], [ -77.036366299774514, 38.974871801295549 ], [ -77.027961297043547, 38.982788802567391 ], [ -77.028725297902724, 38.983219802943765 ], [ -77.036343299959114, 38.98322080242373 ] ] ] } },
{ "type": "Feature", "properties": { "GEOCODE": "110010016004", "ward": 4.0, "neighborhood": "Colonial Village, Shepherd Park, North Portal Estates" }, "geometry": { "type": "Polygon", "coordinates": [ [ [ -77.051625305140206, 38.987152802484374 ], [ -77.051772305088406, 38.986956802617151 ], [ -77.0500433049246, 38.98607480264841 ], [ -77.048989304524056, 38.98563980265952 ], [ -77.04758930373734, 38.985367802940914 ], [ -77.045760302926055, 38.984158802549231 ], [ -77.044984302504389, 38.983916802392251 ], [ -77.044346302576258, 38.983876802733711 ], [ -77.043394302139646, 38.984049802287309 ], [ -77.04238030175992, 38.9839868022123 ], [ -77.041611301907125, 38.983222802310301 ], [ -77.040892300942772, 38.983185802426739 ], [ -77.039961301368407, 38.982473802090645 ], [ -77.039859300846359, 38.982170802211492 ], [ -77.039945301506677, 38.981654801858966 ], [ -77.04036030116221, 38.981266802333586 ], [ -77.040397301528003, 38.981040802115459 ], [ -77.041204300894989, 38.980533801792895 ], [ -77.041697301901777, 38.980490801971037 ], [ -77.041861301039489, 38.9800638022652 ], [ -77.042395302043417, 38.980003801609477 ], [ -77.043560302054743, 38.980670801727783 ], [ -77.044372301950858, 38.980274802183736 ], [ -77.044602302073841, 38.979989801707809 ], [ -77.044128301846825, 38.979527801979089 ], [ -77.043802301742488, 38.978311801485859 ], [ -77.042555301869882, 38.977909801341951 ], [ -77.041235301644178, 38.977025801354493 ], [ -77.040591300327975, 38.976830801220309 ], [ -77.03984230075352, 38.976359801376745 ], [ -77.039648300695276, 38.975656801037886 ], [ -77.039987300529631, 38.974884800846326 ], [ -77.039469300201333, 38.974368800564726 ], [ -77.039398300771083, 38.974077800901597 ], [ -77.039891300039571, 38.972841800282879 ], [ -77.037714300156935, 38.973251801046153 ], [ -77.037456299366994, 38.972992800804541 ], [ -77.037976299793442, 38.972500800494956 ], [ -77.037874300300771, 38.972141800372682 ], [ -77.037218299917996, 38.971992800355196 ], [ -77.036373299132563, 38.972276800503728 ], [ -77.036325300270605, 38.990678804438616 ], [ -77.036503300382506, 38.99242880481448 ], [ -77.04088430250016, 38.995852805426409 ], [ -77.042558302511878, 38.994294804883083 ], [ -77.051771305212753, 38.98725180304573 ], [ -77.051625305140206, 38.987152802484374 ] ] ] } },
{ "type": "Feature", "properties": { "GEOCODE": "110010017021", "ward": 4.0, "neighborhood": "Takoma, Brightwood, Manor Park" }, "geometry": { "type": "Polygon", "coordinates": [ [ [ -77.020140294623715, 38.977111802086419 ], [ -77.025408296299503, 38.969931800511517 ], [ -77.014773291948742, 38.969943800844845 ], [ -77.019269294831957, 38.977956802551489 ], [ -77.020140294623715, 38.977111802086419 ] ] ] } },
{ "type": "Feature", "properties": { "GEOCODE": "110010017022", "ward": 4.0, "neighborhood": "Lamont Riggs, Queens Chapel, Fort Totten, Pleasant Hill" }, "geometry": { "type": "Polygon", "coordinates": [ [ [ -77.019269294831957, 38.977956802551489 ], [ -77.014773291948742, 38.969943800844845 ], [ -77.012928291567135, 38.966998800326913 ], [ -77.011351291437734, 38.965399800152483 ], [ -77.009564290746283, 38.963912799674937 ], [ -77.008929290229517, 38.96476579973644 ], [ -77.009187290471701, 38.964990800422534 ], [ -77.009041290193878, 38.965755800417199 ], [ -77.009046290981516, 38.969880801348069 ], [ -77.008522290508594, 38.970402801589898 ], [ -77.010921291628861, 38.972450801603856 ], [ -77.018571293740848, 38.978362802725407 ], [ -77.019269294831957, 38.977956802551489 ] ] ] } },
{ "type": "Feature", "properties": { "GEOCODE": "110010018031", "ward": 4.0, "neighborhood": "Rock Creek Park" }, "geometry": { "type": "Polygon", "coordinates": [ [ [ -77.047633302206421, 38.964774798632284 ], [ -77.046175301944146, 38.963020798369833 ], [ -77.044692301171452, 38.962278798055884 ], [ -77.043523300729689, 38.961372797673057 ], [ -77.041013300018648, 38.962758798267217 ], [ -77.040049300256015, 38.963083798929439 ], [ -77.038604299761715, 38.963097798235857 ], [ -77.036422298374774, 38.962599798654487 ], [ -77.036428299534251, 38.96687079946792 ], [ -77.035562298945308, 38.967610799821408 ], [ -77.03342029775358, 38.967573799714387 ], [ -77.033418297870497, 38.972270800928982 ], [ -77.036373299132563, 38.972276800503728 ], [ -77.037133299373238, 38.972009800699553 ], [ -77.037552299842176, 38.972016800518936 ], [ -77.037995299812096, 38.972313800437497 ], [ -77.037943299507035, 38.972555800187408 ], [ -77.037456299366994, 38.972992800804541 ], [ -77.037586299514444, 38.973208800908431 ], [ -77.037870299658081, 38.973251800175667 ], [ -77.03951230074469, 38.972858800482392 ], [ -77.040095300318171, 38.97284380060713 ], [ -77.040209300742475, 38.972447800815793 ], [ -77.040158300410894, 38.971864800699876 ], [ -77.040613300632486, 38.971694800433191 ], [ -77.041185301225269, 38.971208800461618 ], [ -77.04217930050909, 38.971008800137191 ], [ -77.042647301078716, 38.971252799625368 ], [ -77.043300301530508, 38.97132279959434 ], [ -77.044325301308618, 38.971057800322377 ], [ -77.044796301671965, 38.970550800126588 ], [ -77.04512230175655, 38.96972580002366 ], [ -77.045208301722724, 38.969057799295221 ], [ -77.045845301599002, 38.9686527991799 ], [ -77.046716301946532, 38.967756798873467 ], [ -77.046915301942121, 38.96714379901497 ], [ -77.046923302769201, 38.96645979866534 ], [ -77.047608301788529, 38.965051799020117 ], [ -77.047633302206421, 38.964774798632284 ] ] ] } },
{ "type": "Feature", "properties": { "GEOCODE": "110010018032", "ward": 4.0, "neighborhood": "Takoma, Brightwood, Manor Park" }, "geometry": { "type": "Polygon", "coordinates": [ [ [ -77.036419298729427, 38.965431799469897 ], [ -77.036390298523898, 38.9625917984784 ], [ -77.033427297891123, 38.962049798844383 ], [ -77.033421297552664, 38.965436798993082 ], [ -77.036419298729427, 38.965431799469897 ] ] ] } },
{ "type": "Feature", "properties": { "GEOCODE": "110010018033", "ward": 4.0, "neighborhood": "Takoma, Brightwood, Manor Park" }, "geometry": { "type": "Polygon", "coordinates": [ [ [ -77.036428299534251, 38.96687079946792 ], [ -77.036419298729427, 38.965431799469897 ], [ -77.033421297552664, 38.965436798993082 ], [ -77.03342029775358, 38.967573799714387 ], [ -77.035562298945308, 38.967610799821408 ], [ -77.036428299534251, 38.96687079946792 ] ] ] } },
{ "type": "Feature", "properties": { "GEOCODE": "110010018041", "ward": 4.0, "neighborhood": "Takoma, Brightwood, Manor Park" }, "geometry": { "type": "Polygon", "coordinates": [ [ [ -77.033418297870497, 38.972270800928982 ], [ -77.033420297752542, 38.966857799079769 ], [ -77.029692297232828, 38.966857799871079 ], [ -77.029694297778391, 38.972270800564381 ], [ -77.033418297870497, 38.972270800928982 ] ] ] } },
{ "type": "Feature", "properties": { "GEOCODE": "110010018042", "ward": 4.0, "neighborhood": "Takoma, Brightwood, Manor Park" }, "geometry": { "type": "Polygon", "coordinates": [ [ [ -77.030049296558985, 38.964459799285294 ], [ -77.029698296549014, 38.96362979928093 ], [ -77.029696296729384, 38.961513798656028 ], [ -77.02801529578457, 38.961233798219688 ], [ -77.027026296540669, 38.972361801149816 ], [ -77.02719029614137, 38.97226880082917 ], [ -77.029694297778391, 38.972270800564381 ], [ -77.029693296488347, 38.965716799638699 ], [ -77.029727297013778, 38.965025799714297 ], [ -77.030049296558985, 38.964459799285294 ] ] ] } },
{ "type": "Feature", "properties": { "GEOCODE": "110010018043", "ward": 4.0, "neighborhood": "Takoma, Brightwood, Manor Park" }, "geometry": { "type": "Polygon", "coordinates": [ [ [ -77.033420297752542, 38.966857799079769 ], [ -77.033427297891123, 38.962049798844383 ], [ -77.029696296729384, 38.961513798656028 ], [ -77.029698296549014, 38.96362979928093 ], [ -77.030049296558985, 38.964459799285294 ], [ -77.029727297013778, 38.965025799714297 ], [ -77.029692297232828, 38.966857799871079 ], [ -77.033420297752542, 38.966857799079769 ] ] ] } },
{ "type": "Feature", "properties": { "GEOCODE": "110010019011", "ward": 4.0, "neighborhood": "Takoma, Brightwood, Manor Park" }, "geometry": { "type": "Polygon", "coordinates": [ [ [ -77.028031295592626, 38.961048798117801 ], [ -77.027924296411186, 38.960925798854539 ], [ -77.021154293143042, 38.958739798305011 ], [ -77.019899293219353, 38.958740798771181 ], [ -77.019898294042889, 38.962707799513687 ], [ -77.027891295785665, 38.962707799161059 ], [ -77.028031295592626, 38.961048798117801 ] ] ] } },
{ "type": "Feature", "properties": { "GEOCODE": "110010019012", "ward": 4.0, "neighborhood": "Takoma, Brightwood, Manor Park" }, "geometry": { "type": "Polygon", "coordinates": [ [ [ -77.027712296495409, 38.964961799189901 ], [ -77.027891295785665, 38.962707799161059 ], [ -77.019898294042889, 38.962707799513687 ], [ -77.019899293855801, 38.964957799434345 ], [ -77.027712296495409, 38.964961799189901 ] ] ] } },
{ "type": "Feature", "properties": { "GEOCODE": "110010019013", "ward": 4.0, "neighborhood": "Takoma, Brightwood, Manor Park" }, "geometry": { "type": "Polygon", "coordinates": [ [ [ -77.027503296718592, 38.967295800017851 ], [ -77.027712296495409, 38.964961799189901 ], [ -77.019899293855801, 38.964957799434345 ], [ -77.019897293914667, 38.967295800411648 ], [ -77.027503296718592, 38.967295800017851 ] ] ] } },
{ "type": "Feature", "properties": { "GEOCODE": "110010019014", "ward": 4.0, "neighborhood": "Takoma, Brightwood, Manor Park" }, "geometry": { "type": "Polygon", "coordinates": [ [ [ -77.027267296467471, 38.969932800583706 ], [ -77.027503296718592, 38.967295800017851 ], [ -77.019897293914667, 38.967295800411648 ], [ -77.01989729347936, 38.969930800770037 ], [ -77.027267296467471, 38.969932800583706 ] ] ] } },
{ "type": "Feature", "properties": { "GEOCODE": "110010019021", "ward": 4.0, "neighborhood": "Takoma, Brightwood, Manor Park" }, "geometry": { "type": "Polygon", "coordinates": [ [ [ -77.019897294135731, 38.963779799804442 ], [ -77.019899293219353, 38.958740798771181 ], [ -77.013424290820893, 38.958740798253949 ], [ -77.012328291220484, 38.960205798903715 ], [ -77.009253290591829, 38.960191799252826 ], [ -77.009655290079962, 38.961073799460735 ], [ -77.010969290913749, 38.962707799065861 ], [ -77.011556291396175, 38.963804799971243 ], [ -77.019897294135731, 38.963779799804442 ] ] ] } },
{ "type": "Feature", "properties": { "GEOCODE": "110010019022", "ward": 4.0, "neighborhood": "Takoma, Brightwood, Manor Park" }, "geometry": { "type": "Polygon", "coordinates": [ [ [ -77.01989729347936, 38.969930800770037 ], [ -77.019897294135731, 38.963779799804442 ], [ -77.011556291396175, 38.963804799971243 ], [ -77.010715290894638, 38.962364799117069 ], [ -77.009564290746283, 38.963912799674937 ], [ -77.011351291437734, 38.965399800152483 ], [ -77.012928291567135, 38.966998800326913 ], [ -77.014773291948742, 38.969943800844845 ], [ -77.01989729347936, 38.969930800770037 ] ] ] } },
{ "type": "Feature", "properties": { "GEOCODE": "110010020011", "ward": 4.0, "neighborhood": "Brightwood Park, Crestwood, Petworth" }, "geometry": { "type": "Polygon", "coordinates": [ [ [ -77.033427297891123, 38.962049798844383 ], [ -77.033413296866328, 38.956203797481436 ], [ -77.030163296575481, 38.95988979831229 ], [ -77.029480296975862, 38.960325798393917 ], [ -77.028590296364527, 38.961148798543746 ], [ -77.028522295882183, 38.961345798703135 ], [ -77.033427297891123, 38.962049798844383 ] ] ] } },
{ "type": "Feature", "properties": { "GEOCODE": "110010020012", "ward": 4.0, "neighborhood": "Brightwood Park, Crestwood, Petworth" }, "geometry": { "type": "Polygon", "coordinates": [ [ [ -77.040650300212633, 38.962924798526643 ], [ -77.043463301168899, 38.961402797670296 ], [ -77.042980300938368, 38.960904797961568 ], [ -77.042195300521954, 38.960401797908752 ], [ -77.041706299672242, 38.960758797688044 ], [ -77.041203300632262, 38.960722797965936 ], [ -77.040217299869127, 38.960479797598339 ], [ -77.039640299346416, 38.960008797846982 ], [ -77.038990299711003, 38.95988579784332 ], [ -77.038645299407762, 38.959661797694537 ], [ -77.038714299509579, 38.959309797816125 ], [ -77.039312299790325, 38.959167797437928 ], [ -77.03955429926512, 38.958929797732445 ], [ -77.03981529911843, 38.957521796976927 ], [ -77.039671299436094, 38.956845797305121 ], [ -77.039333298707888, 38.956368796839548 ], [ -77.038631299568294, 38.956064797443418 ], [ -77.036400298041102, 38.956219797029306 ], [ -77.036417297741764, 38.9525427964101 ], [ -77.033413296866328, 38.956203797481436 ], [ -77.033427297891123, 38.962049798844383 ], [ -77.039123299657234, 38.96315079874546 ], [ -77.040650300212633, 38.962924798526643 ] ] ] } },
{ "type": "Feature", "properties": { "GEOCODE": "110010020021", "ward": 4.0, "neighborhood": "Brightwood Park, Crestwood, Petworth" }, "geometry": { "type": "Polygon", "coordinates": [ [ [ -77.036417297741764, 38.9525427964101 ], [ -77.036426297827404, 38.948267795427306 ], [ -77.031697296613075, 38.948242796234602 ], [ -77.029645295644855, 38.946132795159883 ], [ -77.026602294575795, 38.946132795823146 ], [ -77.027137295279502, 38.949741796160744 ], [ -77.033256296543072, 38.949745796149877 ], [ -77.033381297436634, 38.949873796065525 ], [ -77.033413296866328, 38.956203797481436 ], [ -77.036417297741764, 38.9525427964101 ] ] ] } },
{ "type": "Feature", "properties": { "GEOCODE": "110010020022", "ward": 4.0, "neighborhood": "Brightwood Park, Crestwood, Petworth" }, "geometry": { "type": "Polygon", "coordinates": [ [ [ -77.033413296866328, 38.956203797481436 ], [ -77.028031295812411, 38.956223797656925 ], [ -77.028242295531683, 38.95813379791317 ], [ -77.02801529578457, 38.961233798219688 ], [ -77.028522295882183, 38.961345798703135 ], [ -77.028590296364527, 38.961148798543746 ], [ -77.029480296975862, 38.960325798393917 ], [ -77.030163296575481, 38.95988979831229 ], [ -77.033413296866328, 38.956203797481436 ] ] ] } },
{ "type": "Feature", "properties": { "GEOCODE": "110010020023", "ward": 4.0, "neighborhood": "Brightwood Park, Crestwood, Petworth" }, "geometry": { "type": "Polygon", "coordinates": [ [ [ -77.033434297329634, 38.950055795855427 ], [ -77.033256296543072, 38.949745796149877 ], [ -77.027137295279502, 38.949741796160744 ], [ -77.028031295812411, 38.956223797656925 ], [ -77.033413296866328, 38.956203797481436 ], [ -77.033434297329634, 38.950055795855427 ] ] ] } },
{ "type": "Feature", "properties": { "GEOCODE": "110010021011", "ward": 4.0, "neighborhood": "Brightwood Park, Crestwood, Petworth" }, "geometry": { "type": "Polygon", "coordinates": [ [ [ -77.028242295531683, 38.95813379791317 ], [ -77.028177296282593, 38.957287798069679 ], [ -77.019939293093159, 38.957527797938972 ], [ -77.019899293219353, 38.958740798771181 ], [ -77.021154293143042, 38.958739798305011 ], [ -77.028033296057714, 38.961021798089924 ], [ -77.028242295531683, 38.95813379791317 ] ] ] } },
{ "type": "Feature", "properties": { "GEOCODE": "110010021012", "ward": 4.0, "neighborhood": "Brightwood Park, Crestwood, Petworth" }, "geometry": { "type": "Polygon", "coordinates": [ [ [ -77.024090294017583, 38.95740479755996 ], [ -77.023986294548976, 38.955263797492201 ], [ -77.019839293460109, 38.955386798079338 ], [ -77.019939293093159, 38.957527797938972 ], [ -77.024090294017583, 38.95740479755996 ] ] ] } },
{ "type": "Feature", "properties": { "GEOCODE": "110010021013", "ward": 4.0, "neighborhood": "Brightwood Park, Crestwood, Petworth" }, "geometry": { "type": "Polygon", "coordinates": [ [ [ -77.023986294548976, 38.955263797492201 ], [ -77.023831293728449, 38.951973797242147 ], [ -77.01968329269495, 38.952090796708077 ], [ -77.019839293460109, 38.955386798079338 ], [ -77.023986294548976, 38.955263797492201 ] ] ] } },
{ "type": "Feature", "properties": { "GEOCODE": "110010021014", "ward": 4.0, "neighborhood": "Brightwood Park, Crestwood, Petworth" }, "geometry": { "type": "Polygon", "coordinates": [ [ [ -77.02788329529308, 38.955155797646924 ], [ -77.027431295080277, 38.951875796938246 ], [ -77.023831293728449, 38.951973797242147 ], [ -77.023986294548976, 38.955263797492201 ], [ -77.02788329529308, 38.955155797646924 ] ] ] } },
{ "type": "Feature", "properties": { "GEOCODE": "110010032001", "ward": 1.0, "neighborhood": "Columbia Heights, Mt. Pleasant, Pleasant Plains, Park View" }, "geometry": { "type": "Polygon", "coordinates": [ [ [ -77.024294293097597, 38.936298793932622 ], [ -77.024024292735078, 38.934513793495178 ], [ -77.01919529166787, 38.9352227939317 ], [ -77.019228292199415, 38.936906793900036 ], [ -77.019035291648294, 38.937405794254907 ], [ -77.021471292160555, 38.937020794336703 ], [ -77.024294293097597, 38.936298793932622 ] ] ] } },
{ "type": "Feature", "properties": { "GEOCODE": "110010032002", "ward": 1.0, "neighborhood": "Columbia Heights, Mt. Pleasant, Pleasant Plains, Park View" }, "geometry": { "type": "Polygon", "coordinates": [ [ [ -77.024024292735078, 38.934513793495178 ], [ -77.023775293070685, 38.932817793231251 ], [ -77.021579291734668, 38.933028793004119 ], [ -77.020573291952559, 38.932553793487848 ], [ -77.01880629128793, 38.932698793423285 ], [ -77.019163291919938, 38.93416679367359 ], [ -77.01919529166787, 38.9352227939317 ], [ -77.024024292735078, 38.934513793495178 ] ] ] } },
{ "type": "Feature", "properties": { "GEOCODE": "110010032003", "ward": 1.0, "neighborhood": "Columbia Heights, Mt. Pleasant, Pleasant Plains, Park View" }, "geometry": { "type": "Polygon", "coordinates": [ [ [ -77.023775293070685, 38.932817793231251 ], [ -77.023372292237781, 38.930025792531175 ], [ -77.022785292231745, 38.929931792324638 ], [ -77.021889292571984, 38.929997792720386 ], [ -77.018279291168852, 38.930563792723888 ], [ -77.01880629128793, 38.932698793423285 ], [ -77.020573291952559, 38.932553793487848 ], [ -77.021579291734668, 38.933028793004119 ], [ -77.023775293070685, 38.932817793231251 ] ] ] } },
{ "type": "Feature", "properties": { "GEOCODE": "110010032004", "ward": 1.0, "neighborhood": "Columbia Heights, Mt. Pleasant, Pleasant Plains, Park View" }, "geometry": { "type": "Polygon", "coordinates": [ [ [ -77.023372292237781, 38.930025792531175 ], [ -77.022966292197708, 38.927233792272261 ], [ -77.020452291402663, 38.927541792385284 ], [ -77.020056290958223, 38.927892792534017 ], [ -77.017809290432538, 38.927945792165218 ], [ -77.01811429145188, 38.928367791999563 ], [ -77.017953290566453, 38.929151792303294 ], [ -77.018279291168852, 38.930563792723888 ], [ -77.021889292571984, 38.929997792720386 ], [ -77.022785292231745, 38.929931792324638 ], [ -77.023372292237781, 38.930025792531175 ] ] ] } },
{ "type": "Feature", "properties": { "GEOCODE": "110010033011", "ward": 5.0, "neighborhood": "Edgewood, Bloomingdale, Truxton Circle, Eckington" }, "geometry": { "type": "Polygon", "coordinates": [ [ [ -77.012144289476623, 38.926289791698487 ], [ -77.012153288342688, 38.918117790678025 ], [ -77.009004287788258, 38.91811379054991 ], [ -77.008941287760763, 38.926685792630927 ], [ -77.012144289476623, 38.926289791698487 ] ] ] } },
{ "type": "Feature", "properties": { "GEOCODE": "110010033012", "ward": 5.0, "neighborhood": "Edgewood, Bloomingdale, Truxton Circle, Eckington" }, "geometry": { "type": "Polygon", "coordinates": [ [ [ -77.014503289128044, 38.917002790199945 ], [ -77.014280288626836, 38.915061790101134 ], [ -77.009002287349517, 38.916900790018218 ], [ -77.009004287788258, 38.91811379054991 ], [ -77.013541288585074, 38.918117790293145 ], [ -77.013541288429735, 38.917005790125458 ], [ -77.014503289128044, 38.917002790199945 ] ] ] } },
{ "type": "Feature", "properties": { "GEOCODE": "110010033013", "ward": 5.0, "neighborhood": "Edgewood, Bloomingdale, Truxton Circle, Eckington" }, "geometry": { "type": "Polygon", "coordinates": [ [ [ -77.014937289931353, 38.920675790900845 ], [ -77.014503289128044, 38.917002790199945 ], [ -77.013541288429735, 38.917005790125458 ], [ -77.013541288585074, 38.918117790293145 ], [ -77.012153288342688, 38.918117790678025 ], [ -77.01215028827653, 38.921313790831128 ], [ -77.012708289109909, 38.921305791533612 ], [ -77.013639289442324, 38.920933791349206 ], [ -77.014937289931353, 38.920675790900845 ] ] ] } },
{ "type": "Feature", "properties": { "GEOCODE": "110010033021", "ward": 5.0, "neighborhood": "Edgewood, Bloomingdale, Truxton Circle, Eckington" }, "geometry": { "type": "Polygon", "coordinates": [ [ [ -77.014280288626836, 38.915061790101134 ], [ -77.014087288975034, 38.913351789707768 ], [ -77.012160287880519, 38.913351789075769 ], [ -77.012159287717111, 38.914092789838328 ], [ -77.009015287427118, 38.914092790101833 ], [ -77.009002287349517, 38.916900790018218 ], [ -77.014280288626836, 38.915061790101134 ] ] ] } },
{ "type": "Feature", "properties": { "GEOCODE": "110010033022", "ward": 5.0, "neighborhood": "Edgewood, Bloomingdale, Truxton Circle, Eckington" }, "geometry": { "type": "Polygon", "coordinates": [ [ [ -77.014072288307759, 38.912967789448693 ], [ -77.013934288486908, 38.912875789406876 ], [ -77.009028287350077, 38.910790789259508 ], [ -77.009015287427118, 38.914092790101833 ], [ -77.012159287717111, 38.914092789838328 ], [ -77.012160287880519, 38.913351789075769 ], [ -77.014087288975034, 38.913351789707768 ], [ -77.014072288307759, 38.912967789448693 ] ] ] } },
{ "type": "Feature", "properties": { "GEOCODE": "110010034001", "ward": 1.0, "neighborhood": "Howard University, Le Droit Park, Cardozo/Shaw" }, "geometry": { "type": "Polygon", "coordinates": [ [ [ -77.017874290523295, 38.919377790187013 ], [ -77.017334290405771, 38.915916789489351 ], [ -77.015971289122689, 38.915937790310025 ], [ -77.015759289594385, 38.91575278970857 ], [ -77.015511289224179, 38.915924790201423 ], [ -77.01437628858065, 38.915893789959497 ], [ -77.01480428984847, 38.919670791089956 ], [ -77.017874290523295, 38.919377790187013 ] ] ] } },
{ "type": "Feature", "properties": { "GEOCODE": "110010034002", "ward": 1.0, "neighborhood": "Howard University, Le Droit Park, Cardozo/Shaw" }, "geometry": { "type": "Polygon", "coordinates": [ [ [ -77.022614292445809, 38.924813791698057 ], [ -77.021914291999025, 38.919901790603021 ], [ -77.02189629166115, 38.916458790141185 ], [ -77.020932290633482, 38.916432789505528 ], [ -77.020928291115553, 38.916756790246076 ], [ -77.018743290679367, 38.916979790428833 ], [ -77.019095291009819, 38.919261790451316 ], [ -77.017874290523295, 38.919377790187013 ], [ -77.018348290940267, 38.922449791042006 ], [ -77.018246290384965, 38.923574791566026 ], [ -77.018322290131692, 38.923912791710755 ], [ -77.020026291726523, 38.925809792113107 ], [ -77.020281291494072, 38.92631079165583 ], [ -77.020414291539254, 38.927002791877136 ], [ -77.021646292194688, 38.926885791754593 ], [ -77.02134329221974, 38.924975791349326 ], [ -77.022614292445809, 38.924813791698057 ] ] ] } },
{ "type": "Feature", "properties": { "GEOCODE": "110010034003", "ward": 1.0, "neighborhood": "Howard University, Le Droit Park, Cardozo/Shaw" }, "geometry": { "type": "Polygon", "coordinates": [ [ [ -77.02189629166115, 38.916458790141185 ], [ -77.021895291252946, 38.916268790155812 ], [ -77.014072288307759, 38.912967789448693 ], [ -77.01437628858065, 38.915893789959497 ], [ -77.015511289224179, 38.915924790201423 ], [ -77.015759289594385, 38.91575278970857 ], [ -77.015971289122689, 38.915937790310025 ], [ -77.017334290405771, 38.915916789489351 ], [ -77.017874290523295, 38.919377790187013 ], [ -77.019095291009819, 38.919261790451316 ], [ -77.018743290679367, 38.916979790428833 ], [ -77.020928291115553, 38.916756790246076 ], [ -77.020932290633482, 38.916432789505528 ], [ -77.02189629166115, 38.916458790141185 ] ] ] } },
{ "type": "Feature", "properties": { "GEOCODE": "110010034004", "ward": 1.0, "neighborhood": "Howard University, Le Droit Park, Cardozo/Shaw" }, "geometry": { "type": "Polygon", "coordinates": [ [ [ -77.022966292197708, 38.927233792272261 ], [ -77.022614292445809, 38.924813791698057 ], [ -77.021358291670964, 38.924954791117059 ], [ -77.021646292194688, 38.926885791754593 ], [ -77.020414291539254, 38.927002791877136 ], [ -77.020452291402663, 38.927541792385284 ], [ -77.022966292197708, 38.927233792272261 ] ] ] } },
{ "type": "Feature", "properties": { "GEOCODE": "110010034005", "ward": 1.0, "neighborhood": "Howard University, Le Droit Park, Cardozo/Shaw" }, "geometry": { "type": "Polygon", "coordinates": [ [ [ -77.020460291367812, 38.927500792341313 ], [ -77.02033529129254, 38.926505791614083 ], [ -77.020121290986154, 38.92596179205789 ], [ -77.018286290349579, 38.92381779109062 ], [ -77.018348290940267, 38.922449791042006 ], [ -77.017874290523295, 38.919377790187013 ], [ -77.01480428984847, 38.919670791089956 ], [ -77.014937289931353, 38.920675790900845 ], [ -77.013639289442324, 38.920933791349206 ], [ -77.012708289109909, 38.921305791533612 ], [ -77.01215028827653, 38.921313790831128 ], [ -77.012144289476623, 38.926289791698487 ], [ -77.01447628960301, 38.926352792371773 ], [ -77.015076289796227, 38.926570791633239 ], [ -77.017192290339722, 38.927754792095428 ], [ -77.017869290977657, 38.927956792066439 ], [ -77.020056290958223, 38.927892792534017 ], [ -77.020460291367812, 38.927500792341313 ] ] ] } },
{ "type": "Feature", "properties": { "GEOCODE": "110010035001", "ward": 1.0, "neighborhood": "Columbia Heights, Mt. Pleasant, Pleasant Plains, Park View" }, "geometry": { "type": "Polygon", "coordinates": [ [ [ -77.027048293595684, 38.926756791403086 ], [ -77.02704029394539, 38.923774791020577 ], [ -77.022525291874032, 38.924190791660656 ], [ -77.022966292197708, 38.927233792272261 ], [ -77.023488292705281, 38.927084791867877 ], [ -77.027048293595684, 38.926756791403086 ] ] ] } },
{ "type": "Feature", "properties": { "GEOCODE": "110010023021", "ward": 5.0, "neighborhood": "Edgewood, Bloomingdale, Truxton Circle, Eckington" }, "geometry": { "type": "Polygon", "coordinates": [ [ [ -77.018120290886131, 38.928449791945752 ], [ -77.017809290432538, 38.927945792165218 ], [ -77.01675129095679, 38.927543792230381 ], [ -77.014882289372053, 38.926483791659287 ], [ -77.014030289044726, 38.926281791872427 ], [ -77.012144289476623, 38.926289791698487 ], [ -77.012153288903846, 38.931191793027097 ], [ -77.014879289575518, 38.931135792864787 ], [ -77.015950290151252, 38.93093779309136 ], [ -77.016435289978048, 38.930592793212178 ], [ -77.016937291077213, 38.929875792445536 ], [ -77.017958290716948, 38.929007792760672 ], [ -77.018120290886131, 38.928449791945752 ] ] ] } },
{ "type": "Feature", "properties": { "GEOCODE": "110010023022", "ward": 5.0, "neighborhood": "Edgewood, Bloomingdale, Truxton Circle, Eckington" }, "geometry": { "type": "Polygon", "coordinates": [ [ [ -77.008812287721142, 38.927891792441756 ], [ -77.008941287760763, 38.926685792630927 ], [ -77.006015287507751, 38.927113792945327 ], [ -77.003671286258538, 38.929687793167069 ], [ -77.000984285745048, 38.931222793372235 ], [ -77.001305286456585, 38.931819793319107 ], [ -77.002134286572144, 38.936162794300472 ], [ -77.002550286567129, 38.936177794685548 ], [ -77.003192287011345, 38.936549794660614 ], [ -77.004146287154086, 38.936815794186039 ], [ -77.00636128796063, 38.936599794479903 ], [ -77.006083287136136, 38.935033793667692 ], [ -77.006105287705651, 38.934020793537186 ], [ -77.006311286985252, 38.932893794115827 ], [ -77.00699828745374, 38.931176793250565 ], [ -77.008494287945027, 38.928710792407635 ], [ -77.008812287721142, 38.927891792441756 ] ] ] } },
{ "type": "Feature", "properties": { "GEOCODE": "110010023023", "ward": 5.0, "neighborhood": "Edgewood, Bloomingdale, Truxton Circle, Eckington" }, "geometry": { "type": "Polygon", "coordinates": [ [ [ -77.019236291602226, 38.936741793872713 ], [ -77.019163291919938, 38.93416679367359 ], [ -77.017958290716948, 38.929007792760672 ], [ -77.016937291077213, 38.929875792445536 ], [ -77.016435289978048, 38.930592793212178 ], [ -77.015950290151252, 38.93093779309136 ], [ -77.014879289575518, 38.931135792864787 ], [ -77.012153288903846, 38.931191793027097 ], [ -77.012144289476623, 38.926289791698487 ], [ -77.008941287760763, 38.926685792630927 ], [ -77.008934287632115, 38.927330792178047 ], [ -77.008685287608046, 38.928244792733892 ], [ -77.006630287407447, 38.931971793390147 ], [ -77.006246288083346, 38.933149793833898 ], [ -77.006086287382658, 38.934280793988975 ], [ -77.00612528757334, 38.935488794487213 ], [ -77.006456287632247, 38.936893794030354 ], [ -77.008315288976419, 38.940633794798167 ], [ -77.008325288402773, 38.941620795668577 ], [ -77.008036289003044, 38.942388795153981 ], [ -77.009583288858934, 38.943244795670275 ], [ -77.010928289369232, 38.94462079615041 ], [ -77.011471289946996, 38.944376796132737 ], [ -77.01216529014134, 38.94380879582846 ], [ -77.012720290298304, 38.942708795048787 ], [ -77.014252290225414, 38.941237795085279 ], [ -77.015268290271976, 38.939767794445181 ], [ -77.017409291416129, 38.937889794264926 ], [ -77.019035291648294, 38.937405794254907 ], [ -77.019236291602226, 38.936741793872713 ] ] ] } },
{ "type": "Feature", "properties": { "GEOCODE": "110010024001", "ward": 4.0, "neighborhood": "Brightwood Park, Crestwood, Petworth" }, "geometry": { "type": "Polygon", "coordinates": [ [ [ -77.024692293984032, 38.938691793765997 ], [ -77.024294293097597, 38.936298793932622 ], [ -77.021471292160555, 38.937020794336703 ], [ -77.019754291785233, 38.937244793936856 ], [ -77.019004292159423, 38.937487793730263 ], [ -77.019047292178556, 38.938848794458536 ], [ -77.024692293984032, 38.938691793765997 ] ] ] } },
{ "type": "Feature", "properties": { "GEOCODE": "110010024002", "ward": 4.0, "neighborhood": "Brightwood Park, Crestwood, Petworth" }, "geometry": { "type": "Polygon", "coordinates": [ [ [ -77.026602294575795, 38.946132795823146 ], [ -77.025516293975627, 38.941880794971766 ], [ -77.025069294066341, 38.941889794592868 ], [ -77.025127293811124, 38.942958794978225 ], [ -77.019956291901948, 38.943108795631638 ], [ -77.019752292726636, 38.943521795430833 ], [ -77.019277292293097, 38.943682795181637 ], [ -77.019415292150214, 38.946342795513601 ], [ -77.026602294575795, 38.946132795823146 ] ] ] } },
{ "type": "Feature", "properties": { "GEOCODE": "110010024003", "ward": 4.0, "neighborhood": "Brightwood Park, Crestwood, Petworth" }, "geometry": { "type": "Polygon", "coordinates": [ [ [ -77.025516293975627, 38.941880794971766 ], [ -77.025242293491559, 38.940818794906129 ], [ -77.020947292385188, 38.940935794683277 ], [ -77.020121292291009, 38.942034794584664 ], [ -77.019202291708723, 38.942061794784692 ], [ -77.019226292445069, 38.942578795505497 ], [ -77.019747292012852, 38.942725795088599 ], [ -77.019956291901948, 38.943108795631638 ], [ -77.025127293811124, 38.942958794978225 ], [ -77.025069294066341, 38.941889794592868 ], [ -77.025516293975627, 38.941880794971766 ] ] ] } },
{ "type": "Feature", "properties": { "GEOCODE": "110010024004", "ward": 4.0, "neighborhood": "Brightwood Park, Crestwood, Petworth" }, "geometry": { "type": "Polygon", "coordinates": [ [ [ -77.025242293491559, 38.940818794906129 ], [ -77.024692293984032, 38.938691793765997 ], [ -77.019047292178556, 38.938848794458536 ], [ -77.019202291708723, 38.942061794784692 ], [ -77.020121292291009, 38.942034794584664 ], [ -77.020947292385188, 38.940935794683277 ], [ -77.025242293491559, 38.940818794906129 ] ] ] } },
{ "type": "Feature", "properties": { "GEOCODE": "110010025011", "ward": 4.0, "neighborhood": "Brightwood Park, Crestwood, Petworth" }, "geometry": { "type": "Polygon", "coordinates": [ [ [ -77.032726296685937, 38.948271795900261 ], [ -77.03272929588438, 38.941874794530129 ], [ -77.025516293975627, 38.941880794971766 ], [ -77.026602294575795, 38.946132795823146 ], [ -77.029645295644855, 38.946132795159883 ], [ -77.031697296613075, 38.948242796234602 ], [ -77.032726296685937, 38.948271795900261 ] ] ] } },
{ "type": "Feature", "properties": { "GEOCODE": "110010025012", "ward": 4.0, "neighborhood": "Brightwood Park, Crestwood, Petworth" }, "geometry": { "type": "Polygon", "coordinates": [ [ [ -77.036426297827404, 38.948267795427306 ], [ -77.036443297078975, 38.941881794023303 ], [ -77.03272929588438, 38.941874794530129 ], [ -77.032726296685937, 38.948271795900261 ], [ -77.036426297827404, 38.948267795427306 ] ] ] } },
{ "type": "Feature", "properties": { "GEOCODE": "110010025031", "ward": 4.0, "neighborhood": "Brightwood Park, Crestwood, Petworth" }, "geometry": { "type": "Polygon", "coordinates": [ [ [ -77.029706295075187, 38.941872794929061 ], [ -77.029706295007003, 38.938683794150855 ], [ -77.024692293984032, 38.938691793765997 ], [ -77.025516293975627, 38.941880794971766 ], [ -77.029706295075187, 38.941872794929061 ] ] ] } },
{ "type": "Feature", "properties": { "GEOCODE": "110010025032", "ward": 4.0, "neighborhood": "Brightwood Park, Crestwood, Petworth" }, "geometry": { "type": "Polygon", "coordinates": [ [ [ -77.029706295007003, 38.938683794150855 ], [ -77.029727295339171, 38.936292793650324 ], [ -77.025367293355814, 38.935115793123941 ], [ -77.024294293097597, 38.936298793932622 ], [ -77.024692293984032, 38.938691793765997 ], [ -77.029706295007003, 38.938683794150855 ] ] ] } },
{ "type": "Feature", "properties": { "GEOCODE": "110010025041", "ward": 4.0, "neighborhood": "Brightwood Park, Crestwood, Petworth" }, "geometry": { "type": "Polygon", "coordinates": [ [ [ -77.03272929588438, 38.941874794530129 ], [ -77.032732295788861, 38.937085793976749 ], [ -77.029727295339171, 38.936292793650324 ], [ -77.029706295075187, 38.941872794929061 ], [ -77.03272929588438, 38.941874794530129 ] ] ] } },
{ "type": "Feature", "properties": { "GEOCODE": "110010025042", "ward": 4.0, "neighborhood": "Brightwood Park, Crestwood, Petworth" }, "geometry": { "type": "Polygon", "coordinates": [ [ [ -77.036443297078975, 38.941881794023303 ], [ -77.036449297382504, 38.937434793343236 ], [ -77.034135296181802, 38.937424793812951 ], [ -77.032732295788861, 38.937085793976749 ], [ -77.03272929588438, 38.941874794530129 ], [ -77.036443297078975, 38.941881794023303 ] ] ] } },
{ "type": "Feature", "properties": { "GEOCODE": "110010026001", "ward": 4.0, "neighborhood": "Brightwood Park, Crestwood, Petworth" }, "geometry": { "type": "Polygon", "coordinates": [ [ [ -77.052115302260361, 38.938001793016355 ], [ -77.051985302568355, 38.93772079288955 ], [ -77.051739302291026, 38.93757579275929 ], [ -77.050449301841937, 38.937219792873215 ], [ -77.049739301020026, 38.937180793062055 ], [ -77.048891300939985, 38.937324792698327 ], [ -77.04808130082921, 38.93718879260576 ], [ -77.047846301024123, 38.936900792801652 ], [ -77.047804300737326, 38.935722792646899 ], [ -77.047953300745746, 38.935200792358806 ], [ -77.048299300692349, 38.934811792058035 ], [ -77.045128299839817, 38.935960792878369 ], [ -77.041236298773654, 38.936199793251106 ], [ -77.040121298532867, 38.936711793335888 ], [ -77.038833297827523, 38.937117793737109 ], [ -77.036447297757448, 38.938238793571486 ], [ -77.036443297078975, 38.941881794023303 ], [ -77.042168298672564, 38.941880794022765 ], [ -77.043786299632671, 38.941437793801796 ], [ -77.04506329971278, 38.941914793864001 ], [ -77.045480300790075, 38.942285793765357 ], [ -77.04579430006865, 38.942787794172318 ], [ -77.04697030053326, 38.942647794522664 ], [ -77.048384300772497, 38.943204793978659 ], [ -77.049624301836118, 38.943378794419829 ], [ -77.049657302206128, 38.943786794627137 ], [ -77.051269302215815, 38.941549793329102 ], [ -77.051359301815822, 38.941249793891316 ], [ -77.051220301658276, 38.940351793772997 ], [ -77.052115302260361, 38.938001793016355 ] ] ] } },
{ "type": "Feature", "properties": { "GEOCODE": "110010026002", "ward": 4.0, "neighborhood": "Rock Creek Park" }, "geometry": { "type": "Polygon", "coordinates": [ [ [ -77.049657302206128, 38.943786794627137 ], [ -77.049624301836118, 38.943378794419829 ], [ -77.048384300772497, 38.943204793978659 ], [ -77.04697030053326, 38.942647794522664 ], [ -77.04579430006865, 38.942787794172318 ], [ -77.045480300790075, 38.942285793765357 ], [ -77.04506329971278, 38.941914793864001 ], [ -77.043786299632671, 38.941437793801796 ], [ -77.042168298672564, 38.941880794022765 ], [ -77.036443297078975, 38.941881794023303 ], [ -77.036400298041102, 38.956219797029306 ], [ -77.03854029875157, 38.956050797102968 ], [ -77.039162299513833, 38.956265796980553 ], [ -77.039544299355413, 38.956581797267077 ], [ -77.039816299760631, 38.957439797112613 ], [ -77.039575299997068, 38.958860797252818 ], [ -77.03934529995459, 38.959150797657983 ], [ -77.038683299364948, 38.959338797560349 ], [ -77.038604299473761, 38.959552797780375 ], [ -77.038767299210079, 38.959773797537416 ], [ -77.039640299346416, 38.960008797846982 ], [ -77.040268299804822, 38.960499798196537 ], [ -77.041203300632262, 38.960722797965936 ], [ -77.041706299672242, 38.960758797688044 ], [ -77.042195300521954, 38.960401797908752 ], [ -77.041811300568028, 38.960135797659319 ], [ -77.04089430041175, 38.959973797664517 ], [ -77.04050530001561, 38.959593798026411 ], [ -77.041090300221114, 38.958938797830967 ], [ -77.041292299834851, 38.958447797114935 ], [ -77.04215029980034, 38.957874796936942 ], [ -77.042138300471464, 38.956810797340765 ], [ -77.042331300499356, 38.956154797054445 ], [ -77.042094300487506, 38.955392796752029 ], [ -77.042188300110425, 38.954592797108383 ], [ -77.042781300537698, 38.95420579624853 ], [ -77.044282300463465, 38.952739796109931 ], [ -77.044844300108082, 38.951981796036591 ], [ -77.044893301018163, 38.95146579589192 ], [ -77.04531830112677, 38.950896796264679 ], [ -77.045722300335569, 38.950501795402339 ], [ -77.046611300684447, 38.95005379601804 ], [ -77.047059301462824, 38.949657795515058 ], [ -77.046872301117958, 38.949002795834247 ], [ -77.0469943011678, 38.948461795159275 ], [ -77.046856301176774, 38.948208795349998 ], [ -77.045574300287001, 38.947780795379757 ], [ -77.045092300181523, 38.948042795374505 ], [ -77.044851301044375, 38.948524795050652 ], [ -77.044467300651192, 38.948620795253049 ], [ -77.044108300102238, 38.948425795706271 ], [ -77.043997300599855, 38.948115795050143 ], [ -77.044152300065505, 38.947798795563529 ], [ -77.044747299794977, 38.947283795571835 ], [ -77.045820301097976, 38.945597794936482 ], [ -77.046242300403051, 38.945459794789933 ], [ -77.04707230082991, 38.945699794639758 ], [ -77.047764301740671, 38.945669794696805 ], [ -77.047984300743622, 38.945560794429383 ], [ -77.048428301462451, 38.94483279407995 ], [ -77.049192302059552, 38.944327794794042 ], [ -77.049657302206128, 38.943786794627137 ] ] ] } },
{ "type": "Feature", "properties": { "GEOCODE": "110010027021", "ward": 1.0, "neighborhood": "Columbia Heights, Mt. Pleasant, Pleasant Plains, Park View" }, "geometry": { "type": "Polygon", "coordinates": [ [ [ -77.038841297498962, 38.932539792088143 ], [ -77.038871297614804, 38.928806791463494 ], [ -77.036478296629724, 38.928694791441181 ], [ -77.036462297318351, 38.931660791862328 ], [ -77.038841297498962, 38.932539792088143 ] ] ] } },
{ "type": "Feature", "properties": { "GEOCODE": "110010027022", "ward": 1.0, "neighborhood": "Columbia Heights, Mt. Pleasant, Pleasant Plains, Park View" }, "geometry": { "type": "Polygon", "coordinates": [ [ [ -77.050505301205234, 38.933231791991567 ], [ -77.050856301022677, 38.932833792415757 ], [ -77.050746301367724, 38.932611791757118 ], [ -77.050324300924999, 38.932276792207581 ], [ -77.048864300153326, 38.932036791730035 ], [ -77.047376300441655, 38.931631791777434 ], [ -77.047124300066741, 38.93145579202406 ], [ -77.045748299312393, 38.929804791997832 ], [ -77.044685299296262, 38.928785791057727 ], [ -77.044539298995446, 38.928517791796594 ], [ -77.044536298623086, 38.928130791242246 ], [ -77.043370298691798, 38.927976791226463 ], [ -77.04380429899733, 38.929012791784544 ], [ -77.044212299110896, 38.929570791410733 ], [ -77.044171299636645, 38.929751792015352 ], [ -77.043585298990692, 38.929137791945472 ], [ -77.043138299100733, 38.928894791892958 ], [ -77.041308298603624, 38.928823791931421 ], [ -77.041296298925133, 38.932340791964968 ], [ -77.043233298477574, 38.932359791748702 ], [ -77.045408299857343, 38.933217791901797 ], [ -77.046817299750018, 38.932610792254167 ], [ -77.049082300497929, 38.932634791675333 ], [ -77.050505301205234, 38.933231791991567 ] ] ] } },
{ "type": "Feature", "properties": { "GEOCODE": "110010027023", "ward": 1.0, "neighborhood": "Columbia Heights, Mt. Pleasant, Pleasant Plains, Park View" }, "geometry": { "type": "Polygon", "coordinates": [ [ [ -77.041296298925133, 38.932340791964968 ], [ -77.041308298603624, 38.928823791931421 ], [ -77.038871297614804, 38.928806791463494 ], [ -77.038841297498962, 38.932539792088143 ], [ -77.039347297963886, 38.932585792203632 ], [ -77.041296298925133, 38.932340791964968 ] ] ] } },
{ "type": "Feature", "properties": { "GEOCODE": "110010027024", "ward": 1.0, "neighborhood": "Columbia Heights, Mt. Pleasant, Pleasant Plains, Park View" }, "geometry": { "type": "Polygon", "coordinates": [ [ [ -77.044228298764963, 38.929635792041445 ], [ -77.04380429899733, 38.929012791784544 ], [ -77.043370298691798, 38.927976791226463 ], [ -77.041912298725592, 38.927242791465886 ], [ -77.038559297653251, 38.927180791297197 ], [ -77.037572297367873, 38.926953791533393 ], [ -77.03648729647179, 38.92716379128629 ], [ -77.036478296629724, 38.928694791441181 ], [ -77.042840298721046, 38.928834791738559 ], [ -77.043405299098268, 38.929010791274337 ], [ -77.044171299636645, 38.929751792015352 ], [ -77.044228298764963, 38.929635792041445 ] ] ] } },
{ "type": "Feature", "properties": { "GEOCODE": "110010027031", "ward": 1.0, "neighborhood": "Columbia Heights, Mt. Pleasant, Pleasant Plains, Park View" }, "geometry": { "type": "Polygon", "coordinates": [ [ [ -77.038118297533586, 38.935443793178827 ], [ -77.038820297796747, 38.934192792541147 ], [ -77.036458297452526, 38.933295792752475 ], [ -77.03645329749051, 38.934973792780902 ], [ -77.037053297516593, 38.935208792869041 ], [ -77.036923297679351, 38.935506792616536 ], [ -77.038055297430134, 38.935861793507698 ], [ -77.038118297533586, 38.935443793178827 ] ] ] } },
{ "type": "Feature", "properties": { "GEOCODE": "110010027032", "ward": 1.0, "neighborhood": "Columbia Heights, Mt. Pleasant, Pleasant Plains, Park View" }, "geometry": { "type": "Polygon", "coordinates": [ [ [ -77.044191299810947, 38.934181792152486 ], [ -77.044193299781867, 38.932752792134295 ], [ -77.043233298477574, 38.932359791748702 ], [ -77.040658298079549, 38.932343792019878 ], [ -77.039114298192018, 38.932590792554521 ], [ -77.036462297318351, 38.931660791862328 ], [ -77.036458297452526, 38.933295792752475 ], [ -77.038743297896929, 38.934180792906155 ], [ -77.044191299810947, 38.934181792152486 ] ] ] } },
{ "type": "Feature", "properties": { "GEOCODE": "110010027041", "ward": 1.0, "neighborhood": "Columbia Heights, Mt. Pleasant, Pleasant Plains, Park View" }, "geometry": { "type": "Polygon", "coordinates": [ [ [ -77.050448301296939, 38.933285791679204 ], [ -77.049679301470732, 38.932832792459102 ], [ -77.048892300772593, 38.932606792419165 ], [ -77.046817299750018, 38.932610792254167 ], [ -77.045408299857343, 38.933217791901797 ], [ -77.044193299781867, 38.932752792134295 ], [ -77.044191299810947, 38.934181792152486 ], [ -77.038820297796747, 38.934192792541147 ], [ -77.038782298266128, 38.93523079322707 ], [ -77.039123298192663, 38.935670792793204 ], [ -77.039138297771061, 38.936119793043972 ], [ -77.038610297431532, 38.936820792814032 ], [ -77.038573297982254, 38.937133792993961 ], [ -77.038623297500109, 38.93721879320681 ], [ -77.040024297674989, 38.93674679321088 ], [ -77.041315298314203, 38.936182792812289 ], [ -77.045416299632123, 38.935886792530049 ], [ -77.048299300692349, 38.934811792058035 ], [ -77.049316300445668, 38.93383479236936 ], [ -77.050448301296939, 38.933285791679204 ] ] ] } },
{ "type": "Feature", "properties": { "GEOCODE": "110010027042", "ward": 1.0, "neighborhood": "Columbia Heights, Mt. Pleasant, Pleasant Plains, Park View" }, "geometry": { "type": "Polygon", "coordinates": [ [ [ -77.039138297771061, 38.936119793043972 ], [ -77.039123298192663, 38.935670792793204 ], [ -77.038782298266128, 38.93523079322707 ], [ -77.038818297329485, 38.934405792755626 ], [ -77.038118297533586, 38.935443793178827 ], [ -77.037997298125674, 38.935875793261765 ], [ -77.036923297679351, 38.935506792616536 ], [ -77.037053297516593, 38.935208792869041 ], [ -77.03645329749051, 38.934973792780902 ], [ -77.036447297757448, 38.938238793571486 ], [ -77.038623297500109, 38.93721879320681 ], [ -77.038593297810962, 38.936853793128236 ], [ -77.039138297771061, 38.936119793043972 ] ] ] } },
{ "type": "Feature", "properties": { "GEOCODE": "110010028011", "ward": 1.0, "neighborhood": "Columbia Heights, Mt. Pleasant, Pleasant Plains, Park View" }, "geometry": { "type": "Polygon", "coordinates": [ [ [ -77.03645329749051, 38.934973792780902 ], [ -77.036458297452526, 38.933295792752475 ], [ -77.03273729563945, 38.931875792442796 ], [ -77.03273429567264, 38.934128793166828 ], [ -77.034080295701898, 38.93419279257531 ], [ -77.03645329749051, 38.934973792780902 ] ] ] } },
{ "type": "Feature", "properties": { "GEOCODE": "110010028012", "ward": 1.0, "neighborhood": "Columbia Heights, Mt. Pleasant, Pleasant Plains, Park View" }, "geometry": { "type": "Polygon", "coordinates": [ [ [ -77.036449297382504, 38.937434793343236 ], [ -77.03645329749051, 38.934973792780902 ], [ -77.035372296929012, 38.934553793012597 ], [ -77.035300296390901, 38.934663792654639 ], [ -77.034080295701898, 38.93419279257531 ], [ -77.03273429567264, 38.934128793166828 ], [ -77.032732295788861, 38.937085793976749 ], [ -77.034135296181802, 38.937424793812951 ], [ -77.036449297382504, 38.937434793343236 ] ] ] } },
{ "type": "Feature", "properties": { "GEOCODE": "110010028021", "ward": 1.0, "neighborhood": "Columbia Heights, Mt. Pleasant, Pleasant Plains, Park View" }, "geometry": { "type": "Polygon", "coordinates": [ [ [ -77.036458297452526, 38.933295792752475 ], [ -77.036478296629724, 38.928694791441181 ], [ -77.032614294944224, 38.928812792221066 ], [ -77.03273729563945, 38.931875792442796 ], [ -77.036458297452526, 38.933295792752475 ] ] ] } },
{ "type": "Feature", "properties": { "GEOCODE": "110010028022", "ward": 1.0, "neighborhood": "Columbia Heights, Mt. Pleasant, Pleasant Plains, Park View" }, "geometry": { "type": "Polygon", "coordinates": [ [ [ -77.036490296087578, 38.926532791095269 ], [ -77.036491296792747, 38.926279791286362 ], [ -77.032527295597802, 38.926534791027422 ], [ -77.032409295353929, 38.926580791452608 ], [ -77.032520295181342, 38.927545791802366 ], [ -77.034940296553728, 38.927358791435083 ], [ -77.036490296087578, 38.926532791095269 ] ] ] } },
{ "type": "Feature", "properties": { "GEOCODE": "110010028023", "ward": 1.0, "neighborhood": "Columbia Heights, Mt. Pleasant, Pleasant Plains, Park View" }, "geometry": { "type": "Polygon", "coordinates": [ [ [ -77.036709296519092, 38.927125791345325 ], [ -77.036490296087578, 38.926532791095269 ], [ -77.034940296553728, 38.927358791435083 ], [ -77.032520295181342, 38.927545791802366 ], [ -77.032614294944224, 38.928812792221066 ], [ -77.036478296629724, 38.928694791441181 ], [ -77.03648729647179, 38.92716379128629 ], [ -77.036709296519092, 38.927125791345325 ] ] ] } },
{ "type": "Feature", "properties": { "GEOCODE": "110010029001", "ward": 1.0, "neighborhood": "Columbia Heights, Mt. Pleasant, Pleasant Plains, Park View" }, "geometry": { "type": "Polygon", "coordinates": [ [ [ -77.029727295339171, 38.936292793650324 ], [ -77.029725294662043, 38.932495792368258 ], [ -77.029711294278741, 38.931330792908241 ], [ -77.027485294216589, 38.932144792352879 ], [ -77.027061294536466, 38.932667792891543 ], [ -77.026822293639668, 38.932754792558704 ], [ -77.026823294407038, 38.933029792493521 ], [ -77.025246293958958, 38.935135793432956 ], [ -77.029727295339171, 38.936292793650324 ] ] ] } },
{ "type": "Feature", "properties": { "GEOCODE": "110010029002", "ward": 1.0, "neighborhood": "Columbia Heights, Mt. Pleasant, Pleasant Plains, Park View" }, "geometry": { "type": "Polygon", "coordinates": [ [ [ -77.032732295788861, 38.937085793976749 ], [ -77.032665295261822, 38.930347792530135 ], [ -77.029711294278741, 38.931330792908241 ], [ -77.029727295339171, 38.936292793650324 ], [ -77.032732295788861, 38.937085793976749 ] ] ] } },
{ "type": "Feature", "properties": { "GEOCODE": "110010030001", "ward": 1.0, "neighborhood": "Columbia Heights, Mt. Pleasant, Pleasant Plains, Park View" }, "geometry": { "type": "Polygon", "coordinates": [ [ [ -77.032665295261822, 38.930347792530135 ], [ -77.032614294944224, 38.928812792221066 ], [ -77.032400295273433, 38.928671791469846 ], [ -77.027512293567568, 38.928712791821198 ], [ -77.028262294733295, 38.931828792881412 ], [ -77.032665295261822, 38.930347792530135 ] ] ] } },
{ "type": "Feature", "properties": { "GEOCODE": "110010030002", "ward": 1.0, "neighborhood": "Columbia Heights, Mt. Pleasant, Pleasant Plains, Park View" }, "geometry": { "type": "Polygon", "coordinates": [ [ [ -77.032614294944224, 38.928812792221066 ], [ -77.032409295353929, 38.926580791452608 ], [ -77.031857295494703, 38.926744791908597 ], [ -77.027048293595684, 38.926756791403086 ], [ -77.027512293567568, 38.928712791821198 ], [ -77.032181295178759, 38.928641792140709 ], [ -77.032614294944224, 38.928812792221066 ] ] ] } },
{ "type": "Feature", "properties": { "GEOCODE": "110010031001", "ward": 1.0, "neighborhood": "Columbia Heights, Mt. Pleasant, Pleasant Plains, Park View" }, "geometry": { "type": "Polygon", "coordinates": [ [ [ -77.027746294041933, 38.929682792117482 ], [ -77.027048293595684, 38.926756791403086 ], [ -77.023488292705281, 38.927084791867877 ], [ -77.022966292197708, 38.927233792272261 ], [ -77.023372292237781, 38.930025792531175 ], [ -77.027746294041933, 38.929682792117482 ] ] ] } },
{ "type": "Feature", "properties": { "GEOCODE": "110010031002", "ward": 1.0, "neighborhood": "Columbia Heights, Mt. Pleasant, Pleasant Plains, Park View" }, "geometry": { "type": "Polygon", "coordinates": [ [ [ -77.028262294733295, 38.931828792881412 ], [ -77.027746294041933, 38.929682792117482 ], [ -77.023372292237781, 38.930025792531175 ], [ -77.024294293097597, 38.936298793932622 ], [ -77.024433293578696, 38.936261793991207 ], [ -77.026823294407038, 38.933029792493521 ], [ -77.026822293639668, 38.932754792558704 ], [ -77.027061294536466, 38.932667792891543 ], [ -77.027573293853166, 38.932078792978217 ], [ -77.028262294733295, 38.931828792881412 ] ] ] } },
{ "type": "Feature", "properties": { "GEOCODE": "110010043001", "ward": 2.0, "neighborhood": "Dupont Circle, Connecticut Avenue/K Street" }, "geometry": { "type": "Polygon", "coordinates": [ [ [ -77.03650429536647, 38.916296789144369 ], [ -77.036511295684505, 38.914100788814793 ], [ -77.034547295508162, 38.914099788857087 ], [ -77.034537295506908, 38.916295789036859 ], [ -77.03650429536647, 38.916296789144369 ] ] ] } },
{ "type": "Feature", "properties": { "GEOCODE": "110010043002", "ward": 1.0, "neighborhood": "Howard University, Le Droit Park, Cardozo/Shaw" }, "geometry": { "type": "Polygon", "coordinates": [ [ [ -77.034728295576116, 38.919186789889132 ], [ -77.034532295463293, 38.918409789421027 ], [ -77.034534295020364, 38.917009789551038 ], [ -77.031953294022657, 38.917005789097729 ], [ -77.031943294412329, 38.92007178971572 ], [ -77.033938294812302, 38.919635789942369 ], [ -77.034416295188578, 38.919190790014682 ], [ -77.034728295576116, 38.919186789889132 ] ] ] } },
{ "type": "Feature", "properties": { "GEOCODE": "110010043003", "ward": 1.0, "neighborhood": "Dupont Circle, Connecticut Avenue/K Street" }, "geometry": { "type": "Polygon", "coordinates": [ [ [ -77.036498296610432, 38.919152789887661 ], [ -77.03650429536647, 38.916296789144369 ], [ -77.034537295506908, 38.916295789036859 ], [ -77.034532295463293, 38.918409789421027 ], [ -77.034728295576116, 38.919186789889132 ], [ -77.036498296610432, 38.919152789887661 ] ] ] } },
{ "type": "Feature", "properties": { "GEOCODE": "110010043004", "ward": 2.0, "neighborhood": "Howard University, Le Droit Park, Cardozo/Shaw" }, "geometry": { "type": "Polygon", "coordinates": [ [ [ -77.034534295020364, 38.917009789551038 ], [ -77.034547295508162, 38.914099788857087 ], [ -77.031953294664575, 38.914101789125127 ], [ -77.031953294022657, 38.917005789097729 ], [ -77.034534295020364, 38.917009789551038 ] ] ] } },
{ "type": "Feature", "properties": { "GEOCODE": "110010044011", "ward": 1.0, "neighborhood": "Howard University, Le Droit Park, Cardozo/Shaw" }, "geometry": { "type": "Polygon", "coordinates": [ [ [ -77.029679294418187, 38.920506789866572 ], [ -77.029623294088694, 38.917006789506864 ], [ -77.027039293534159, 38.917006789975453 ], [ -77.02703829341057, 38.920770790159914 ], [ -77.029679294418187, 38.920506789866572 ] ] ] } },
{ "type": "Feature", "properties": { "GEOCODE": "110010044012", "ward": 1.0, "neighborhood": "Howard University, Le Droit Park, Cardozo/Shaw" }, "geometry": { "type": "Polygon", "coordinates": [ [ [ -77.031943294412329, 38.92007178971572 ], [ -77.031953294022657, 38.917005789097729 ], [ -77.029623294088694, 38.917006789506864 ], [ -77.029679294418187, 38.920506789866572 ], [ -77.031943294412329, 38.92007178971572 ] ] ] } },
{ "type": "Feature", "properties": { "GEOCODE": "110010044013", "ward": 1.0, "neighborhood": "Howard University, Le Droit Park, Cardozo/Shaw" }, "geometry": { "type": "Polygon", "coordinates": [ [ [ -77.02703829341057, 38.920770790159914 ], [ -77.027039293534159, 38.917006789975453 ], [ -77.023957291539574, 38.916997789405769 ], [ -77.023947292472329, 38.917112790028945 ], [ -77.023945291738798, 38.917771789564611 ], [ -77.02511729230811, 38.919598790459247 ], [ -77.025907292608622, 38.920491790065327 ], [ -77.026764293618228, 38.920780790325757 ], [ -77.02703829341057, 38.920770790159914 ] ] ] } },
{ "type": "Feature", "properties": { "GEOCODE": "110010044021", "ward": 1.0, "neighborhood": "Howard University, Le Droit Park, Cardozo/Shaw" }, "geometry": { "type": "Polygon", "coordinates": [ [ [ -77.031953294022657, 38.917005789097729 ], [ -77.031953294664575, 38.914101789125127 ], [ -77.027037292352247, 38.914097789088089 ], [ -77.027039293534159, 38.917006789975453 ], [ -77.031953294022657, 38.917005789097729 ] ] ] } },
{ "type": "Feature", "properties": { "GEOCODE": "110010044022", "ward": 1.0, "neighborhood": "Howard University, Le Droit Park, Cardozo/Shaw" }, "geometry": { "type": "Polygon", "coordinates": [ [ [ -77.027039293534159, 38.917006789975453 ], [ -77.027037292352247, 38.914097789088089 ], [ -77.021918291531378, 38.914095789691224 ], [ -77.021895291252946, 38.916268790155812 ], [ -77.023957291539574, 38.916997789405769 ], [ -77.027039293534159, 38.917006789975453 ] ] ] } },
{ "type": "Feature", "properties": { "GEOCODE": "110010046001", "ward": 5.0, "neighborhood": "Edgewood, Bloomingdale, Truxton Circle, Eckington" }, "geometry": { "type": "Polygon", "coordinates": [ [ [ -77.012159287675757, 38.912124789367475 ], [ -77.012162287777699, 38.906276788317541 ], [ -77.009004286281311, 38.907281788250046 ], [ -77.009028287350077, 38.910790789259508 ], [ -77.012159287675757, 38.912124789367475 ] ] ] } },
{ "type": "Feature", "properties": { "GEOCODE": "110010046002", "ward": 5.0, "neighborhood": "Edgewood, Bloomingdale, Truxton Circle, Eckington" }, "geometry": { "type": "Polygon", "coordinates": [ [ [ -77.018111289850864, 38.914653789472013 ], [ -77.014816288200947, 38.905424788211384 ], [ -77.012162287777699, 38.906276788317541 ], [ -77.012159287675757, 38.912124789367475 ], [ -77.018111289850864, 38.914653789472013 ] ] ] } },
{ "type": "Feature", "properties": { "GEOCODE": "110010047021", "ward": 6.0, "neighborhood": "Downtown, Chinatown, Penn Quarters, Mount Vernon Square, North Capitol Street" }, "geometry": { "type": "Polygon", "coordinates": [ [ [ -77.013724288445417, 38.902521787668604 ], [ -77.013662288190474, 38.899238786791585 ], [ -77.012351286831588, 38.898831786348964 ], [ -77.009066286377987, 38.89747678648186 ], [ -77.009066286878735, 38.902522787093226 ], [ -77.013724288445417, 38.902521787668604 ] ] ] } },
{ "type": "Feature", "properties": { "GEOCODE": "110010047022", "ward": 6.0, "neighborhood": "Downtown, Chinatown, Penn Quarters, Mount Vernon Square, North Capitol Street" }, "geometry": { "type": "Polygon", "coordinates": [ [ [ -77.016200288054222, 38.900183787142026 ], [ -77.013662288190474, 38.899238786791585 ], [ -77.013724288445417, 38.902521787668604 ], [ -77.016178288739596, 38.902526787599349 ], [ -77.016200288054222, 38.900183787142026 ] ] ] } },
{ "type": "Feature", "properties": { "GEOCODE": "110010047023", "ward": 6.0, "neighborhood": "Downtown, Chinatown, Penn Quarters, Mount Vernon Square, North Capitol Street" }, "geometry": { "type": "Polygon", "coordinates": [ [ [ -77.01765028877972, 38.902527786982915 ], [ -77.017657288897368, 38.901330786930494 ], [ -77.016176288645724, 38.90133278686686 ], [ -77.016178288739596, 38.902526787599349 ], [ -77.01765028877972, 38.902527786982915 ] ] ] } },
{ "type": "Feature", "properties": { "GEOCODE": "110010047024", "ward": 6.0, "neighborhood": "Downtown, Chinatown, Penn Quarters, Mount Vernon Square, North Capitol Street" }, "geometry": { "type": "Polygon", "coordinates": [ [ [ -77.02192029031481, 38.902528787064618 ], [ -77.021917290632075, 38.902108786504023 ], [ -77.018929288965211, 38.901131786771572 ], [ -77.018929289635196, 38.901329786887892 ], [ -77.017657288897368, 38.901330786930494 ], [ -77.01765028877972, 38.902527786982915 ], [ -77.02192029031481, 38.902528787064618 ] ] ] } },
{ "type": "Feature", "properties": { "GEOCODE": "110010047025", "ward": 6.0, "neighborhood": "Downtown, Chinatown, Penn Quarters, Mount Vernon Square, North Capitol Street" }, "geometry": { "type": "Polygon", "coordinates": [ [ [ -77.018929289635196, 38.901329786887892 ], [ -77.018929288965211, 38.901131786771572 ], [ -77.016202288967676, 38.900161786647303 ], [ -77.016176288645724, 38.90133278686686 ], [ -77.018929289635196, 38.901329786887892 ] ] ] } },
{ "type": "Feature", "properties": { "GEOCODE": "110010047031", "ward": 6.0, "neighborhood": "Downtown, Chinatown, Penn Quarters, Mount Vernon Square, North Capitol Street" }, "geometry": { "type": "Polygon", "coordinates": [ [ [ -77.01763028929895, 38.903741787504593 ], [ -77.01765028877972, 38.902527786982915 ], [ -77.016178288739596, 38.902526787599349 ], [ -77.016177288333211, 38.903742787793256 ], [ -77.01763028929895, 38.903741787504593 ] ] ] } },
{ "type": "Feature", "properties": { "GEOCODE": "110010047032", "ward": 6.0, "neighborhood": "Downtown, Chinatown, Penn Quarters, Mount Vernon Square, North Capitol Street" }, "geometry": { "type": "Polygon", "coordinates": [ [ [ -77.021921290346341, 38.902946787212834 ], [ -77.02192029031481, 38.902528787064618 ], [ -77.01765028877972, 38.902527786982915 ], [ -77.01763028929895, 38.903741787504593 ], [ -77.018926289886437, 38.903727787524268 ], [ -77.018930289368242, 38.903923787045578 ], [ -77.021921290346341, 38.902946787212834 ] ] ] } },
{ "type": "Feature", "properties": { "GEOCODE": "110010047033", "ward": 6.0, "neighborhood": "Downtown, Chinatown, Penn Quarters, Mount Vernon Square, North Capitol Street" }, "geometry": { "type": "Polygon", "coordinates": [ [ [ -77.018930289368242, 38.903923787045578 ], [ -77.018926289886437, 38.903727787524268 ], [ -77.016177288333211, 38.903742787793256 ], [ -77.016182288539525, 38.904886787632492 ], [ -77.018930289368242, 38.903923787045578 ] ] ] } },
{ "type": "Feature", "properties": { "GEOCODE": "110010047034", "ward": 6.0, "neighborhood": "Downtown, Chinatown, Penn Quarters, Mount Vernon Square, North Capitol Street" }, "geometry": { "type": "Polygon", "coordinates": [ [ [ -77.016182288539525, 38.904886787632492 ], [ -77.016178288739596, 38.902526787599349 ], [ -77.013724288445417, 38.902521787668604 ], [ -77.014816288200947, 38.905424788211384 ], [ -77.016182288539525, 38.904886787632492 ] ] ] } },
{ "type": "Feature", "properties": { "GEOCODE": "110010047041", "ward": 6.0, "neighborhood": "Downtown, Chinatown, Penn Quarters, Mount Vernon Square, North Capitol Street" }, "geometry": { "type": "Polygon", "coordinates": [ [ [ -77.012173287351857, 38.905652787727114 ], [ -77.012173287050956, 38.902523787398749 ], [ -77.009066286878735, 38.902522787093226 ], [ -77.009065286582626, 38.905654788169194 ], [ -77.012173287351857, 38.905652787727114 ] ] ] } },
{ "type": "Feature", "properties": { "GEOCODE": "110010035002", "ward": 1.0, "neighborhood": "Columbia Heights, Mt. Pleasant, Pleasant Plains, Park View" }, "geometry": { "type": "Polygon", "coordinates": [ [ [ -77.02704029394539, 38.923774791020577 ], [ -77.02703829341057, 38.920770790159914 ], [ -77.026693293206236, 38.920766790511479 ], [ -77.025851293128909, 38.920446790560163 ], [ -77.025081292605762, 38.919549790182501 ], [ -77.023945291738798, 38.917771789564611 ], [ -77.023892292263113, 38.919649790376575 ], [ -77.024447292423702, 38.924011791075095 ], [ -77.02704029394539, 38.923774791020577 ] ] ] } },
{ "type": "Feature", "properties": { "GEOCODE": "110010035003", "ward": 1.0, "neighborhood": "Howard University, Le Droit Park, Cardozo/Shaw" }, "geometry": { "type": "Polygon", "coordinates": [ [ [ -77.024447292423702, 38.924011791075095 ], [ -77.023892292263113, 38.919649790376575 ], [ -77.023957291539574, 38.916997789405769 ], [ -77.021895291252946, 38.916268790155812 ], [ -77.021914291999025, 38.919901790603021 ], [ -77.022525291874032, 38.924190791660656 ], [ -77.024447292423702, 38.924011791075095 ] ] ] } },
{ "type": "Feature", "properties": { "GEOCODE": "110010036001", "ward": 1.0, "neighborhood": "Columbia Heights, Mt. Pleasant, Pleasant Plains, Park View" }, "geometry": { "type": "Polygon", "coordinates": [ [ [ -77.032145295274546, 38.92377079121232 ], [ -77.031843294882762, 38.920763789871778 ], [ -77.031943294412329, 38.92007178971572 ], [ -77.029679294418187, 38.920506789866572 ], [ -77.029713294097675, 38.923772790666284 ], [ -77.032145295274546, 38.92377079121232 ] ] ] } },
{ "type": "Feature", "properties": { "GEOCODE": "110010036002", "ward": 1.0, "neighborhood": "Columbia Heights, Mt. Pleasant, Pleasant Plains, Park View" }, "geometry": { "type": "Polygon", "coordinates": [ [ [ -77.032409295353929, 38.926580791452608 ], [ -77.032145295274546, 38.92377079121232 ], [ -77.029713294097675, 38.923772790666284 ], [ -77.029709294299309, 38.926749791627088 ], [ -77.032007295386407, 38.926736791172331 ], [ -77.032409295353929, 38.926580791452608 ] ] ] } },
{ "type": "Feature", "properties": { "GEOCODE": "110010036003", "ward": 1.0, "neighborhood": "Columbia Heights, Mt. Pleasant, Pleasant Plains, Park View" }, "geometry": { "type": "Polygon", "coordinates": [ [ [ -77.029709294299309, 38.926749791627088 ], [ -77.029679294418187, 38.920506789866572 ], [ -77.02703829341057, 38.920770790159914 ], [ -77.027048293595684, 38.926756791403086 ], [ -77.029709294299309, 38.926749791627088 ] ] ] } },
{ "type": "Feature", "properties": { "GEOCODE": "110010037011", "ward": 1.0, "neighborhood": "Columbia Heights, Mt. Pleasant, Pleasant Plains, Park View" }, "geometry": { "type": "Polygon", "coordinates": [ [ [ -77.035311295771336, 38.923440790788334 ], [ -77.035216296311091, 38.921462790579902 ], [ -77.031932294307083, 38.921667790734695 ], [ -77.032134294839011, 38.923642790488799 ], [ -77.035311295771336, 38.923440790788334 ] ] ] } },
{ "type": "Feature", "properties": { "GEOCODE": "110010037012", "ward": 1.0, "neighborhood": "Columbia Heights, Mt. Pleasant, Pleasant Plains, Park View" }, "geometry": { "type": "Polygon", "coordinates": [ [ [ -77.036493296363233, 38.923257790201383 ], [ -77.036498296610432, 38.919152789887661 ], [ -77.034416295188578, 38.919190790014682 ], [ -77.033938294812302, 38.919635789942369 ], [ -77.031943294412329, 38.92007178971572 ], [ -77.031841294253567, 38.920647790192163 ], [ -77.031932294307083, 38.921667790734695 ], [ -77.035216296311091, 38.921462790579902 ], [ -77.035311295471871, 38.923302790494255 ], [ -77.036493296363233, 38.923257790201383 ] ] ] } },
{ "type": "Feature", "properties": { "GEOCODE": "110010037021", "ward": 1.0, "neighborhood": "Columbia Heights, Mt. Pleasant, Pleasant Plains, Park View" }, "geometry": { "type": "Polygon", "coordinates": [ [ [ -77.036491296792747, 38.926279791286362 ], [ -77.036493296363233, 38.923257790201383 ], [ -77.035311295471871, 38.923302790494255 ], [ -77.035486295990282, 38.926332791339775 ], [ -77.036491296792747, 38.926279791286362 ] ] ] } },
{ "type": "Feature", "properties": { "GEOCODE": "110010037022", "ward": 1.0, "neighborhood": "Columbia Heights, Mt. Pleasant, Pleasant Plains, Park View" }, "geometry": { "type": "Polygon", "coordinates": [ [ [ -77.035486295990282, 38.926332791339775 ], [ -77.035311295771336, 38.923440790788334 ], [ -77.032134294839011, 38.923642790488799 ], [ -77.032409295353929, 38.926580791452608 ], [ -77.035486295990282, 38.926332791339775 ] ] ] } },
{ "type": "Feature", "properties": { "GEOCODE": "110010038011", "ward": 1.0, "neighborhood": "Kalorama Heights, Adams Morgan, Lanier Heights" }, "geometry": { "type": "Polygon", "coordinates": [ [ [ -77.038891297271377, 38.921358789800422 ], [ -77.038814296491822, 38.920105789537637 ], [ -77.038499297223055, 38.919679789901032 ], [ -77.038199296870047, 38.91969478993618 ], [ -77.03743329698392, 38.920247789761277 ], [ -77.036496295959509, 38.920371790330854 ], [ -77.036490295905054, 38.922739790935594 ], [ -77.038891297271377, 38.921358789800422 ] ] ] } },
{ "type": "Feature", "properties": { "GEOCODE": "110010038012", "ward": 1.0, "neighborhood": "Kalorama Heights, Adams Morgan, Lanier Heights" }, "geometry": { "type": "Polygon", "coordinates": [ [ [ -77.0417062971772, 38.919666789264298 ], [ -77.041658297257854, 38.916787788723923 ], [ -77.0408772969203, 38.91721378938545 ], [ -77.040193297242851, 38.918051789864329 ], [ -77.036498296610432, 38.919152789887661 ], [ -77.036496295959509, 38.920371790330854 ], [ -77.03743329698392, 38.920247789761277 ], [ -77.038199296870047, 38.91969478993618 ], [ -77.038499297223055, 38.919679789901032 ], [ -77.038814296491822, 38.920105789537637 ], [ -77.038891297271377, 38.921358789800422 ], [ -77.040871297479981, 38.920203789709888 ], [ -77.040757296886582, 38.919855790061142 ], [ -77.0417062971772, 38.919666789264298 ] ] ] } },
{ "type": "Feature", "properties": { "GEOCODE": "110010038021", "ward": 1.0, "neighborhood": "Kalorama Heights, Adams Morgan, Lanier Heights" }, "geometry": { "type": "Polygon", "coordinates": [ [ [ -77.04268629843294, 38.922668789887354 ], [ -77.0417062971772, 38.919666789264298 ], [ -77.040757296886582, 38.919855790061142 ], [ -77.040871297479981, 38.920203789709888 ], [ -77.04004429776127, 38.920673790064122 ], [ -77.040227296991745, 38.923121790022208 ], [ -77.042096298091877, 38.923062790175592 ], [ -77.04268629843294, 38.922668789887354 ] ] ] } },
{ "type": "Feature", "properties": { "GEOCODE": "110010038022", "ward": 1.0, "neighborhood": "Kalorama Heights, Adams Morgan, Lanier Heights" }, "geometry": { "type": "Polygon", "coordinates": [ [ [ -77.036490296087578, 38.926532791095269 ], [ -77.042096298091877, 38.923062790175592 ], [ -77.036493296363233, 38.923257790201383 ], [ -77.036490296087578, 38.926532791095269 ] ] ] } },
{ "type": "Feature", "properties": { "GEOCODE": "110010038023", "ward": 1.0, "neighborhood": "Kalorama Heights, Adams Morgan, Lanier Heights" }, "geometry": { "type": "Polygon", "coordinates": [ [ [ -77.040227296991745, 38.923121790022208 ], [ -77.04004429776127, 38.920673790064122 ], [ -77.036490295905054, 38.922739790935594 ], [ -77.036493296363233, 38.923257790201383 ], [ -77.040227296991745, 38.923121790022208 ] ] ] } },
{ "type": "Feature", "properties": { "GEOCODE": "110010039011", "ward": 1.0, "neighborhood": "Kalorama Heights, Adams Morgan, Lanier Heights" }, "geometry": { "type": "Polygon", "coordinates": [ [ [ -77.041216297549369, 38.927189790852289 ], [ -77.041216298248742, 38.926867791277715 ], [ -77.039799296974806, 38.92645179101342 ], [ -77.039357297228477, 38.925884791422298 ], [ -77.038452296913263, 38.925364791132466 ], [ -77.036490296087578, 38.926532791095269 ], [ -77.036709296519092, 38.927125791345325 ], [ -77.037572297367873, 38.926953791533393 ], [ -77.038559297653251, 38.927180791297197 ], [ -77.041216297549369, 38.927189790852289 ] ] ] } },
{ "type": "Feature", "properties": { "GEOCODE": "110010039012", "ward": 1.0, "neighborhood": "Kalorama Heights, Adams Morgan, Lanier Heights" }, "geometry": { "type": "Polygon", "coordinates": [ [ [ -77.041053297635003, 38.925199790970517 ], [ -77.043679298705769, 38.923432789985945 ], [ -77.042921298057948, 38.92307479003064 ], [ -77.04268629843294, 38.922668789887354 ], [ -77.038452296913263, 38.925364791132466 ], [ -77.039357297228477, 38.925884791422298 ], [ -77.039799296974806, 38.92645179101342 ], [ -77.041216298248742, 38.926867791277715 ], [ -77.041547298572596, 38.926151791185042 ], [ -77.041606298444819, 38.925479791060262 ], [ -77.041053297635003, 38.925199790970517 ] ] ] } },
{ "type": "Feature", "properties": { "GEOCODE": "110010039021", "ward": 1.0, "neighborhood": "Rock Creek Park" }, "geometry": { "type": "Polygon", "coordinates": [ [ [ -77.049517300980725, 38.928141791284233 ], [ -77.049874301298317, 38.927710790660612 ], [ -77.049444300215669, 38.925572790631136 ], [ -77.048923299930493, 38.924981790265946 ], [ -77.04872929988727, 38.924488790072083 ], [ -77.048567300169537, 38.923351790151393 ], [ -77.043361298372332, 38.92324679015951 ], [ -77.044487299374509, 38.923799790516775 ], [ -77.04468729907525, 38.924030790277612 ], [ -77.044724298865674, 38.9247537902883 ], [ -77.044371299271162, 38.925861790525332 ], [ -77.044273298801045, 38.926016790592065 ], [ -77.043287298844902, 38.925495790916635 ], [ -77.041606298444819, 38.925479791060262 ], [ -77.041547298572596, 38.926151791185042 ], [ -77.041216297639622, 38.926844791243248 ], [ -77.041216297549369, 38.927189790852289 ], [ -77.042005298580719, 38.927273790823698 ], [ -77.043370298691798, 38.927976791226463 ], [ -77.044536298623086, 38.928130791242246 ], [ -77.044688299181274, 38.927166791187737 ], [ -77.044912298583526, 38.926585791381115 ], [ -77.046305299882249, 38.925950790978895 ], [ -77.046604299105226, 38.926063790478139 ], [ -77.047057299560123, 38.926719791039154 ], [ -77.048259299761028, 38.927410790962391 ], [ -77.048946299982305, 38.928007790816416 ], [ -77.049517300980725, 38.928141791284233 ] ] ] } },
{ "type": "Feature", "properties": { "GEOCODE": "110010039022", "ward": 1.0, "neighborhood": "Kalorama Heights, Adams Morgan, Lanier Heights" }, "geometry": { "type": "Polygon", "coordinates": [ [ [ -77.044741298942995, 38.92459279067608 ], [ -77.044609299265389, 38.923895790738605 ], [ -77.043679298705769, 38.923432789985945 ], [ -77.041053297635003, 38.925199790970517 ], [ -77.041633297931043, 38.925483791047299 ], [ -77.043342298481349, 38.925504790560943 ], [ -77.044273298801045, 38.926016790592065 ], [ -77.044534298416878, 38.925487790496589 ], [ -77.044741298942995, 38.92459279067608 ] ] ] } },
{ "type": "Feature", "properties": { "GEOCODE": "110010040011", "ward": 1.0, "neighborhood": "Kalorama Heights, Adams Morgan, Lanier Heights" }, "geometry": { "type": "Polygon", "coordinates": [ [ [ -77.047349299377885, 38.92318379023331 ], [ -77.047047299018459, 38.922593790428088 ], [ -77.046289298774639, 38.922335790251594 ], [ -77.044783298813215, 38.919059788997117 ], [ -77.044033298187614, 38.920384789345988 ], [ -77.043239298721574, 38.922193790223034 ], [ -77.04268629843294, 38.922668789887354 ], [ -77.042786298585028, 38.92293479073669 ], [ -77.043361298372332, 38.92324679015951 ], [ -77.047349299377885, 38.92318379023331 ] ] ] } },
{ "type": "Feature", "properties": { "GEOCODE": "110010040012", "ward": 1.0, "neighborhood": "Kalorama Heights, Adams Morgan, Lanier Heights" }, "geometry": { "type": "Polygon", "coordinates": [ [ [ -77.047942299320624, 38.918620789282144 ], [ -77.047571299546405, 38.918398789157997 ], [ -77.04628729914414, 38.915998788507714 ], [ -77.04629729944277, 38.916509788646685 ], [ -77.046068298988544, 38.917027788998659 ], [ -77.044783298813215, 38.919059788997117 ], [ -77.045002298908031, 38.919542789152878 ], [ -77.047942299320624, 38.918620789282144 ] ] ] } },
{ "type": "Feature", "properties": { "GEOCODE": "110010040013", "ward": 1.0, "neighborhood": "Kalorama Heights, Adams Morgan, Lanier Heights" }, "geometry": { "type": "Polygon", "coordinates": [ [ [ -77.049059299858413, 38.919331789177356 ], [ -77.048689299362593, 38.918830788900493 ], [ -77.047942299320624, 38.918620789282144 ], [ -77.045002298908031, 38.919542789152878 ], [ -77.045539298940483, 38.920654789872081 ], [ -77.048061299702113, 38.920515789330935 ], [ -77.049059299858413, 38.919331789177356 ] ] ] } },
{ "type": "Feature", "properties": { "GEOCODE": "110010040014", "ward": 1.0, "neighborhood": "Kalorama Heights, Adams Morgan, Lanier Heights" }, "geometry": { "type": "Polygon", "coordinates": [ [ [ -77.050183300322544, 38.92124878950635 ], [ -77.049059299858413, 38.919331789177356 ], [ -77.048061299702113, 38.920515789330935 ], [ -77.045539298940483, 38.920654789872081 ], [ -77.046289298774639, 38.922335790251594 ], [ -77.047074299222047, 38.922615790494106 ], [ -77.047287299390788, 38.92291478986229 ], [ -77.047342300008225, 38.923255790291485 ], [ -77.048567300169537, 38.923351790151393 ], [ -77.04854229972338, 38.922778790081914 ], [ -77.04870429982337, 38.922412790123637 ], [ -77.049550300250672, 38.921882789977133 ], [ -77.050183300322544, 38.92124878950635 ] ] ] } },
{ "type": "Feature", "properties": { "GEOCODE": "110010040021", "ward": 1.0, "neighborhood": "Kalorama Heights, Adams Morgan, Lanier Heights" }, "geometry": { "type": "Polygon", "coordinates": [ [ [ -77.044363298107669, 38.919733789375108 ], [ -77.0417062971772, 38.919666789264298 ], [ -77.04268629843294, 38.922668789887354 ], [ -77.043239298721574, 38.922193790223034 ], [ -77.044363298107669, 38.919733789375108 ] ] ] } },
{ "type": "Feature", "properties": { "GEOCODE": "110010040022", "ward": 1.0, "neighborhood": "Kalorama Heights, Adams Morgan, Lanier Heights" }, "geometry": { "type": "Polygon", "coordinates": [ [ [ -77.044783298813215, 38.919059788997117 ], [ -77.043438298259971, 38.91589578926979 ], [ -77.041658297257854, 38.916787788723923 ], [ -77.0417062971772, 38.919666789264298 ], [ -77.04440029831872, 38.919671789910623 ], [ -77.044783298813215, 38.919059788997117 ] ] ] } },
{ "type": "Feature", "properties": { "GEOCODE": "110010040023", "ward": 1.0, "neighborhood": "Kalorama Heights, Adams Morgan, Lanier Heights" }, "geometry": { "type": "Polygon", "coordinates": [ [ [ -77.046299299426181, 38.916318788639913 ], [ -77.046090298391277, 38.914441788018223 ], [ -77.043438298259971, 38.91589578926979 ], [ -77.044783298813215, 38.919059788997117 ], [ -77.046068298988544, 38.917027788998659 ], [ -77.046299299426181, 38.916318788639913 ] ] ] } },
{ "type": "Feature", "properties": { "GEOCODE": "110010041001", "ward": 2.0, "neighborhood": "Kalorama Heights, Adams Morgan, Lanier Heights" }, "geometry": { "type": "Polygon", "coordinates": [ [ [ -77.050625300637719, 38.915634788659453 ], [ -77.050618299772623, 38.914098788192092 ], [ -77.046576298944785, 38.914037788429525 ], [ -77.046090298391277, 38.914441788018223 ], [ -77.046230298503431, 38.915846789108265 ], [ -77.046988299714656, 38.917257789162932 ], [ -77.049519299405347, 38.916548788895213 ], [ -77.049341299857005, 38.915970788527822 ], [ -77.050625300637719, 38.915634788659453 ] ] ] } },
{ "type": "Feature", "properties": { "GEOCODE": "110010041002", "ward": 2.0, "neighborhood": "Kalorama Heights, Adams Morgan, Lanier Heights" }, "geometry": { "type": "Polygon", "coordinates": [ [ [ -77.058260302987733, 38.91772378902548 ], [ -77.056769301738299, 38.916629788742036 ], [ -77.055946302027294, 38.917308788912734 ], [ -77.054531301152991, 38.916311788409622 ], [ -77.050621300518785, 38.916295788725698 ], [ -77.050625300637719, 38.915634788659453 ], [ -77.049341299857005, 38.915970788527822 ], [ -77.049519299405347, 38.916548788895213 ], [ -77.046988299714656, 38.917257789162932 ], [ -77.047633299888048, 38.918475789637029 ], [ -77.048874300216795, 38.918994789400777 ], [ -77.050183300322544, 38.92124878950635 ], [ -77.051008300825401, 38.91994278957484 ], [ -77.051229300290913, 38.919786789346489 ], [ -77.051962301390958, 38.919588789612149 ], [ -77.053255301248015, 38.920097789749441 ], [ -77.054583301547595, 38.919937789001672 ], [ -77.054916301708531, 38.919674788843402 ], [ -77.055324302383966, 38.919042789039537 ], [ -77.056187301770493, 38.918654789307524 ], [ -77.057248302357522, 38.918401788790341 ], [ -77.058260302987733, 38.91772378902548 ] ] ] } },
{ "type": "Feature", "properties": { "GEOCODE": "110010041003", "ward": 2.0, "neighborhood": "Kalorama Heights, Adams Morgan, Lanier Heights" }, "geometry": { "type": "Polygon", "coordinates": [ [ [ -77.058808302488231, 38.915811788237313 ], [ -77.058663302300019, 38.915472788237572 ], [ -77.05625730180418, 38.913947787810571 ], [ -77.055189301123576, 38.913000788242755 ], [ -77.052494300586048, 38.911976788094037 ], [ -77.051530300187011, 38.911214788026889 ], [ -77.050087299308032, 38.909642787371588 ], [ -77.048799299269604, 38.909641787507823 ], [ -77.048792299300047, 38.911508787817247 ], [ -77.047476298867352, 38.912703788351656 ], [ -77.046894298548636, 38.91374278857716 ], [ -77.046576298944785, 38.914037788429525 ], [ -77.050618299772623, 38.914098788192092 ], [ -77.050621300518785, 38.916295788725698 ], [ -77.054531301152991, 38.916311788409622 ], [ -77.055946302027294, 38.917308788912734 ], [ -77.056769301738299, 38.916629788742036 ], [ -77.058203302617173, 38.917682788978411 ], [ -77.058605302400551, 38.917064788415296 ], [ -77.058808302488231, 38.915811788237313 ] ] ] } },
{ "type": "Feature", "properties": { "GEOCODE": "110010042011", "ward": 2.0, "neighborhood": "Dupont Circle, Connecticut Avenue/K Street" }, "geometry": { "type": "Polygon", "coordinates": [ [ [ -77.038475296267038, 38.918530789848724 ], [ -77.038482296771747, 38.914098788811479 ], [ -77.036511295684505, 38.914100788814793 ], [ -77.036498296610432, 38.919152789887661 ], [ -77.038475296267038, 38.918530789848724 ] ] ] } },
{ "type": "Feature", "properties": { "GEOCODE": "110010042012", "ward": 1.0, "neighborhood": "Dupont Circle, Connecticut Avenue/K Street" }, "geometry": { "type": "Polygon", "coordinates": [ [ [ -77.041658297257854, 38.916787788723923 ], [ -77.041658296990221, 38.916297789395465 ], [ -77.038475296644421, 38.916293789354206 ], [ -77.038475296267038, 38.918530789848724 ], [ -77.040193297242851, 38.918051789864329 ], [ -77.040854297729481, 38.917234789547528 ], [ -77.041658297257854, 38.916787788723923 ] ] ] } },
{ "type": "Feature", "properties": { "GEOCODE": "110010042013", "ward": 2.0, "neighborhood": "Dupont Circle, Connecticut Avenue/K Street" }, "geometry": { "type": "Polygon", "coordinates": [ [ [ -77.041658296990221, 38.916297789395465 ], [ -77.041664296872938, 38.914099788309279 ], [ -77.038482296771747, 38.914098788811479 ], [ -77.038475296644421, 38.916293789354206 ], [ -77.041658296990221, 38.916297789395465 ] ] ] } },
{ "type": "Feature", "properties": { "GEOCODE": "110010042021", "ward": 2.0, "neighborhood": "Dupont Circle, Connecticut Avenue/K Street" }, "geometry": { "type": "Polygon", "coordinates": [ [ [ -77.045159298089601, 38.91261378838005 ], [ -77.043770297292056, 38.910211787471503 ], [ -77.043349298086312, 38.910263787456451 ], [ -77.042979297436247, 38.910149787523629 ], [ -77.039277297063052, 38.914099789039476 ], [ -77.043431297753898, 38.914096788275735 ], [ -77.043434297690752, 38.912615788218041 ], [ -77.045159298089601, 38.91261378838005 ] ] ] } },
{ "type": "Feature", "properties": { "GEOCODE": "110010042022", "ward": 2.0, "neighborhood": "Dupont Circle, Connecticut Avenue/K Street" }, "geometry": { "type": "Polygon", "coordinates": [ [ [ -77.041658297257854, 38.916787788723923 ], [ -77.046090298391277, 38.914441788018223 ], [ -77.045159298089601, 38.91261378838005 ], [ -77.043434297690752, 38.912615788218041 ], [ -77.043431297753898, 38.914096788275735 ], [ -77.041664296872938, 38.914099788309279 ], [ -77.041658297257854, 38.916787788723923 ] ] ] } },
{ "type": "Feature", "properties": { "GEOCODE": "110010056013", "ward": 2.0, "neighborhood": "West End, Foggy Bottom, GWU" }, "geometry": { "type": "Polygon", "coordinates": [ [ [ -77.053308300168695, 38.902492786213124 ], [ -77.053310300190219, 38.899672784839574 ], [ -77.053198300009797, 38.899589785101576 ], [ -77.050133298744285, 38.899581785487655 ], [ -77.050122299489701, 38.901994785833146 ], [ -77.050563299333376, 38.902120785775693 ], [ -77.05078729904622, 38.902470785830175 ], [ -77.053308300168695, 38.902492786213124 ] ] ] } },
{ "type": "Feature", "properties": { "GEOCODE": "110010056021", "ward": 2.0, "neighborhood": "West End, Foggy Bottom, GWU" }, "geometry": { "type": "Polygon", "coordinates": [ [ [ -77.053533299788597, 38.899356784807033 ], [ -77.053261299808014, 38.899198785341845 ], [ -77.053107299554796, 38.898761784973388 ], [ -77.052113299959998, 38.898224784619337 ], [ -77.051821299769315, 38.898328784565813 ], [ -77.050137298662264, 38.898334784861937 ], [ -77.050133298744285, 38.899581785487655 ], [ -77.05314829993354, 38.899584784797597 ], [ -77.053310300190219, 38.899672784839574 ], [ -77.053533299788597, 38.899356784807033 ] ] ] } },
{ "type": "Feature", "properties": { "GEOCODE": "110010056022", "ward": 2.0, "neighborhood": "West End, Foggy Bottom, GWU" }, "geometry": { "type": "Polygon", "coordinates": [ [ [ -77.053107299554796, 38.898761784973388 ], [ -77.052823299761627, 38.898058784777035 ], [ -77.05282329971557, 38.897127784597849 ], [ -77.052967299747166, 38.896528784605884 ], [ -77.052759299511166, 38.896202784834891 ], [ -77.051370299441942, 38.895917784609743 ], [ -77.050119299374543, 38.896031784853484 ], [ -77.050137298662264, 38.898334784861937 ], [ -77.051821299769315, 38.898328784565813 ], [ -77.052113299959998, 38.898224784619337 ], [ -77.053107299554796, 38.898761784973388 ] ] ] } },
{ "type": "Feature", "properties": { "GEOCODE": "110010056023", "ward": 2.0, "neighborhood": "West End, Foggy Bottom, GWU" }, "geometry": { "type": "Polygon", "coordinates": [ [ [ -77.058599301677802, 38.90129578506189 ], [ -77.058540302294787, 38.901043785044429 ], [ -77.057391300882969, 38.900107785588673 ], [ -77.057490300978444, 38.899717784727827 ], [ -77.057301301496594, 38.899572785295327 ], [ -77.057396301223761, 38.899377785072772 ], [ -77.056644301497656, 38.898487785276835 ], [ -77.056655300608867, 38.897676784757373 ], [ -77.056126300425063, 38.897657784741348 ], [ -77.055755300618017, 38.897421784671359 ], [ -77.055395301002676, 38.897362784489488 ], [ -77.053625300121141, 38.897363784299735 ], [ -77.053412299537897, 38.897462784736248 ], [ -77.053314299543445, 38.898497785254477 ], [ -77.053107299554796, 38.898761784973388 ], [ -77.053261299808014, 38.899198785341845 ], [ -77.053533299788597, 38.899356784807033 ], [ -77.053310300190219, 38.899672784839574 ], [ -77.053309300720684, 38.900704784993522 ], [ -77.054703300940247, 38.900754785549552 ], [ -77.054743301141073, 38.902491785675132 ], [ -77.057670301303247, 38.902550785669661 ], [ -77.058256302058055, 38.901983785394904 ], [ -77.058599301677802, 38.90129578506189 ] ] ] } },
{ "type": "Feature", "properties": { "GEOCODE": "110010058011", "ward": 2.0, "neighborhood": "Downtown, Chinatown, Penn Quarters, Mount Vernon Square, North Capitol Street" }, "geometry": { "type": "Polygon", "coordinates": [ [ [ -77.021919290677019, 38.896139786038745 ], [ -77.021921290344565, 38.893302785409844 ], [ -77.019901289707192, 38.892766785003843 ], [ -77.019903289495403, 38.894418785640802 ], [ -77.019009289042032, 38.894686785806115 ], [ -77.018936289098974, 38.894809785321407 ], [ -77.018928289389137, 38.896135785922539 ], [ -77.021919290677019, 38.896139786038745 ] ] ] } },
{ "type": "Feature", "properties": { "GEOCODE": "110010058012", "ward": 2.0, "neighborhood": "Downtown, Chinatown, Penn Quarters, Mount Vernon Square, North Capitol Street" }, "geometry": { "type": "Polygon", "coordinates": [ [ [ -77.021917290632075, 38.902108786504023 ], [ -77.021919290677019, 38.896139786038745 ], [ -77.018928289389137, 38.896135785922539 ], [ -77.018929288965211, 38.901131786771572 ], [ -77.021917290632075, 38.902108786504023 ] ] ] } },
{ "type": "Feature", "properties": { "GEOCODE": "110010058021", "ward": 2.0, "neighborhood": "Downtown, Chinatown, Penn Quarters, Mount Vernon Square, North Capitol Street" }, "geometry": { "type": "Polygon", "coordinates": [ [ [ -77.029636293258534, 38.900223785829255 ], [ -77.029642292135975, 38.896133785400274 ], [ -77.027043292116744, 38.896137785156732 ], [ -77.027033291822505, 38.901110786648808 ], [ -77.029636293258534, 38.900223785829255 ] ] ] } },
{ "type": "Feature", "properties": { "GEOCODE": "110010058022", "ward": 2.0, "neighborhood": "Downtown, Chinatown, Penn Quarters, Mount Vernon Square, North Capitol Street" }, "geometry": { "type": "Polygon", "coordinates": [ [ [ -77.033644294421237, 38.898789786091598 ], [ -77.033651293582295, 38.896410785743221 ], [ -77.033061293323712, 38.896391785319416 ], [ -77.031964292890393, 38.896112785340584 ], [ -77.031957292763977, 38.895506785360361 ], [ -77.029635292932042, 38.895454785077085 ], [ -77.029636293258534, 38.900223785829255 ], [ -77.033644294421237, 38.898789786091598 ] ] ] } },
{ "type": "Feature", "properties": { "GEOCODE": "110010058023", "ward": 2.0, "neighborhood": "Downtown, Chinatown, Penn Quarters, Mount Vernon Square, North Capitol Street" }, "geometry": { "type": "Polygon", "coordinates": [ [ [ -77.029642292135975, 38.896133785400274 ], [ -77.029635292932042, 38.895454785077085 ], [ -77.023977290144316, 38.8938847852367 ], [ -77.023967290933754, 38.896140785471268 ], [ -77.029642292135975, 38.896133785400274 ] ] ] } },
{ "type": "Feature", "properties": { "GEOCODE": "110010058024", "ward": 2.0, "neighborhood": "Downtown, Chinatown, Penn Quarters, Mount Vernon Square, North Capitol Street" }, "geometry": { "type": "Polygon", "coordinates": [ [ [ -77.023967290933754, 38.896140785471268 ], [ -77.023977290144316, 38.8938847852367 ], [ -77.021921290344565, 38.893302785409844 ], [ -77.021919290677019, 38.896139786038745 ], [ -77.023967290933754, 38.896140785471268 ] ] ] } },
{ "type": "Feature", "properties": { "GEOCODE": "110010058025", "ward": 2.0, "neighborhood": "Downtown, Chinatown, Penn Quarters, Mount Vernon Square, North Capitol Street" }, "geometry": { "type": "Polygon", "coordinates": [ [ [ -77.027033291822505, 38.901110786648808 ], [ -77.027043292116744, 38.896137785156732 ], [ -77.021919290677019, 38.896139786038745 ], [ -77.021921290346341, 38.902946787212834 ], [ -77.02394029126755, 38.90293878694073 ], [ -77.02399129103469, 38.90209678701288 ], [ -77.027033291822505, 38.901110786648808 ] ] ] } },
{ "type": "Feature", "properties": { "GEOCODE": "110010059001", "ward": 6.0, "neighborhood": "Downtown, Chinatown, Penn Quarters, Mount Vernon Square, North Capitol Street" }, "geometry": { "type": "Polygon", "coordinates": [ [ [ -77.018929288965211, 38.901131786771572 ], [ -77.018933289557793, 38.899816786308762 ], [ -77.015242288663615, 38.899771786290763 ], [ -77.018929288965211, 38.901131786771572 ] ] ] } },
{ "type": "Feature", "properties": { "GEOCODE": "110010059002", "ward": 6.0, "neighborhood": "Downtown, Chinatown, Penn Quarters, Mount Vernon Square, North Capitol Street" }, "geometry": { "type": "Polygon", "coordinates": [ [ [ -77.019903289495403, 38.894418785640802 ], [ -77.019901289707192, 38.892766785003843 ], [ -77.016390288187182, 38.891790785023666 ], [ -77.015574288223846, 38.892074784761455 ], [ -77.013181287695261, 38.892097784953357 ], [ -77.010663286519772, 38.893955785310411 ], [ -77.010945287036108, 38.894795786064883 ], [ -77.009500286049985, 38.894796785456933 ], [ -77.00906228647878, 38.895110786227768 ], [ -77.009066286377987, 38.89747678648186 ], [ -77.012351286831588, 38.898831786348964 ], [ -77.015242288663615, 38.899771786290763 ], [ -77.018933289557793, 38.899816786308762 ], [ -77.018936289098974, 38.894809785321407 ], [ -77.019009289042032, 38.894686785806115 ], [ -77.019903289495403, 38.894418785640802 ] ] ] } },
{ "type": "Feature", "properties": { "GEOCODE": "110010064001", "ward": 6.0, "neighborhood": "Southwest Employment Area, Southwest/Waterfront, Fort McNair, Buzzard Point" }, "geometry": { "type": "Polygon", "coordinates": [ [ [ -77.014433286604344, 38.874843782077157 ], [ -77.014431286005177, 38.873994781088719 ], [ -77.014298286841495, 38.873766781293519 ], [ -77.013181285616142, 38.873422781867077 ], [ -77.013370286568687, 38.872984781750688 ], [ -77.00908628495651, 38.872983781214629 ], [ -77.009100284824967, 38.876476781908579 ], [ -77.013867286447493, 38.876465782254897 ], [ -77.014433286604344, 38.874843782077157 ] ] ] } },
{ "type": "Feature", "properties": { "GEOCODE": "110010064002", "ward": 6.0, "neighborhood": "Southwest Employment Area, Southwest/Waterfront, Fort McNair, Buzzard Point" }, "geometry": { "type": "Polygon", "coordinates": [ [ [ -77.015318286540435, 38.8694797807632 ], [ -77.015379285501197, 38.860045778915222 ], [ -77.009126283952142, 38.8636037791821 ], [ -77.008192284049542, 38.864488779455819 ], [ -77.005459283069683, 38.868714781143538 ], [ -77.007776284475227, 38.869672780540668 ], [ -77.008628284189953, 38.870325780678037 ], [ -77.009062284915615, 38.871355781574849 ], [ -77.00908628495651, 38.872983781214629 ], [ -77.013370286568687, 38.872984781750688 ], [ -77.013674285816933, 38.872043780942043 ], [ -77.014343285895251, 38.872042780918022 ], [ -77.015318286540435, 38.8694797807632 ] ] ] } },
{ "type": "Feature", "properties": { "GEOCODE": "110010065001", "ward": 6.0, "neighborhood": "Capitol Hill, Lincoln Park" }, "geometry": { "type": "Polygon", "coordinates": [ [ [ -77.005894284779913, 38.886046784305194 ], [ -77.00589528425435, 38.885072784337197 ], [ -77.002043283523491, 38.885079784204045 ], [ -77.002044282973515, 38.884281783635515 ], [ -76.996177281869961, 38.884278784321722 ], [ -76.9961772808836, 38.884813784193753 ], [ -77.00204428376378, 38.887202784259557 ], [ -77.002041283528399, 38.887605785019339 ], [ -77.003521284323256, 38.887621784668333 ], [ -77.003516283817149, 38.886046784655463 ], [ -77.005894284779913, 38.886046784305194 ] ] ] } },
{ "type": "Feature", "properties": { "GEOCODE": "110010047042", "ward": 6.0, "neighborhood": "Downtown, Chinatown, Penn Quarters, Mount Vernon Square, North Capitol Street" }, "geometry": { "type": "Polygon", "coordinates": [ [ [ -77.014816288200947, 38.905424788211384 ], [ -77.013724288445417, 38.902521787668604 ], [ -77.012173287050956, 38.902523787398749 ], [ -77.012173287351857, 38.905652787727114 ], [ -77.009065286582626, 38.905654788169194 ], [ -77.009004286281311, 38.907281788250046 ], [ -77.014816288200947, 38.905424788211384 ] ] ] } },
{ "type": "Feature", "properties": { "GEOCODE": "110010048011", "ward": 2.0, "neighborhood": "Shaw, Logan Circle" }, "geometry": { "type": "Polygon", "coordinates": [ [ [ -77.021920291316789, 38.912397788592017 ], [ -77.02191629047573, 38.908578788605347 ], [ -77.019903290576337, 38.908580788414092 ], [ -77.019903290979983, 38.913097789523334 ], [ -77.021920291316789, 38.912397788592017 ] ] ] } },
{ "type": "Feature", "properties": { "GEOCODE": "110010048012", "ward": 2.0, "neighborhood": "Howard University, Le Droit Park, Cardozo/Shaw" }, "geometry": { "type": "Polygon", "coordinates": [ [ [ -77.021895291252946, 38.916268790155812 ], [ -77.021920291316789, 38.912397788592017 ], [ -77.017801289688705, 38.913827789709636 ], [ -77.018111289850864, 38.914653789472013 ], [ -77.021895291252946, 38.916268790155812 ] ] ] } },
{ "type": "Feature", "properties": { "GEOCODE": "110010048013", "ward": 2.0, "neighborhood": "Shaw, Logan Circle" }, "geometry": { "type": "Polygon", "coordinates": [ [ [ -77.019903290979983, 38.913097789523334 ], [ -77.019903290576337, 38.908580788414092 ], [ -77.01591028861715, 38.908581788718102 ], [ -77.017801289688705, 38.913827789709636 ], [ -77.019903290979983, 38.913097789523334 ] ] ] } },
{ "type": "Feature", "properties": { "GEOCODE": "110010099031", "ward": 7.0, "neighborhood": "Capitol View, Marshall Heights, Benning Heights" }, "geometry": { "type": "Polygon", "coordinates": [ [ [ -76.920709257733577, 38.889824788208472 ], [ -76.91981925764, 38.886021787240935 ], [ -76.918568257365251, 38.885717787779257 ], [ -76.913330255409591, 38.889803788801537 ], [ -76.920709257733577, 38.889824788208472 ] ] ] } },
{ "type": "Feature", "properties": { "GEOCODE": "110010048021", "ward": 2.0, "neighborhood": "Shaw, Logan Circle" }, "geometry": { "type": "Polygon", "coordinates": [ [ [ -77.018927290149406, 38.908578788612679 ], [ -77.018930289368242, 38.903923787045578 ], [ -77.016234289066347, 38.904821787856172 ], [ -77.014816288200947, 38.905424788211384 ], [ -77.01591028861715, 38.908581788718102 ], [ -77.018927290149406, 38.908578788612679 ] ] ] } },
{ "type": "Feature", "properties": { "GEOCODE": "110010048022", "ward": 2.0, "neighborhood": "Shaw, Logan Circle" }, "geometry": { "type": "Polygon", "coordinates": [ [ [ -77.02191629047573, 38.908578788605347 ], [ -77.021921290346341, 38.902946787212834 ], [ -77.021710290134365, 38.90297278689691 ], [ -77.018930289368242, 38.903923787045578 ], [ -77.018927290149406, 38.908578788612679 ], [ -77.02191629047573, 38.908578788605347 ] ] ] } },
{ "type": "Feature", "properties": { "GEOCODE": "110010049011", "ward": 2.0, "neighborhood": "Shaw, Logan Circle" }, "geometry": { "type": "Polygon", "coordinates": [ [ [ -77.027037292352247, 38.914097789088089 ], [ -77.027037292796336, 38.912614788595171 ], [ -77.023970291559337, 38.912613788840346 ], [ -77.023969291830099, 38.911690789042702 ], [ -77.021920291316789, 38.912397788592017 ], [ -77.021918291531378, 38.914095789691224 ], [ -77.027037292352247, 38.914097789088089 ] ] ] } },
{ "type": "Feature", "properties": { "GEOCODE": "110010049012", "ward": 2.0, "neighborhood": "Shaw, Logan Circle" }, "geometry": { "type": "Polygon", "coordinates": [ [ [ -77.023969291830099, 38.911690789042702 ], [ -77.02397229152858, 38.908581788171517 ], [ -77.02191629047573, 38.908578788605347 ], [ -77.021920291316789, 38.912397788592017 ], [ -77.023969291830099, 38.911690789042702 ] ] ] } },
{ "type": "Feature", "properties": { "GEOCODE": "110010049013", "ward": 2.0, "neighborhood": "Shaw, Logan Circle" }, "geometry": { "type": "Polygon", "coordinates": [ [ [ -77.027037292796336, 38.912614788595171 ], [ -77.027038291945459, 38.908583787994878 ], [ -77.02397229152858, 38.908581788171517 ], [ -77.023970291559337, 38.912613788840346 ], [ -77.027037292796336, 38.912614788595171 ] ] ] } },
{ "type": "Feature", "properties": { "GEOCODE": "110010049021", "ward": 2.0, "neighborhood": "Shaw, Logan Circle" }, "geometry": { "type": "Polygon", "coordinates": [ [ [ -77.027038291945459, 38.908583787994878 ], [ -77.027038292756586, 38.907247787853841 ], [ -77.021921291047931, 38.907247788079609 ], [ -77.02191629047573, 38.908578788605347 ], [ -77.027038291945459, 38.908583787994878 ] ] ] } },
{ "type": "Feature", "properties": { "GEOCODE": "110010049022", "ward": 2.0, "neighborhood": "Shaw, Logan Circle" }, "geometry": { "type": "Polygon", "coordinates": [ [ [ -77.027038292756586, 38.907247787853841 ], [ -77.027039292558698, 38.905654787002668 ], [ -77.021916291166079, 38.905650787813009 ], [ -77.021921291047931, 38.907247788079609 ], [ -77.027038292756586, 38.907247787853841 ] ] ] } },
{ "type": "Feature", "properties": { "GEOCODE": "110010049023", "ward": 2.0, "neighborhood": "Downtown, Chinatown, Penn Quarters, Mount Vernon Square, North Capitol Street" }, "geometry": { "type": "Polygon", "coordinates": [ [ [ -77.027039292558698, 38.905654787002668 ], [ -77.027052292072298, 38.903956786942885 ], [ -77.024109291678201, 38.90293678656105 ], [ -77.021921290346341, 38.902946787212834 ], [ -77.021916291166079, 38.905650787813009 ], [ -77.027039292558698, 38.905654787002668 ] ] ] } },
{ "type": "Feature", "properties": { "GEOCODE": "110010050011", "ward": 2.0, "neighborhood": "Shaw, Logan Circle" }, "geometry": { "type": "Polygon", "coordinates": [ [ [ -77.029622293606195, 38.914095789434377 ], [ -77.029630293608193, 38.910199788039286 ], [ -77.029230293005256, 38.910111788094262 ], [ -77.028971292627475, 38.909881788496826 ], [ -77.028084293484, 38.910260787945148 ], [ -77.028085292361254, 38.909652788409332 ], [ -77.027038292525631, 38.909652788579784 ], [ -77.027037292352247, 38.914097789088089 ], [ -77.029622293606195, 38.914095789434377 ] ] ] } },
{ "type": "Feature", "properties": { "GEOCODE": "110010050012", "ward": 2.0, "neighborhood": "Shaw, Logan Circle" }, "geometry": { "type": "Polygon", "coordinates": [ [ [ -77.031953294664575, 38.914101789125127 ], [ -77.031954293560432, 38.909655787673898 ], [ -77.030326293954644, 38.909676787650618 ], [ -77.030141293451607, 38.910034788409533 ], [ -77.029630293608193, 38.910199788039286 ], [ -77.029622293606195, 38.914095789434377 ], [ -77.031953294664575, 38.914101789125127 ] ] ] } },
{ "type": "Feature", "properties": { "GEOCODE": "110010050031", "ward": 2.0, "neighborhood": "Shaw, Logan Circle" }, "geometry": { "type": "Polygon", "coordinates": [ [ [ -77.031954293560432, 38.909655787673898 ], [ -77.031953293822383, 38.907246787473952 ], [ -77.029625293660885, 38.907247787461749 ], [ -77.029630293787122, 38.909106788416729 ], [ -77.030163293176869, 38.909289788090625 ], [ -77.030326293954644, 38.909676787650618 ], [ -77.031954293560432, 38.909655787673898 ] ] ] } },
{ "type": "Feature", "properties": { "GEOCODE": "110010050032", "ward": 2.0, "neighborhood": "Shaw, Logan Circle" }, "geometry": { "type": "Polygon", "coordinates": [ [ [ -77.031953293822383, 38.907246787473952 ], [ -77.031955293742129, 38.90599778729316 ], [ -77.031595294093123, 38.905900786893689 ], [ -77.031537293201808, 38.905514787493765 ], [ -77.029625293134828, 38.904842787467821 ], [ -77.029625293660885, 38.907247787461749 ], [ -77.031953293822383, 38.907246787473952 ] ] ] } },
{ "type": "Feature", "properties": { "GEOCODE": "110010050041", "ward": 2.0, "neighborhood": "Shaw, Logan Circle" }, "geometry": { "type": "Polygon", "coordinates": [ [ [ -77.029625293660885, 38.907247787461749 ], [ -77.02962229314727, 38.905655787515784 ], [ -77.027039292558698, 38.905654787002668 ], [ -77.027038292756586, 38.907247787853841 ], [ -77.029625293660885, 38.907247787461749 ] ] ] } },
{ "type": "Feature", "properties": { "GEOCODE": "110010050042", "ward": 2.0, "neighborhood": "Shaw, Logan Circle" }, "geometry": { "type": "Polygon", "coordinates": [ [ [ -77.030326293954644, 38.909676787650618 ], [ -77.030163293176869, 38.909289788090625 ], [ -77.029630293787122, 38.909106788416729 ], [ -77.029625293660885, 38.907247787461749 ], [ -77.027038292756586, 38.907247787853841 ], [ -77.027038292525631, 38.909652788579784 ], [ -77.028085292361254, 38.909652788409332 ], [ -77.028084293484, 38.910260787945148 ], [ -77.028971292627475, 38.909881788496826 ], [ -77.029372293572933, 38.910165788133078 ], [ -77.029863293017883, 38.910168788656271 ], [ -77.030199293240642, 38.909980788225013 ], [ -77.030326293954644, 38.909676787650618 ] ] ] } },
{ "type": "Feature", "properties": { "GEOCODE": "110010050043", "ward": 2.0, "neighborhood": "Downtown, Chinatown, Penn Quarters, Mount Vernon Square, North Capitol Street" }, "geometry": { "type": "Polygon", "coordinates": [ [ [ -77.02962229314727, 38.905655787515784 ], [ -77.029625293134828, 38.904842787467821 ], [ -77.027052292072298, 38.903956786942885 ], [ -77.027039292558698, 38.905654787002668 ], [ -77.02962229314727, 38.905655787515784 ] ] ] } },
{ "type": "Feature", "properties": { "GEOCODE": "110010052021", "ward": 2.0, "neighborhood": "Shaw, Logan Circle" }, "geometry": { "type": "Polygon", "coordinates": [ [ [ -77.034558295017121, 38.91113378863907 ], [ -77.034559294966456, 38.90965678836573 ], [ -77.031954293560432, 38.909655787673898 ], [ -77.031954294146374, 38.911136788241251 ], [ -77.034558295017121, 38.91113378863907 ] ] ] } },
{ "type": "Feature", "properties": { "GEOCODE": "110010052022", "ward": 2.0, "neighborhood": "Dupont Circle, Connecticut Avenue/K Street" }, "geometry": { "type": "Polygon", "coordinates": [ [ [ -77.036511295684505, 38.914100788814793 ], [ -77.036531295105604, 38.907466787113847 ], [ -77.036230294724461, 38.907398787636723 ], [ -77.036187294730269, 38.907139787502459 ], [ -77.034570294963217, 38.906565787678652 ], [ -77.034547295508162, 38.914099788857087 ], [ -77.036511295684505, 38.914100788814793 ] ] ] } },
{ "type": "Feature", "properties": { "GEOCODE": "110010052023", "ward": 2.0, "neighborhood": "Shaw, Logan Circle" }, "geometry": { "type": "Polygon", "coordinates": [ [ [ -77.034547295508162, 38.914099788857087 ], [ -77.034558295017121, 38.91113378863907 ], [ -77.031954294146374, 38.911136788241251 ], [ -77.031953294664575, 38.914101789125127 ], [ -77.034547295508162, 38.914099788857087 ] ] ] } },
{ "type": "Feature", "properties": { "GEOCODE": "110010052031", "ward": 2.0, "neighborhood": "Shaw, Logan Circle" }, "geometry": { "type": "Polygon", "coordinates": [ [ [ -77.034566294783602, 38.907941787171772 ], [ -77.034568295076326, 38.907251787614591 ], [ -77.031953293822383, 38.907246787473952 ], [ -77.031952293790638, 38.90773478801222 ], [ -77.032623293789285, 38.907714787806739 ], [ -77.032637294031105, 38.908606787774339 ], [ -77.034566294783602, 38.907941787171772 ] ] ] } },
{ "type": "Feature", "properties": { "GEOCODE": "110010052032", "ward": 2.0, "neighborhood": "Shaw, Logan Circle" }, "geometry": { "type": "Polygon", "coordinates": [ [ [ -77.034559294966456, 38.90965678836573 ], [ -77.034566294783602, 38.907941787171772 ], [ -77.032637294031105, 38.908606787774339 ], [ -77.032623293789285, 38.907714787806739 ], [ -77.031952293790638, 38.90773478801222 ], [ -77.031954293560432, 38.909655787673898 ], [ -77.034559294966456, 38.90965678836573 ] ] ] } },
{ "type": "Feature", "properties": { "GEOCODE": "110010052033", "ward": 2.0, "neighborhood": "Shaw, Logan Circle" }, "geometry": { "type": "Polygon", "coordinates": [ [ [ -77.034568295076326, 38.907251787614591 ], [ -77.034570294963217, 38.906565787678652 ], [ -77.032372294240531, 38.90580178678951 ], [ -77.032408293839197, 38.905547787234326 ], [ -77.032193294261162, 38.90533478744252 ], [ -77.031587293307652, 38.905422787000965 ], [ -77.031528293277646, 38.905808787388303 ], [ -77.031955293742129, 38.90599778729316 ], [ -77.031953293822383, 38.907246787473952 ], [ -77.034568295076326, 38.907251787614591 ] ] ] } },
{ "type": "Feature", "properties": { "GEOCODE": "110010053021", "ward": 2.0, "neighborhood": "Dupont Circle, Connecticut Avenue/K Street" }, "geometry": { "type": "Polygon", "coordinates": [ [ [ -77.040662296465143, 38.912615788588489 ], [ -77.036517296124572, 38.912616788269879 ], [ -77.036511295684505, 38.914100788814793 ], [ -77.039277297063052, 38.914099789039476 ], [ -77.040662296465143, 38.912615788588489 ] ] ] } },
{ "type": "Feature", "properties": { "GEOCODE": "110010053022", "ward": 2.0, "neighborhood": "Dupont Circle, Connecticut Avenue/K Street" }, "geometry": { "type": "Polygon", "coordinates": [ [ [ -77.038486296527054, 38.912617788588065 ], [ -77.038488296348845, 38.911133787942973 ], [ -77.036520295698537, 38.91113178833362 ], [ -77.036517296124572, 38.912616788269879 ], [ -77.038486296527054, 38.912617788588065 ] ] ] } },
{ "type": "Feature", "properties": { "GEOCODE": "110010053023", "ward": 2.0, "neighborhood": "Dupont Circle, Connecticut Avenue/K Street" }, "geometry": { "type": "Polygon", "coordinates": [ [ [ -77.041672297512918, 38.911541787949012 ], [ -77.041669297699016, 38.91113578751488 ], [ -77.038488296348845, 38.911133787942973 ], [ -77.038486296527054, 38.912617788588065 ], [ -77.040662296465143, 38.912615788588489 ], [ -77.041672297512918, 38.911541787949012 ] ] ] } },
{ "type": "Feature", "properties": { "GEOCODE": "110010053031", "ward": 2.0, "neighborhood": "Dupont Circle, Connecticut Avenue/K Street" }, "geometry": { "type": "Polygon", "coordinates": [ [ [ -77.038491295644334, 38.909651788221005 ], [ -77.038497296001793, 38.907932787383125 ], [ -77.036870295837389, 38.907360787478012 ], [ -77.036877295480821, 38.907144787574552 ], [ -77.036714295838749, 38.907041786996906 ], [ -77.036392294859169, 38.907040786923851 ], [ -77.036149295629528, 38.907190787424611 ], [ -77.036254295385319, 38.907416786980114 ], [ -77.036531295105604, 38.907466787113847 ], [ -77.036526295573267, 38.909649787736697 ], [ -77.038491295644334, 38.909651788221005 ] ] ] } },
{ "type": "Feature", "properties": { "GEOCODE": "110010053032", "ward": 2.0, "neighborhood": "Dupont Circle, Connecticut Avenue/K Street" }, "geometry": { "type": "Polygon", "coordinates": [ [ [ -77.042979297436247, 38.910149787523629 ], [ -77.042749297329237, 38.909946787777685 ], [ -77.042651296845833, 38.909650787746777 ], [ -77.036526295573267, 38.909649787736697 ], [ -77.036520295698537, 38.91113178833362 ], [ -77.041669297699016, 38.91113578751488 ], [ -77.041672297512918, 38.911541787949012 ], [ -77.042979297436247, 38.910149787523629 ] ] ] } },
{ "type": "Feature", "properties": { "GEOCODE": "110010053033", "ward": 2.0, "neighborhood": "Dupont Circle, Connecticut Avenue/K Street" }, "geometry": { "type": "Polygon", "coordinates": [ [ [ -77.042651296845833, 38.909650787746777 ], [ -77.042718296916533, 38.909397787298893 ], [ -77.038497296001793, 38.907932787383125 ], [ -77.038491295644334, 38.909651788221005 ], [ -77.042651296845833, 38.909650787746777 ] ] ] } },
{ "type": "Feature", "properties": { "GEOCODE": "110010055011", "ward": 2.0, "neighborhood": "West End, Foggy Bottom, GWU" }, "geometry": { "type": "Polygon", "coordinates": [ [ [ -77.051409299453027, 38.907250786826111 ], [ -77.051410300074863, 38.905268785989918 ], [ -77.047549298382904, 38.905293786196523 ], [ -77.045686297741881, 38.9072497868247 ], [ -77.051409299453027, 38.907250786826111 ] ] ] } },
{ "type": "Feature", "properties": { "GEOCODE": "110010055012", "ward": 2.0, "neighborhood": "West End, Foggy Bottom, GWU" }, "geometry": { "type": "Polygon", "coordinates": [ [ [ -77.051410300074863, 38.905268785989918 ], [ -77.05141829992445, 38.902984786115923 ], [ -77.051020299701989, 38.902700785680906 ], [ -77.050725299158884, 38.902742785889302 ], [ -77.050762299168497, 38.902337785590433 ], [ -77.050563299333376, 38.902120785775693 ], [ -77.050122299489701, 38.901994785833146 ], [ -77.04974529964467, 38.902080785820445 ], [ -77.049568299174581, 38.902182786125188 ], [ -77.049450298842999, 38.90256878570986 ], [ -77.049729299017599, 38.902976786394575 ], [ -77.047481299203199, 38.905316786954273 ], [ -77.051410300074863, 38.905268785989918 ] ] ] } },
{ "type": "Feature", "properties": { "GEOCODE": "110010055021", "ward": 2.0, "neighborhood": "Dupont Circle, Connecticut Avenue/K Street" }, "geometry": { "type": "Polygon", "coordinates": [ [ [ -77.048792299300047, 38.911508787817247 ], [ -77.048799299269604, 38.909641787507823 ], [ -77.044238298092495, 38.9096517875941 ], [ -77.044016297749479, 38.909224787559886 ], [ -77.043446297772277, 38.909033787048457 ], [ -77.04287229765194, 38.909212787741446 ], [ -77.042651296845833, 38.909650787746777 ], [ -77.042749297329237, 38.909946787777685 ], [ -77.043032297939831, 38.910176787643977 ], [ -77.043770297292056, 38.910211787471503 ], [ -77.046090298391277, 38.914441788018223 ], [ -77.046869298571266, 38.913774788120925 ], [ -77.047594299654278, 38.912572787893957 ], [ -77.048792299300047, 38.911508787817247 ] ] ] } },
{ "type": "Feature", "properties": { "GEOCODE": "110010055022", "ward": 2.0, "neighborhood": "Dupont Circle, Connecticut Avenue/K Street" }, "geometry": { "type": "Polygon", "coordinates": [ [ [ -77.048799299269604, 38.909641787507823 ], [ -77.048808299252187, 38.907245786625126 ], [ -77.046641298039432, 38.907252786701754 ], [ -77.046637298852076, 38.909647787263928 ], [ -77.048799299269604, 38.909641787507823 ] ] ] } },
{ "type": "Feature", "properties": { "GEOCODE": "110010055023", "ward": 2.0, "neighborhood": "Dupont Circle, Connecticut Avenue/K Street" }, "geometry": { "type": "Polygon", "coordinates": [ [ [ -77.046637298852076, 38.909647787263928 ], [ -77.046641298039432, 38.907252786701754 ], [ -77.045686297741881, 38.9072497868247 ], [ -77.043912298298551, 38.90915278784945 ], [ -77.044238298092495, 38.9096517875941 ], [ -77.046637298852076, 38.909647787263928 ] ] ] } },
{ "type": "Feature", "properties": { "GEOCODE": "110010055031", "ward": 2.0, "neighborhood": "West End, Foggy Bottom, GWU" }, "geometry": { "type": "Polygon", "coordinates": [ [ [ -77.055955300699779, 38.90455678610477 ], [ -77.055523301316299, 38.904414786328495 ], [ -77.05141829992445, 38.902984786115923 ], [ -77.051410300074863, 38.905268785989918 ], [ -77.055431300543049, 38.905261786462205 ], [ -77.055955300699779, 38.90455678610477 ] ] ] } },
{ "type": "Feature", "properties": { "GEOCODE": "110010055032", "ward": 2.0, "neighborhood": "West End, Foggy Bottom, GWU" }, "geometry": { "type": "Polygon", "coordinates": [ [ [ -77.055431300543049, 38.905261786462205 ], [ -77.051410300074863, 38.905268785989918 ], [ -77.051409299453027, 38.907250786826111 ], [ -77.048808299252187, 38.907245786625126 ], [ -77.048799299269604, 38.909641787507823 ], [ -77.050087299308032, 38.909642787371588 ], [ -77.050243299779609, 38.909196787427838 ], [ -77.050697299961897, 38.908929787493229 ], [ -77.051573299801177, 38.908742787166062 ], [ -77.052808300186385, 38.908822787221865 ], [ -77.053392300713256, 38.908566787417747 ], [ -77.054325301073746, 38.907505786391695 ], [ -77.055431300543049, 38.905261786462205 ] ] ] } },
{ "type": "Feature", "properties": { "GEOCODE": "110010056011", "ward": 2.0, "neighborhood": "West End, Foggy Bottom, GWU" }, "geometry": { "type": "Polygon", "coordinates": [ [ [ -77.05476030046222, 38.901137785319825 ], [ -77.054629300780732, 38.900709785581029 ], [ -77.053309300720684, 38.900704784993522 ], [ -77.053308300168695, 38.902492786213124 ], [ -77.054743301141073, 38.902491785675132 ], [ -77.05476030046222, 38.901137785319825 ] ] ] } },
{ "type": "Feature", "properties": { "GEOCODE": "110010056012", "ward": 2.0, "neighborhood": "West End, Foggy Bottom, GWU" }, "geometry": { "type": "Polygon", "coordinates": [ [ [ -77.055955300699779, 38.90455678610477 ], [ -77.057670301303247, 38.902550785669661 ], [ -77.05078729904622, 38.902470785830175 ], [ -77.050725299158884, 38.902742785889302 ], [ -77.051020299701989, 38.902700785680906 ], [ -77.05141829992445, 38.902984786115923 ], [ -77.055955300699779, 38.90455678610477 ] ] ] } },
{ "type": "Feature", "properties": { "GEOCODE": "110010074011", "ward": 8.0, "neighborhood": "Sheridan, Barry Farm, Buena Vista" }, "geometry": { "type": "Polygon", "coordinates": [ [ [ -77.003417282455246, 38.870885781468481 ], [ -77.005459283069683, 38.868714781143538 ], [ -77.002271282176821, 38.867396780615678 ], [ -77.002400282705395, 38.866717780692646 ], [ -77.001762281936237, 38.865383780263549 ], [ -77.001757281782517, 38.864615779622014 ], [ -77.002080282299758, 38.862761779917335 ], [ -77.002809281741904, 38.861511779783861 ], [ -77.003448282384383, 38.860696778911191 ], [ -77.002825281914539, 38.860512778827101 ], [ -77.002985281826071, 38.860124779398113 ], [ -76.99877128050818, 38.857521779195949 ], [ -76.996285280514385, 38.859983779477083 ], [ -76.995192279858969, 38.859310778865158 ], [ -76.993270279111741, 38.862187780092313 ], [ -76.991018278556695, 38.86343678005889 ], [ -76.991433278258, 38.863962780280545 ], [ -76.992719279559424, 38.864871780667066 ], [ -76.991849278790781, 38.865676780893089 ], [ -76.990122278611878, 38.867851781037494 ], [ -76.988355277845955, 38.869145781697739 ], [ -76.990104278901484, 38.871356781754301 ], [ -76.992462279575605, 38.870136781696552 ], [ -76.995484280278575, 38.870080780998912 ], [ -77.003417282455246, 38.870885781468481 ] ] ] } },
{ "type": "Feature", "properties": { "GEOCODE": "110010074012", "ward": 8.0, "neighborhood": "Sheridan, Barry Farm, Buena Vista" }, "geometry": { "type": "Polygon", "coordinates": [ [ [ -76.996285280514385, 38.859983779477083 ], [ -76.99877128050818, 38.857521779195949 ], [ -76.992291278345149, 38.853459778203828 ], [ -76.991989278475941, 38.853759778307726 ], [ -76.993097278927962, 38.854662778541289 ], [ -76.993552278667337, 38.855477778295871 ], [ -76.993664278913357, 38.85591977849505 ], [ -76.993602279585417, 38.859170779252267 ], [ -76.993869278836414, 38.860029779160342 ], [ -76.994329279021159, 38.860661779245966 ], [ -76.995192279858969, 38.859310778865158 ], [ -76.996285280514385, 38.859983779477083 ] ] ] } },
{ "type": "Feature", "properties": { "GEOCODE": "110010074031", "ward": 8.0, "neighborhood": "Douglas, Shipley Terrace" }, "geometry": { "type": "Polygon", "coordinates": [ [ [ -76.981275274341229, 38.84662477733194 ], [ -76.980660274121888, 38.845412776563762 ], [ -76.977055273655438, 38.846480777375113 ], [ -76.977163272663077, 38.846985777612211 ], [ -76.976834273569139, 38.847484777771705 ], [ -76.975505273126572, 38.848702777385157 ], [ -76.974208272500306, 38.84931577819782 ], [ -76.974208272035597, 38.8509847786517 ], [ -76.975515272621124, 38.85061677805799 ], [ -76.976517273475991, 38.850130777813966 ], [ -76.977352273959625, 38.849455778355058 ], [ -76.978232273275978, 38.848272777304423 ], [ -76.978870273436385, 38.847668777667408 ], [ -76.979789273610365, 38.847115777019042 ], [ -76.981275274341229, 38.84662477733194 ] ] ] } },
{ "type": "Feature", "properties": { "GEOCODE": "110010074032", "ward": 8.0, "neighborhood": "Douglas, Shipley Terrace" }, "geometry": { "type": "Polygon", "coordinates": [ [ [ -76.977174273315399, 38.846904777651943 ], [ -76.977055273655438, 38.846480777375113 ], [ -76.974766272629424, 38.846738777106822 ], [ -76.971243270937364, 38.847970777651838 ], [ -76.968720271010355, 38.848360778157989 ], [ -76.967055270624357, 38.848387777908066 ], [ -76.966632270430878, 38.848264778140297 ], [ -76.965481269572919, 38.849149778569284 ], [ -76.967120270222068, 38.84907577800093 ], [ -76.968795271273791, 38.84927477831588 ], [ -76.971267271037163, 38.850166778028708 ], [ -76.972762271631424, 38.851208778341167 ], [ -76.973920272931224, 38.851057778498685 ], [ -76.974208272035597, 38.8509847786517 ], [ -76.974208272500306, 38.84931577819782 ], [ -76.975651272529944, 38.848592777940468 ], [ -76.977024273062042, 38.847290777087871 ], [ -76.977174273315399, 38.846904777651943 ] ] ] } },
{ "type": "Feature", "properties": { "GEOCODE": "110010074041", "ward": 8.0, "neighborhood": "Douglas, Shipley Terrace" }, "geometry": { "type": "Polygon", "coordinates": [ [ [ -76.983340275778289, 38.853373778466533 ], [ -76.983030275038274, 38.852919778163624 ], [ -76.981055274414089, 38.851422777971329 ], [ -76.980970274060851, 38.848789778014989 ], [ -76.980310274303832, 38.84691077715258 ], [ -76.979466274344745, 38.847278777058115 ], [ -76.978748273506923, 38.847765777335447 ], [ -76.977352273959625, 38.849455778355058 ], [ -76.976312273541865, 38.850252778209267 ], [ -76.97435227233926, 38.850948778429874 ], [ -76.972762271631424, 38.851208778341167 ], [ -76.974337272553086, 38.852638778303579 ], [ -76.975209273255402, 38.853248779106508 ], [ -76.976354272981638, 38.853809778926426 ], [ -76.9778112737702, 38.854195778933679 ], [ -76.97895127439854, 38.854307779241786 ], [ -76.980339275108378, 38.8542517788716 ], [ -76.981547274543615, 38.854014778622364 ], [ -76.983340275778289, 38.853373778466533 ] ] ] } },
{ "type": "Feature", "properties": { "GEOCODE": "110010074042", "ward": 8.0, "neighborhood": "Douglas, Shipley Terrace" }, "geometry": { "type": "Polygon", "coordinates": [ [ [ -76.989120276600516, 38.844723776838627 ], [ -76.989095276836906, 38.84459977685826 ], [ -76.988513276240454, 38.844712776138721 ], [ -76.985095275904371, 38.8455397767395 ], [ -76.980310274303832, 38.84691077715258 ], [ -76.980970274060851, 38.848789778014989 ], [ -76.981014274340481, 38.850756777629321 ], [ -76.982603275109398, 38.850837777731059 ], [ -76.983576275383825, 38.850619777559594 ], [ -76.984330275222106, 38.850177777723893 ], [ -76.98528327592183, 38.849267777435848 ], [ -76.986384275700516, 38.849951777599451 ], [ -76.986475276486047, 38.849860777730861 ], [ -76.985049275647427, 38.848971777246298 ], [ -76.987478276815324, 38.846493776946474 ], [ -76.987764275887159, 38.846354777267621 ], [ -76.988247276378871, 38.846527777277771 ], [ -76.988711277082615, 38.84638377716076 ], [ -76.988495276325679, 38.846127776661397 ], [ -76.988878276252322, 38.844975777001558 ], [ -76.989120276600516, 38.844723776838627 ] ] ] } },
{ "type": "Feature", "properties": { "GEOCODE": "110010074043", "ward": 8.0, "neighborhood": "Douglas, Shipley Terrace" }, "geometry": { "type": "Polygon", "coordinates": [ [ [ -76.99227627816704, 38.853472778182343 ], [ -76.986475276486047, 38.849860777730861 ], [ -76.986384275700516, 38.849951777599451 ], [ -76.98534927583033, 38.849275778023085 ], [ -76.984201276026397, 38.850276777479657 ], [ -76.983576275383825, 38.850619777559594 ], [ -76.982603275109398, 38.850837777731059 ], [ -76.981014274340481, 38.850756777629321 ], [ -76.981135274578904, 38.851542777880894 ], [ -76.983030275038274, 38.852919778163624 ], [ -76.983340275778289, 38.853373778466533 ], [ -76.984866276506182, 38.852906778261882 ], [ -76.986939276221761, 38.852775778370393 ], [ -76.989255277767128, 38.852968777813295 ], [ -76.990775277880289, 38.853317778267474 ], [ -76.991989278475941, 38.853759778307726 ], [ -76.99227627816704, 38.853472778182343 ] ] ] } },
{ "type": "Feature", "properties": { "GEOCODE": "110010074061", "ward": 8.0, "neighborhood": "Sheridan, Barry Farm, Buena Vista" }, "geometry": { "type": "Polygon", "coordinates": [ [ [ -76.993426278869975, 38.856757778873394 ], [ -76.993206278669462, 38.855659778498975 ], [ -76.99109327799674, 38.855533778793394 ], [ -76.989861278058768, 38.855219778696529 ], [ -76.987890276858323, 38.855209778947291 ], [ -76.986997276548806, 38.856197778780782 ], [ -76.98720127674531, 38.857307779228428 ], [ -76.987589277213942, 38.857917778952455 ], [ -76.988638277861071, 38.858436779140924 ], [ -76.993277278421729, 38.858422778901911 ], [ -76.993227279405602, 38.858074778742633 ], [ -76.993426278869975, 38.856757778873394 ] ] ] } },
{ "type": "Feature", "properties": { "GEOCODE": "110010074062", "ward": 8.0, "neighborhood": "Sheridan, Barry Farm, Buena Vista" }, "geometry": { "type": "Polygon", "coordinates": [ [ [ -76.993602278569057, 38.858487779430824 ], [ -76.993633278539832, 38.855745779004991 ], [ -76.993097278927962, 38.854662778541289 ], [ -76.992356278238375, 38.853995777877095 ], [ -76.991422278207551, 38.853516777917143 ], [ -76.989255277767128, 38.852968777813295 ], [ -76.986939276221761, 38.852775778370393 ], [ -76.984866276506182, 38.852906778261882 ], [ -76.983340275778289, 38.853373778466533 ], [ -76.983611275930315, 38.85365177830883 ], [ -76.985215276358247, 38.854109778416195 ], [ -76.986002275926566, 38.854574778927947 ], [ -76.986457276827238, 38.855044778983483 ], [ -76.986930276890348, 38.855862778467213 ], [ -76.986997276548806, 38.856197778780782 ], [ -76.987675276904682, 38.855338778787335 ], [ -76.988005276863007, 38.855188778654124 ], [ -76.989861278058768, 38.855219778696529 ], [ -76.99109327799674, 38.855533778793394 ], [ -76.993206278669462, 38.855659778498975 ], [ -76.993426278869975, 38.856757778873394 ], [ -76.993230279371616, 38.858137779340282 ], [ -76.993277278421729, 38.858422778901911 ], [ -76.993602278569057, 38.858487779430824 ] ] ] } },
{ "type": "Feature", "properties": { "GEOCODE": "110010110011", "ward": 6.0, "neighborhood": "Southwest Employment Area, Southwest/Waterfront, Fort McNair, Buzzard Point" }, "geometry": { "type": "Polygon", "coordinates": [ [ [ -77.017558287900627, 38.87298578103681 ], [ -77.017553287227301, 38.872093781362352 ], [ -77.017435287502067, 38.872048781342244 ], [ -77.013674285816933, 38.872043780942043 ], [ -77.013370286568687, 38.872984781750688 ], [ -77.017558287900627, 38.87298578103681 ] ] ] } },
{ "type": "Feature", "properties": { "GEOCODE": "110010074071", "ward": 8.0, "neighborhood": "Sheridan, Barry Farm, Buena Vista" }, "geometry": { "type": "Polygon", "coordinates": [ [ [ -76.986997276548806, 38.856197778780782 ], [ -76.986930276890348, 38.855862778467213 ], [ -76.986457276827238, 38.855044778983483 ], [ -76.986002275926566, 38.854574778927947 ], [ -76.985215276358247, 38.854109778416195 ], [ -76.983611275930315, 38.85365177830883 ], [ -76.983340275778289, 38.853373778466533 ], [ -76.981547274543615, 38.854014778622364 ], [ -76.979847274148469, 38.854301779165318 ], [ -76.9778112737702, 38.854195778933679 ], [ -76.975900273028628, 38.853635779214343 ], [ -76.974640273458647, 38.855005779446543 ], [ -76.975899273195267, 38.855897778860488 ], [ -76.97544927326193, 38.856321779414564 ], [ -76.976765273807814, 38.857169779597221 ], [ -76.97732527405492, 38.857309779750643 ], [ -76.980552275009998, 38.857301779487379 ], [ -76.982981275455003, 38.856902779170362 ], [ -76.984589275757273, 38.857868779672479 ], [ -76.985689276056064, 38.856965778952038 ], [ -76.986997276548806, 38.856197778780782 ] ] ] } },
{ "type": "Feature", "properties": { "GEOCODE": "110010074072", "ward": 8.0, "neighborhood": "Sheridan, Barry Farm, Buena Vista" }, "geometry": { "type": "Polygon", "coordinates": [ [ [ -76.993161278645772, 38.862275779711545 ], [ -76.993829279400316, 38.861462779998057 ], [ -76.99102927856066, 38.859670779253335 ], [ -76.990273277579931, 38.860288779409572 ], [ -76.985404276385594, 38.857195779267705 ], [ -76.984589275757273, 38.857868779672479 ], [ -76.988255277765248, 38.860352779802561 ], [ -76.991223278340456, 38.863325780410399 ], [ -76.993161278645772, 38.862275779711545 ] ] ] } },
{ "type": "Feature", "properties": { "GEOCODE": "110010110012", "ward": 6.0, "neighborhood": "Southwest Employment Area, Southwest/Waterfront, Fort McNair, Buzzard Point" }, "geometry": { "type": "Polygon", "coordinates": [ [ [ -77.017568287321211, 38.876468782041783 ], [ -77.017556287844158, 38.874659781106011 ], [ -77.014440286730732, 38.874674781821199 ], [ -77.013867286447493, 38.876465782254897 ], [ -77.017568287321211, 38.876468782041783 ] ] ] } },
{ "type": "Feature", "properties": { "GEOCODE": "110010065002", "ward": 6.0, "neighborhood": "Capitol Hill, Lincoln Park" }, "geometry": { "type": "Polygon", "coordinates": [ [ [ -77.009063285275801, 38.885072784105461 ], [ -77.009114284701042, 38.881555783385863 ], [ -77.006835284253512, 38.880944782830312 ], [ -77.003410283428408, 38.880773783605811 ], [ -77.002053283560357, 38.880487783640774 ], [ -77.002036283155448, 38.882309783931611 ], [ -77.000487283086954, 38.882735783943673 ], [ -76.998451282157049, 38.882733783874436 ], [ -76.998452281497421, 38.883261784386647 ], [ -76.996181281402102, 38.883780783774093 ], [ -76.996177281869961, 38.884278784321722 ], [ -77.002044282973515, 38.884281783635515 ], [ -77.002043283523491, 38.885079784204045 ], [ -77.009063285275801, 38.885072784105461 ] ] ] } },
{ "type": "Feature", "properties": { "GEOCODE": "110010066001", "ward": 6.0, "neighborhood": "Capitol Hill, Lincoln Park" }, "geometry": { "type": "Polygon", "coordinates": [ [ [ -77.003517283458436, 38.889815785239399 ], [ -77.003522283495002, 38.889158785228467 ], [ -77.002036283367943, 38.889175785189408 ], [ -77.002041283528399, 38.887605785019339 ], [ -76.994964281128247, 38.887601784792658 ], [ -76.994964281824494, 38.889813785790722 ], [ -77.003517283458436, 38.889815785239399 ] ] ] } },
{ "type": "Feature", "properties": { "GEOCODE": "110010066002", "ward": 6.0, "neighborhood": "Capitol Hill, Lincoln Park" }, "geometry": { "type": "Polygon", "coordinates": [ [ [ -77.002041283528399, 38.887605785019339 ], [ -77.00204428376378, 38.887202784259557 ], [ -76.995464281719478, 38.884515784749389 ], [ -76.994962281437353, 38.884611784559404 ], [ -76.994964281128247, 38.887601784792658 ], [ -77.002041283528399, 38.887605785019339 ] ] ] } },
{ "type": "Feature", "properties": { "GEOCODE": "110010067001", "ward": 6.0, "neighborhood": "Capitol Hill, Lincoln Park" }, "geometry": { "type": "Polygon", "coordinates": [ [ [ -76.988322279036041, 38.889802785332456 ], [ -76.988313278880668, 38.886024785308294 ], [ -76.983655277145061, 38.887093785319308 ], [ -76.983647278241719, 38.889808786181497 ], [ -76.988322279036041, 38.889802785332456 ] ] ] } },
{ "type": "Feature", "properties": { "GEOCODE": "110010067002", "ward": 6.0, "neighborhood": "Capitol Hill, Lincoln Park" }, "geometry": { "type": "Polygon", "coordinates": [ [ [ -76.991546280290422, 38.889233785015847 ], [ -76.991532280199223, 38.885105784483038 ], [ -76.988313278880668, 38.886024785308294 ], [ -76.988318279782973, 38.88925078581493 ], [ -76.991546280290422, 38.889233785015847 ] ] ] } },
{ "type": "Feature", "properties": { "GEOCODE": "110010067003", "ward": 6.0, "neighborhood": "Capitol Hill, Lincoln Park" }, "geometry": { "type": "Polygon", "coordinates": [ [ [ -76.994964281824494, 38.889813785790722 ], [ -76.994962281437353, 38.884611784559404 ], [ -76.993579280486443, 38.884560784237479 ], [ -76.991532280199223, 38.885105784483038 ], [ -76.991535279921706, 38.889812785945594 ], [ -76.994964281824494, 38.889813785790722 ] ] ] } },
{ "type": "Feature", "properties": { "GEOCODE": "110010068011", "ward": 7.0, "neighborhood": "Capitol Hill, Lincoln Park" }, "geometry": { "type": "Polygon", "coordinates": [ [ [ -76.980766276461111, 38.889807786147358 ], [ -76.980768276890188, 38.885956785170201 ], [ -76.977262275772475, 38.884563785262792 ], [ -76.977259276282695, 38.889805785917297 ], [ -76.980766276461111, 38.889807786147358 ] ] ] } },
{ "type": "Feature", "properties": { "GEOCODE": "110010068012", "ward": 7.0, "neighborhood": "Capitol Hill, Lincoln Park" }, "geometry": { "type": "Polygon", "coordinates": [ [ [ -76.983654278162135, 38.887162784873667 ], [ -76.980768276890188, 38.885956785170201 ], [ -76.980766276461111, 38.889807786147358 ], [ -76.983647278241719, 38.889808786181497 ], [ -76.983654278162135, 38.887162784873667 ] ] ] } },
{ "type": "Feature", "properties": { "GEOCODE": "110010068021", "ward": 7.0, "neighborhood": "Capitol Hill, Lincoln Park" }, "geometry": { "type": "Polygon", "coordinates": [ [ [ -76.983655277145061, 38.887093785319308 ], [ -76.983660277197544, 38.884108784316119 ], [ -76.977265275336137, 38.88410978483725 ], [ -76.977262275772475, 38.884563785262792 ], [ -76.983655277145061, 38.887093785319308 ] ] ] } },
{ "type": "Feature", "properties": { "GEOCODE": "110010068022", "ward": 6.0, "neighborhood": "Capitol Hill, Lincoln Park" }, "geometry": { "type": "Polygon", "coordinates": [ [ [ -76.983659276755361, 38.879704783594228 ], [ -76.981578276326204, 38.878844784035039 ], [ -76.981376276691833, 38.879132783681435 ], [ -76.98075627671804, 38.879248783353979 ], [ -76.980762276629292, 38.882266784513483 ], [ -76.977263275374554, 38.883683785071383 ], [ -76.977265275336137, 38.88410978483725 ], [ -76.983660277197544, 38.884108784316119 ], [ -76.983659276755361, 38.879704783594228 ] ] ] } },
{ "type": "Feature", "properties": { "GEOCODE": "110010068041", "ward": 7.0, "neighborhood": "Capitol Hill, Lincoln Park" }, "geometry": { "type": "Polygon", "coordinates": [ [ [ -76.981376276691833, 38.879132783681435 ], [ -76.981578276326204, 38.878844784035039 ], [ -76.981414275933744, 38.878753784084118 ], [ -76.980589276019785, 38.878464784017737 ], [ -76.980042275668609, 38.877901783349884 ], [ -76.978033274815203, 38.876888783552772 ], [ -76.973301274453689, 38.878397784153442 ], [ -76.972664274257639, 38.878974783917862 ], [ -76.97145627339971, 38.88064078456037 ], [ -76.969606273236593, 38.882666784846499 ], [ -76.966791272428679, 38.885242785382246 ], [ -76.963384271697421, 38.889803786832211 ], [ -76.962532271878658, 38.893293787073432 ], [ -76.961864271201165, 38.895307787546159 ], [ -76.961802271736389, 38.896130788002651 ], [ -76.961986271626429, 38.89714278845566 ], [ -76.969466274417101, 38.897776788165537 ], [ -76.97115827437986, 38.895864787096741 ], [ -76.973842275057478, 38.895033787073473 ], [ -76.974626275682425, 38.894561787224355 ], [ -76.975040275175147, 38.893973786605095 ], [ -76.975154275606272, 38.893302787271686 ], [ -76.975093275904868, 38.893145787194001 ], [ -76.974438274891554, 38.892761786369775 ], [ -76.974144274879038, 38.892350786737175 ], [ -76.973885275210847, 38.891378786861132 ], [ -76.973882275229897, 38.890451786546564 ], [ -76.974349274529544, 38.890126785834546 ], [ -76.976283276032518, 38.890121785863606 ], [ -76.977259276282695, 38.889805785917297 ], [ -76.977263275374554, 38.883683785071383 ], [ -76.980762276629292, 38.882266784513483 ], [ -76.98075627671804, 38.879248783353979 ], [ -76.981376276691833, 38.879132783681435 ] ] ] } },
{ "type": "Feature", "properties": { "GEOCODE": "110010069001", "ward": 6.0, "neighborhood": "Capitol Hill, Lincoln Park" }, "geometry": { "type": "Polygon", "coordinates": [ [ [ -76.993765280600826, 38.884592783986527 ], [ -76.993762280975602, 38.883808784039658 ], [ -76.988311279116374, 38.881605784356815 ], [ -76.988314278924193, 38.884112784699198 ], [ -76.983660277197544, 38.884108784316119 ], [ -76.983655277145061, 38.887093785319308 ], [ -76.984753278201254, 38.886906785569693 ], [ -76.993765280600826, 38.884592783986527 ] ] ] } },
{ "type": "Feature", "properties": { "GEOCODE": "110010069002", "ward": 6.0, "neighborhood": "Capitol Hill, Lincoln Park" }, "geometry": { "type": "Polygon", "coordinates": [ [ [ -76.988314278924193, 38.884112784699198 ], [ -76.988311279116374, 38.881605784356815 ], [ -76.98366027709497, 38.879689783859625 ], [ -76.983660277197544, 38.884108784316119 ], [ -76.988314278924193, 38.884112784699198 ] ] ] } },
{ "type": "Feature", "properties": { "GEOCODE": "110010070001", "ward": 6.0, "neighborhood": "Capitol Hill, Lincoln Park" }, "geometry": { "type": "Polygon", "coordinates": [ [ [ -77.002036283155448, 38.882309783931611 ], [ -77.002053283560357, 38.880487783640774 ], [ -76.996188281635582, 38.878909782720235 ], [ -76.996181281402102, 38.883780783774093 ], [ -76.998452281497421, 38.883261784386647 ], [ -76.998451282157049, 38.882733783874436 ], [ -77.000487283086954, 38.882735783943673 ], [ -77.002036283155448, 38.882309783931611 ] ] ] } },
{ "type": "Feature", "properties": { "GEOCODE": "110010109001", "ward": 8.0, "neighborhood": "Congress Heights, Bellevue, Washington Highlands" }, "geometry": { "type": "Polygon", "coordinates": [ [ [ -77.011860283044783, 38.823595771645607 ], [ -77.011087282545091, 38.821648770759992 ], [ -77.010969282313695, 38.820386770545888 ], [ -77.008169281201916, 38.82078577137667 ], [ -77.007233281097157, 38.820477771085116 ], [ -77.0072372815482, 38.821988771109083 ], [ -77.008088281446419, 38.823638771763051 ], [ -77.011860283044783, 38.823595771645607 ] ] ] } },
{ "type": "Feature", "properties": { "GEOCODE": "110010109002", "ward": 8.0, "neighborhood": "National Mall, Potomac River" }, "geometry": { "type": "Polygon", "coordinates": [ [ [ -77.039193289712571, 38.80050376583182 ], [ -77.039008288958328, 38.791652763790637 ], [ -77.006620281018016, 38.816955770130541 ], [ -77.001245278945234, 38.821282771139856 ], [ -77.002610279694778, 38.822250771698549 ], [ -77.005240281035398, 38.823471771379566 ], [ -77.006004280845005, 38.824098771283325 ], [ -77.007017281075235, 38.823973771705084 ], [ -77.008088281446419, 38.823638771763051 ], [ -77.0072372815482, 38.821988771109083 ], [ -77.007233281097157, 38.820477771085116 ], [ -77.008169281201916, 38.82078577137667 ], [ -77.010969282313695, 38.820386770545888 ], [ -77.011065282583104, 38.821562770706912 ], [ -77.011559282654218, 38.822827771606882 ], [ -77.012073282917839, 38.821880770931465 ], [ -77.012701283055875, 38.823039770972109 ], [ -77.016832284454097, 38.823857770895415 ], [ -77.017372284158327, 38.823599770985894 ], [ -77.017486284276202, 38.821671770506036 ], [ -77.018074284225492, 38.820824770369647 ], [ -77.027479287106473, 38.819986770029914 ], [ -77.039134290425565, 38.81961376932545 ], [ -77.038944290941259, 38.819540769600536 ], [ -77.038869290748991, 38.819336769602948 ], [ -77.038888290215425, 38.819096769191155 ], [ -77.039122290396293, 38.818892769547134 ], [ -77.038972290928982, 38.818786769178708 ], [ -77.038414290396247, 38.816097769219994 ], [ -77.038028289933564, 38.815443768687146 ], [ -77.037475289898921, 38.815004768511024 ], [ -77.037345289845419, 38.814642768949042 ], [ -77.037290290226494, 38.810534767537213 ], [ -77.038058289428918, 38.805976766596565 ], [ -77.039193289712571, 38.80050376583182 ] ] ] } },
{ "type": "Feature", "properties": { "GEOCODE": "110010070002", "ward": 6.0, "neighborhood": "Capitol Hill, Lincoln Park" }, "geometry": { "type": "Polygon", "coordinates": [ [ [ -76.996188280790591, 38.878968783194566 ], [ -76.991539279159184, 38.877780783088767 ], [ -76.99153127989841, 38.882899783873086 ], [ -76.993762280975602, 38.883808784039658 ], [ -76.993765280600826, 38.884592783986527 ], [ -76.995244280623396, 38.884616784319753 ], [ -76.995464281719478, 38.884515784749389 ], [ -76.9961772808836, 38.884813784193753 ], [ -76.996188280790591, 38.878968783194566 ] ] ] } },
{ "type": "Feature", "properties": { "GEOCODE": "110010071001", "ward": 6.0, "neighborhood": "Near Southeast, Navy Yard" }, "geometry": { "type": "Polygon", "coordinates": [ [ [ -76.991536279626416, 38.878409783243271 ], [ -76.991492279006806, 38.874613782785126 ], [ -76.991295279710826, 38.873305782617003 ], [ -76.990933279016673, 38.872487782171987 ], [ -76.990104278901484, 38.871356781754301 ], [ -76.989258278137143, 38.871963781623776 ], [ -76.983959277365585, 38.874935782871404 ], [ -76.978033274815203, 38.876888783552772 ], [ -76.980042275668609, 38.877901783349884 ], [ -76.980589276019785, 38.878464784017737 ], [ -76.981578276326204, 38.878844784035039 ], [ -76.982035276126382, 38.878401783648563 ], [ -76.991536279626416, 38.878409783243271 ] ] ] } },
{ "type": "Feature", "properties": { "GEOCODE": "110010071002", "ward": 6.0, "neighborhood": "Capitol Hill, Lincoln Park" }, "geometry": { "type": "Polygon", "coordinates": [ [ [ -76.99153127989841, 38.882899783873086 ], [ -76.991536279626416, 38.878409783243271 ], [ -76.988315278567768, 38.878408782981325 ], [ -76.988311279116374, 38.881605784356815 ], [ -76.99153127989841, 38.882899783873086 ] ] ] } },
{ "type": "Feature", "properties": { "GEOCODE": "110010071003", "ward": 6.0, "neighborhood": "Capitol Hill, Lincoln Park" }, "geometry": { "type": "Polygon", "coordinates": [ [ [ -76.988311279116374, 38.881605784356815 ], [ -76.988315278567768, 38.878408782981325 ], [ -76.981998276705738, 38.878403783220641 ], [ -76.981578276326204, 38.878844784035039 ], [ -76.988311279116374, 38.881605784356815 ] ] ] } },
{ "type": "Feature", "properties": { "GEOCODE": "110010072011", "ward": 8.0, "neighborhood": "Near Southeast, Navy Yard" }, "geometry": { "type": "Polygon", "coordinates": [ [ [ -77.009100284824967, 38.876476781908579 ], [ -77.009083284759825, 38.871621781033141 ], [ -77.008880284267036, 38.870811780633858 ], [ -77.005885283697225, 38.872044781110674 ], [ -77.005875284231749, 38.87648978246601 ], [ -77.009100284824967, 38.876476781908579 ] ] ] } },
{ "type": "Feature", "properties": { "GEOCODE": "110010072012", "ward": 8.0, "neighborhood": "Near Southeast, Navy Yard" }, "geometry": { "type": "Polygon", "coordinates": [ [ [ -77.002040282919623, 38.876487782014117 ], [ -77.00203928266248, 38.873790781610971 ], [ -77.000558282012165, 38.873798782254589 ], [ -77.000713281921193, 38.870610781074049 ], [ -76.999544281917309, 38.870492781265661 ], [ -76.998579280824842, 38.872076781823431 ], [ -76.998974281878347, 38.872218781825509 ], [ -76.998983281144305, 38.872757781719201 ], [ -76.997746281411807, 38.872499781762357 ], [ -76.997775281181802, 38.876487782325135 ], [ -77.002040282919623, 38.876487782014117 ] ] ] } },
{ "type": "Feature", "properties": { "GEOCODE": "110010072013", "ward": 8.0, "neighborhood": "Near Southeast, Navy Yard" }, "geometry": { "type": "Polygon", "coordinates": [ [ [ -76.998579280824842, 38.872076781823431 ], [ -76.999544281917309, 38.870492781265661 ], [ -76.995484280278575, 38.870080780998912 ], [ -76.992462279575605, 38.870136781696552 ], [ -76.990104278901484, 38.871356781754301 ], [ -76.990933279016673, 38.872487782171987 ], [ -76.991295279710826, 38.873305782617003 ], [ -76.991475279626982, 38.874383782665412 ], [ -76.991559280038786, 38.876504783007761 ], [ -76.997775281181802, 38.876487782325135 ], [ -76.997746281411807, 38.872499781762357 ], [ -76.998983281144305, 38.872757781719201 ], [ -76.998974281878347, 38.872218781825509 ], [ -76.998579280824842, 38.872076781823431 ] ] ] } },
{ "type": "Feature", "properties": { "GEOCODE": "110010072014", "ward": 8.0, "neighborhood": "Arboretum, Anacostia River" }, "geometry": { "type": "Polygon", "coordinates": [ [ [ -77.008880284267036, 38.870811780633858 ], [ -77.008628284189953, 38.870325780678037 ], [ -77.008029284080081, 38.869804780731052 ], [ -77.005459283069683, 38.868714781143538 ], [ -77.003417282455246, 38.870885781468481 ], [ -77.000713281921193, 38.870610781074049 ], [ -77.000558282012165, 38.873798782254589 ], [ -77.00203928266248, 38.873790781610971 ], [ -77.002040282919623, 38.876487782014117 ], [ -77.005875284231749, 38.87648978246601 ], [ -77.005885283697225, 38.872044781110674 ], [ -77.008880284267036, 38.870811780633858 ] ] ] } },
{ "type": "Feature", "properties": { "GEOCODE": "110010072021", "ward": 6.0, "neighborhood": "Near Southeast, Navy Yard" }, "geometry": { "type": "Polygon", "coordinates": [ [ [ -77.009149285351597, 38.877536782607429 ], [ -77.009100284824967, 38.876476781908579 ], [ -77.004204283482125, 38.876488782607304 ], [ -77.004544283080975, 38.877536782411838 ], [ -77.009149285351597, 38.877536782607429 ] ] ] } },
{ "type": "Feature", "properties": { "GEOCODE": "110010072022", "ward": 6.0, "neighborhood": "Near Southeast, Navy Yard" }, "geometry": { "type": "Polygon", "coordinates": [ [ [ -77.009127285013577, 38.879293782497939 ], [ -77.009149285351597, 38.877536782607429 ], [ -77.004544283080975, 38.877536782411838 ], [ -77.005180283664757, 38.879299782500802 ], [ -77.009127285013577, 38.879293782497939 ] ] ] } },
{ "type": "Feature", "properties": { "GEOCODE": "110010072023", "ward": 6.0, "neighborhood": "Near Southeast, Navy Yard" }, "geometry": { "type": "Polygon", "coordinates": [ [ [ -77.009114284701042, 38.881555783385863 ], [ -77.009127285013577, 38.879293782497939 ], [ -77.005180283664757, 38.879299782500802 ], [ -77.005738284067903, 38.880853783285758 ], [ -77.006835284253512, 38.880944782830312 ], [ -77.009114284701042, 38.881555783385863 ] ] ] } },
{ "type": "Feature", "properties": { "GEOCODE": "110010072031", "ward": 8.0, "neighborhood": "Near Southeast, Navy Yard" }, "geometry": { "type": "Polygon", "coordinates": [ [ [ -76.999524282375674, 38.877532782833775 ], [ -77.004544283080975, 38.877536782411838 ], [ -77.004204283482125, 38.876488782607304 ], [ -76.999521281431115, 38.876489782548958 ], [ -76.999524282375674, 38.877532782833775 ] ] ] } },
{ "type": "Feature", "properties": { "GEOCODE": "110010072032", "ward": 8.0, "neighborhood": "Near Southeast, Navy Yard" }, "geometry": { "type": "Polygon", "coordinates": [ [ [ -76.999513282436894, 38.879021783049978 ], [ -76.999521281431115, 38.876489782548958 ], [ -76.991559280038786, 38.876504783007761 ], [ -76.991539279159184, 38.877780783088767 ], [ -76.991638280016332, 38.877840783428454 ], [ -76.998823281884654, 38.879584782898519 ], [ -76.999513282436894, 38.879021783049978 ] ] ] } },
{ "type": "Feature", "properties": { "GEOCODE": "110010072033", "ward": 8.0, "neighborhood": "Near Southeast, Navy Yard" }, "geometry": { "type": "Polygon", "coordinates": [ [ [ -77.005738284067903, 38.880853783285758 ], [ -77.005180283664757, 38.879299782500802 ], [ -77.003517283117503, 38.879293782706043 ], [ -77.003523283912457, 38.880782783235354 ], [ -77.005738284067903, 38.880853783285758 ] ] ] } },
{ "type": "Feature", "properties": { "GEOCODE": "110010072034", "ward": 8.0, "neighborhood": "Near Southeast, Navy Yard" }, "geometry": { "type": "Polygon", "coordinates": [ [ [ -77.005180283664757, 38.879299782500802 ], [ -77.004544283080975, 38.877536782411838 ], [ -76.999524282375674, 38.877532782833775 ], [ -76.999513282436894, 38.879021783049978 ], [ -76.998823281884654, 38.879584782898519 ], [ -77.002428283078117, 38.880588783025381 ], [ -77.003523283912457, 38.880782783235354 ], [ -77.003517283117503, 38.879293782706043 ], [ -77.005180283664757, 38.879299782500802 ] ] ] } },
{ "type": "Feature", "properties": { "GEOCODE": "110010073011", "ward": 8.0, "neighborhood": "National Mall, Potomac River" }, "geometry": { "type": "Polygon", "coordinates": [ [ [ -77.048011295389927, 38.841273773747453 ], [ -77.047491294720615, 38.84066277382577 ], [ -77.046738293952203, 38.84063977381264 ], [ -77.046121294603608, 38.840421773268652 ], [ -77.045872293639448, 38.840155773407496 ], [ -77.045854294326389, 38.840018773618411 ], [ -77.045992294431159, 38.839963773162012 ], [ -77.046309294162569, 38.840100773595175 ], [ -77.046515294263102, 38.839901773320967 ], [ -77.04601629443313, 38.839091773282938 ], [ -77.045411294028909, 38.838753773387843 ], [ -77.045275294317037, 38.838483773452857 ], [ -77.045447293496323, 38.837901772967868 ], [ -77.045057293898893, 38.836125772540392 ], [ -77.045220293277211, 38.835935772448337 ], [ -77.045048293940624, 38.835782772628654 ], [ -77.044993293805831, 38.835301772726211 ], [ -77.044444293104746, 38.833826771910211 ], [ -77.044195293331725, 38.833537772299586 ], [ -77.043776292572062, 38.833368772006764 ], [ -77.043844293249222, 38.833202771858097 ], [ -77.043466292975893, 38.831908771743009 ], [ -77.0430002931964, 38.831256772025206 ], [ -77.04239129222897, 38.831231772022292 ], [ -77.041986292188824, 38.831491772122646 ], [ -77.042581292661623, 38.833339772666456 ], [ -77.042377292756939, 38.833619772279157 ], [ -77.041891293066655, 38.833717772428862 ], [ -77.039174291769299, 38.832155772010367 ], [ -77.03828729084492, 38.831179772189714 ], [ -77.037846291295622, 38.83034977146314 ], [ -77.026457287162785, 38.828880771572805 ], [ -77.026371287160288, 38.828649771563221 ], [ -77.024945286958797, 38.828525771834187 ], [ -77.024590287334533, 38.828589772176159 ], [ -77.024823286624823, 38.828731771984195 ], [ -77.025160287083338, 38.829686772181297 ], [ -77.025211286620561, 38.830363772679455 ], [ -77.025086286817981, 38.830958772756404 ], [ -77.02479428762463, 38.831371772394185 ], [ -77.023838286588699, 38.832089772336829 ], [ -77.023229286683474, 38.832748773255567 ], [ -77.021545286523946, 38.832738772604358 ], [ -77.020729285790296, 38.833064772708653 ], [ -77.020300285241163, 38.832664773287483 ], [ -77.018132284856918, 38.831267772494471 ], [ -77.017339285177187, 38.830237772272376 ], [ -77.016809284281862, 38.829793772052142 ], [ -77.015064284455079, 38.831525772588826 ], [ -77.014023283760267, 38.832857773029176 ], [ -77.009658282564573, 38.838767774464671 ], [ -77.009066282680095, 38.839880774910831 ], [ -77.016609285214415, 38.841617774503121 ], [ -77.017288285820698, 38.839830774820989 ], [ -77.02192328689533, 38.840908774541411 ], [ -77.022120286897177, 38.841220774795545 ], [ -77.022815287133426, 38.841345774692513 ], [ -77.033081289952122, 38.84452377444854 ], [ -77.033904290652373, 38.842817774361663 ], [ -77.034014290980053, 38.841717774641481 ], [ -77.034277290549397, 38.841154774031367 ], [ -77.03419529089426, 38.840944774149925 ], [ -77.034545291173956, 38.840806774213441 ], [ -77.034595290526951, 38.840108773722399 ], [ -77.036176291062802, 38.839567773706129 ], [ -77.036618291427274, 38.839578773923868 ], [ -77.036806291602446, 38.839412773669494 ], [ -77.038937292101721, 38.839255773826693 ], [ -77.040382292104795, 38.839330773669687 ], [ -77.041054293167889, 38.8396217735379 ], [ -77.041786293017211, 38.839523773848533 ], [ -77.043067293611486, 38.83980277386145 ], [ -77.043408293227003, 38.84056577340445 ], [ -77.04390629387278, 38.840205773321358 ], [ -77.044741293339271, 38.840221773244046 ], [ -77.045643293697694, 38.840991773700999 ], [ -77.046148294785084, 38.841190773617669 ], [ -77.047093294604522, 38.841326773312197 ], [ -77.048011295389927, 38.841273773747453 ] ] ] } },
{ "type": "Feature", "properties": { "GEOCODE": "110010073012", "ward": 8.0, "neighborhood": "National Mall, Potomac River" }, "geometry": { "type": "Polygon", "coordinates": [ [ [ -77.041096291212099, 38.823056769918139 ], [ -77.040760291584931, 38.822097770441758 ], [ -77.039713291547002, 38.821824770083978 ], [ -77.039498290745172, 38.821663769652396 ], [ -77.039555290852405, 38.821169769472682 ], [ -77.039900290727047, 38.820909769976872 ], [ -77.040042290661944, 38.820621769763363 ], [ -77.039815291526352, 38.819981769639682 ], [ -77.039134290425565, 38.81961376932545 ], [ -77.027479287106473, 38.819986770029914 ], [ -77.018074284225492, 38.820824770369647 ], [ -77.017633283760148, 38.821340770571915 ], [ -77.017388283951632, 38.822160770746478 ], [ -77.017328284510072, 38.8282507725729 ], [ -77.017204284662569, 38.82894177199649 ], [ -77.016809284281862, 38.829793772052142 ], [ -77.017339285177187, 38.830237772272376 ], [ -77.018132284856918, 38.831267772494471 ], [ -77.020300285241163, 38.832664773287483 ], [ -77.020729285790296, 38.833064772708653 ], [ -77.021545286523946, 38.832738772604358 ], [ -77.023229286683474, 38.832748773255567 ], [ -77.023838286588699, 38.832089772336829 ], [ -77.02484128724484, 38.831323772504838 ], [ -77.025134287431015, 38.830830771950893 ], [ -77.02520928691564, 38.830026771782002 ], [ -77.024823286624823, 38.828731771984195 ], [ -77.024590287334533, 38.828589772176159 ], [ -77.024945286958797, 38.828525771834187 ], [ -77.026371287160288, 38.828649771563221 ], [ -77.026457287162785, 38.828880771572805 ], [ -77.037846291295622, 38.83034977146314 ], [ -77.037701290537882, 38.829507771727073 ], [ -77.037956291230429, 38.828805771725008 ], [ -77.038137290636058, 38.827700771648331 ], [ -77.03836929074032, 38.827273771553017 ], [ -77.038305291199336, 38.827105771075971 ], [ -77.038668290682764, 38.825679770524246 ], [ -77.038786290800303, 38.824480771000573 ], [ -77.039087291070928, 38.824111770795945 ], [ -77.039602290739026, 38.823990770072839 ], [ -77.039771291320093, 38.823758770463137 ], [ -77.040620291424318, 38.823611770474216 ], [ -77.041046291202832, 38.823301770347342 ], [ -77.041096291212099, 38.823056769918139 ] ] ] } },
{ "type": "Feature", "properties": { "GEOCODE": "110010073013", "ward": 8.0, "neighborhood": "Joint Base Anacostia-Bolling" }, "geometry": { "type": "Polygon", "coordinates": [ [ [ -77.033068290804437, 38.84455677516933 ], [ -77.022815287133426, 38.841345774692513 ], [ -77.022120286897177, 38.841220774795545 ], [ -77.02192328689533, 38.840908774541411 ], [ -77.017288285820698, 38.839830774820989 ], [ -77.016609285214415, 38.841617774503121 ], [ -77.009066282680095, 38.839880774910831 ], [ -77.008362282308951, 38.845045775552329 ], [ -77.008036282987092, 38.849882776514043 ], [ -77.004957282228986, 38.85518677772113 ], [ -77.003871282447236, 38.857802778880675 ], [ -77.003006281711507, 38.86054277955531 ], [ -77.003448282384383, 38.860696778911191 ], [ -77.002809281741904, 38.861511779783861 ], [ -77.002080282299758, 38.862761779917335 ], [ -77.001731282462273, 38.865137779840438 ], [ -77.001819282064218, 38.865568780689905 ], [ -77.002400282705395, 38.866717780692646 ], [ -77.002271282176821, 38.867396780615678 ], [ -77.005459283069683, 38.868714781143538 ], [ -77.008192284049542, 38.864488779455819 ], [ -77.009126283952142, 38.8636037791821 ], [ -77.022682287755188, 38.855909777685667 ], [ -77.032204290643804, 38.850701776541854 ], [ -77.032269290223709, 38.848023775778678 ], [ -77.033068290804437, 38.84455677516933 ] ] ] } },
{ "type": "Feature", "properties": { "GEOCODE": "110010073041", "ward": 8.0, "neighborhood": "Congress Heights, Bellevue, Washington Highlands" }, "geometry": { "type": "Polygon", "coordinates": [ [ [ -76.991660277426831, 38.844134775887284 ], [ -76.990951277061114, 38.840460775863114 ], [ -76.990622277446931, 38.840347775809789 ], [ -76.988505276056216, 38.840834775330329 ], [ -76.988513276240454, 38.844712776138721 ], [ -76.991660277426831, 38.844134775887284 ] ] ] } },
{ "type": "Feature", "properties": { "GEOCODE": "110010073042", "ward": 8.0, "neighborhood": "Congress Heights, Bellevue, Washington Highlands" }, "geometry": { "type": "Polygon", "coordinates": [ [ [ -76.994228277777779, 38.843695776503161 ], [ -76.993636277699821, 38.840424775138494 ], [ -76.993565277307113, 38.838812775293441 ], [ -76.992509277707356, 38.838937774882353 ], [ -76.988507276046306, 38.839837775940858 ], [ -76.988505276056216, 38.840834775330329 ], [ -76.990622277446931, 38.840347775809789 ], [ -76.990969277568709, 38.84048477577165 ], [ -76.991660277426831, 38.844134775887284 ], [ -76.994228277777779, 38.843695776503161 ] ] ] } },
{ "type": "Feature", "properties": { "GEOCODE": "110010073043", "ward": 8.0, "neighborhood": "Douglas, Shipley Terrace" }, "geometry": { "type": "Polygon", "coordinates": [ [ [ -76.988513276240454, 38.844712776138721 ], [ -76.988507276108365, 38.841862775730952 ], [ -76.986347276123638, 38.842477776048305 ], [ -76.985521275464976, 38.843207776119307 ], [ -76.985209275724728, 38.844147776553264 ], [ -76.983315275245147, 38.844636777142213 ], [ -76.983385274980677, 38.845836776817649 ], [ -76.983435274641849, 38.846007776795354 ], [ -76.988513276240454, 38.844712776138721 ] ] ] } },
{ "type": "Feature", "properties": { "GEOCODE": "110010073044", "ward": 8.0, "neighborhood": "Douglas, Shipley Terrace" }, "geometry": { "type": "Polygon", "coordinates": [ [ [ -76.993565277307113, 38.838812775293441 ], [ -76.993507277313171, 38.837489775088372 ], [ -76.992803277070479, 38.837615774724185 ], [ -76.991537277390009, 38.838103775136581 ], [ -76.988733275903442, 38.838601775110533 ], [ -76.987809275343849, 38.837066774809763 ], [ -76.985024274973298, 38.833912774909003 ], [ -76.973071272216885, 38.843245776457145 ], [ -76.974452272172513, 38.842886776791815 ], [ -76.974952272139433, 38.842438776982632 ], [ -76.976632272250171, 38.842450776887198 ], [ -76.977464272458747, 38.841796776600454 ], [ -76.978090272650434, 38.841876776394592 ], [ -76.978454273379015, 38.842294776738932 ], [ -76.978830273267235, 38.842078776072412 ], [ -76.981334273990697, 38.846607777038201 ], [ -76.983435274641849, 38.846007776795354 ], [ -76.983315275245147, 38.844636777142213 ], [ -76.985209275724728, 38.844147776553264 ], [ -76.985496276070293, 38.843245776053188 ], [ -76.986142275233405, 38.84259677602158 ], [ -76.986758275341558, 38.842303776554637 ], [ -76.988507276108365, 38.841862775730952 ], [ -76.988507276046306, 38.839837775940858 ], [ -76.992509277707356, 38.838937774882353 ], [ -76.993565277307113, 38.838812775293441 ] ] ] } },
{ "type": "Feature", "properties": { "GEOCODE": "110010076041", "ward": 7.0, "neighborhood": "Twining, Fairlawn, Randle Highlands, Penn Branch, Fort Davis Park, Fort Dupont" }, "geometry": { "type": "Polygon", "coordinates": [ [ [ -76.971336272666306, 38.873916783391742 ], [ -76.970939272379127, 38.873178782711683 ], [ -76.970942272942409, 38.868769781987361 ], [ -76.97027027282229, 38.867405781779453 ], [ -76.970215271963696, 38.86628378166624 ], [ -76.969158271981271, 38.867157781872848 ], [ -76.96898727150851, 38.867538781603983 ], [ -76.968972271797995, 38.867976781896445 ], [ -76.967779271151457, 38.867665782139881 ], [ -76.967773272152343, 38.872315782882744 ], [ -76.969823272735681, 38.873137782599649 ], [ -76.971336272666306, 38.873916783391742 ] ] ] } },
{ "type": "Feature", "properties": { "GEOCODE": "110010076042", "ward": 7.0, "neighborhood": "Twining, Fairlawn, Randle Highlands, Penn Branch, Fort Davis Park, Fort Dupont" }, "geometry": { "type": "Polygon", "coordinates": [ [ [ -76.967784271003225, 38.866026781176949 ], [ -76.967571271292712, 38.8655477817586 ], [ -76.967062271237978, 38.865633781363016 ], [ -76.966227270557042, 38.865296781276854 ], [ -76.965545271276483, 38.865664781184655 ], [ -76.959695269379324, 38.86563778139967 ], [ -76.960385269057952, 38.86929878218816 ], [ -76.967773272152343, 38.872315782882744 ], [ -76.967784271003225, 38.866026781176949 ] ] ] } },
{ "type": "Feature", "properties": { "GEOCODE": "110010093014", "ward": 5.0, "neighborhood": "Brookland, Brentwood, Langdon" }, "geometry": { "type": "Polygon", "coordinates": [ [ [ -76.988843282156381, 38.934635794239092 ], [ -76.988446282091687, 38.929701793307444 ], [ -76.984202279875078, 38.929914793751443 ], [ -76.98459228051648, 38.934848794499167 ], [ -76.988843282156381, 38.934635794239092 ] ] ] } },
{ "type": "Feature", "properties": { "GEOCODE": "110010076043", "ward": 7.0, "neighborhood": "Fairfax Village, Naylor Gardens, Hillcrest, Summit Park" }, "geometry": { "type": "Polygon", "coordinates": [ [ [ -76.970826272166121, 38.864621781572751 ], [ -76.970676271968699, 38.863952780784572 ], [ -76.969450271277879, 38.862077780335561 ], [ -76.968771270913507, 38.860671780753947 ], [ -76.968149270782817, 38.860225780510739 ], [ -76.968197270883749, 38.858913779722634 ], [ -76.967703271380813, 38.859440780190766 ], [ -76.967122271334873, 38.859826780341784 ], [ -76.964773269995206, 38.860726780840366 ], [ -76.964789270153531, 38.86256078123585 ], [ -76.966257271020837, 38.862573781417268 ], [ -76.966964270987475, 38.862875780933166 ], [ -76.967502271111343, 38.863503780828005 ], [ -76.968301271460575, 38.865054781379854 ], [ -76.967739271670339, 38.865801781806212 ], [ -76.967779271151457, 38.867665782139881 ], [ -76.968972271797995, 38.867976781896445 ], [ -76.96898727150851, 38.867538781603983 ], [ -76.969158271981271, 38.867157781872848 ], [ -76.970215271963696, 38.86628378166624 ], [ -76.970826272166121, 38.864621781572751 ] ] ] } },
{ "type": "Feature", "properties": { "GEOCODE": "110010076044", "ward": 7.0, "neighborhood": "Fairfax Village, Naylor Gardens, Hillcrest, Summit Park" }, "geometry": { "type": "Polygon", "coordinates": [ [ [ -76.968301271460575, 38.865054781379854 ], [ -76.967502271111343, 38.863503780828005 ], [ -76.966964270987475, 38.862875780933166 ], [ -76.966257271020837, 38.862573781417268 ], [ -76.964789270153531, 38.86256078123585 ], [ -76.964773269995206, 38.860726780840366 ], [ -76.962139269552765, 38.861671781297822 ], [ -76.958904268429123, 38.861941781569676 ], [ -76.957407267918128, 38.86227678084289 ], [ -76.956676267542946, 38.862597780993312 ], [ -76.956035267652865, 38.863636781446708 ], [ -76.955434267291622, 38.864102781581636 ], [ -76.951326265897237, 38.86560178243321 ], [ -76.960385269057952, 38.86929878218816 ], [ -76.959695269379324, 38.86563778139967 ], [ -76.965545271276483, 38.865664781184655 ], [ -76.966227270557042, 38.865296781276854 ], [ -76.967062271237978, 38.865633781363016 ], [ -76.967571271292712, 38.8655477817586 ], [ -76.967739271670339, 38.865801781806212 ], [ -76.968301271460575, 38.865054781379854 ] ] ] } },
{ "type": "Feature", "properties": { "GEOCODE": "110010076051", "ward": 8.0, "neighborhood": "Twining, Fairlawn, Randle Highlands, Penn Branch, Fort Davis Park, Fort Dupont" }, "geometry": { "type": "Polygon", "coordinates": [ [ [ -76.9790092750616, 38.868239781994149 ], [ -76.979016275254423, 38.865672781203074 ], [ -76.977871274627518, 38.865358781543293 ], [ -76.975529273728412, 38.864236780916315 ], [ -76.974926273545705, 38.865708781226978 ], [ -76.974140273875591, 38.866427781218604 ], [ -76.975090273607378, 38.866770781262105 ], [ -76.974965273381102, 38.868250781606548 ], [ -76.9790092750616, 38.868239781994149 ] ] ] } },
{ "type": "Feature", "properties": { "GEOCODE": "110010076052", "ward": 8.0, "neighborhood": "Twining, Fairlawn, Randle Highlands, Penn Branch, Fort Davis Park, Fort Dupont" }, "geometry": { "type": "Polygon", "coordinates": [ [ [ -76.984352276274379, 38.866661780695871 ], [ -76.979016275254423, 38.865672781203074 ], [ -76.9790092750616, 38.868239781994149 ], [ -76.981249275316728, 38.868237781307052 ], [ -76.984352276274379, 38.866661780695871 ] ] ] } },
{ "type": "Feature", "properties": { "GEOCODE": "110010076053", "ward": 8.0, "neighborhood": "Twining, Fairlawn, Randle Highlands, Penn Branch, Fort Davis Park, Fort Dupont" }, "geometry": { "type": "Polygon", "coordinates": [ [ [ -76.974926273545705, 38.865708781226978 ], [ -76.975529273728412, 38.864236780916315 ], [ -76.973965273537146, 38.863538781328018 ], [ -76.973335273554085, 38.864468780742435 ], [ -76.97277727316694, 38.86572578175771 ], [ -76.974140273875591, 38.866427781218604 ], [ -76.974926273545705, 38.865708781226978 ] ] ] } },
{ "type": "Feature", "properties": { "GEOCODE": "110010076054", "ward": 8.0, "neighborhood": "Twining, Fairlawn, Randle Highlands, Penn Branch, Fort Davis Park, Fort Dupont" }, "geometry": { "type": "Polygon", "coordinates": [ [ [ -76.975059273176953, 38.866798781800469 ], [ -76.97277727316694, 38.86572578175771 ], [ -76.973335273554085, 38.864468780742435 ], [ -76.973965273537146, 38.863538781328018 ], [ -76.970236272179235, 38.861931780273068 ], [ -76.968771270913507, 38.860671780753947 ], [ -76.969268271327323, 38.861755780646291 ], [ -76.970785272297178, 38.864248781444857 ], [ -76.970780272137659, 38.864939781565319 ], [ -76.970306271863279, 38.865942781424856 ], [ -76.970172272686682, 38.866721781364816 ], [ -76.970289271788147, 38.867466781670565 ], [ -76.970694272277754, 38.868254782172592 ], [ -76.974965273381102, 38.868250781606548 ], [ -76.975059273176953, 38.866798781800469 ] ] ] } },
{ "type": "Feature", "properties": { "GEOCODE": "110010090002", "ward": 5.0, "neighborhood": "Woodridge, Fort Lincoln, Gateway" }, "geometry": { "type": "Polygon", "coordinates": [ [ [ -76.959762271984417, 38.925204793721704 ], [ -76.959681272471812, 38.924664793587795 ], [ -76.959136272765264, 38.923956793481501 ], [ -76.955449270466957, 38.921396792946666 ], [ -76.954364270479005, 38.922294793511909 ], [ -76.953743270329099, 38.922454793947381 ], [ -76.950363269681432, 38.921969793498391 ], [ -76.949566269156279, 38.921478793073625 ], [ -76.949461268719972, 38.921050793638202 ], [ -76.949550269200884, 38.919872793212001 ], [ -76.949332268517836, 38.919454793486437 ], [ -76.948867268858862, 38.919138793129733 ], [ -76.94725426858399, 38.918695793305204 ], [ -76.943560266877896, 38.918125793193113 ], [ -76.942436266195358, 38.918100792704465 ], [ -76.941925267075774, 38.918591793045131 ], [ -76.956088271658118, 38.929470795112969 ], [ -76.956108271749557, 38.929079795001236 ], [ -76.957021271838428, 38.92839579432033 ], [ -76.957410272364058, 38.928218794520141 ], [ -76.95831127247159, 38.928088794280477 ], [ -76.958669271987617, 38.927799794150545 ], [ -76.959310272688654, 38.926637794031798 ], [ -76.959762271984417, 38.925204793721704 ] ] ] } },
{ "type": "Feature", "properties": { "GEOCODE": "110010077031", "ward": 7.0, "neighborhood": "Capitol View, Marshall Heights, Benning Heights" }, "geometry": { "type": "Polygon", "coordinates": [ [ [ -76.949037267159596, 38.889645786859987 ], [ -76.949590266887483, 38.889337787128632 ], [ -76.946520265721432, 38.886361786878588 ], [ -76.946140266476476, 38.886509786673052 ], [ -76.94503826508317, 38.886515786398249 ], [ -76.943559265553802, 38.884598785914349 ], [ -76.942522264312302, 38.882483786281902 ], [ -76.941583264341475, 38.883465786155142 ], [ -76.940991264533338, 38.88444878651994 ], [ -76.940641264475033, 38.885524787013097 ], [ -76.940481263820644, 38.887052786972646 ], [ -76.94011126378409, 38.887904787207631 ], [ -76.939443264480502, 38.888661787305722 ], [ -76.938496263645533, 38.889322787765607 ], [ -76.938214263490238, 38.889779787156805 ], [ -76.937880263826329, 38.889891787749853 ], [ -76.94828426649697, 38.889827787287743 ], [ -76.948283266810904, 38.889740787533057 ], [ -76.949037267159596, 38.889645786859987 ] ] ] } },
{ "type": "Feature", "properties": { "GEOCODE": "110010077032", "ward": 7.0, "neighborhood": "River Terrace, Benning, Greenway, Dupont Park" }, "geometry": { "type": "Polygon", "coordinates": [ [ [ -76.953008268548558, 38.889829786810104 ], [ -76.953181268387539, 38.889604787359751 ], [ -76.952689268245436, 38.889378786918655 ], [ -76.948864266805941, 38.885658786311289 ], [ -76.947512266755211, 38.884095785664876 ], [ -76.946782265640437, 38.883032786258731 ], [ -76.945774264940312, 38.880876785033429 ], [ -76.9440282653336, 38.881496785493582 ], [ -76.942522264312302, 38.882483786281902 ], [ -76.943559265553802, 38.884598785914349 ], [ -76.94503826508317, 38.886515786398249 ], [ -76.946140266476476, 38.886509786673052 ], [ -76.946520265721432, 38.886361786878588 ], [ -76.949590266887483, 38.889337787128632 ], [ -76.949037267159596, 38.889645786859987 ], [ -76.948283266810904, 38.889740787533057 ], [ -76.94828426649697, 38.889827787287743 ], [ -76.953008268548558, 38.889829786810104 ] ] ] } },
{ "type": "Feature", "properties": { "GEOCODE": "110010077033", "ward": 7.0, "neighborhood": "River Terrace, Benning, Greenway, Dupont Park" }, "geometry": { "type": "Polygon", "coordinates": [ [ [ -76.956261269131517, 38.883664785323795 ], [ -76.953185267383262, 38.883627785514946 ], [ -76.94793326668092, 38.882860785362695 ], [ -76.946679265443279, 38.882837786035232 ], [ -76.947275266401704, 38.883794786173759 ], [ -76.948630267137261, 38.885410786398381 ], [ -76.952142267949256, 38.888831787020102 ], [ -76.953252268697057, 38.887867786734439 ], [ -76.953914268944317, 38.886839786273157 ], [ -76.954174268613855, 38.885794786387919 ], [ -76.956261269131517, 38.883664785323795 ] ] ] } },
{ "type": "Feature", "properties": { "GEOCODE": "110010077034", "ward": 7.0, "neighborhood": "River Terrace, Benning, Greenway, Dupont Park" }, "geometry": { "type": "Polygon", "coordinates": [ [ [ -76.953181268387539, 38.889604787359751 ], [ -76.957498269095368, 38.883637785326506 ], [ -76.956268269014359, 38.88363778530379 ], [ -76.954174268613855, 38.885794786387919 ], [ -76.953914268944317, 38.886839786273157 ], [ -76.953252268697057, 38.887867786734439 ], [ -76.952142267949256, 38.888831787020102 ], [ -76.952689268245436, 38.889378786918655 ], [ -76.953181268387539, 38.889604787359751 ] ] ] } },
{ "type": "Feature", "properties": { "GEOCODE": "110010074073", "ward": 8.0, "neighborhood": "Sheridan, Barry Farm, Buena Vista" }, "geometry": { "type": "Polygon", "coordinates": [ [ [ -76.993829279400316, 38.861462779998057 ], [ -76.994329279021159, 38.860661779245966 ], [ -76.993869278836414, 38.860029779160342 ], [ -76.993651279099225, 38.859450779048743 ], [ -76.993602278569057, 38.858487779430824 ], [ -76.988535277519929, 38.858411779702948 ], [ -76.987589277213942, 38.857917778952455 ], [ -76.98720127674531, 38.857307779228428 ], [ -76.986997276548806, 38.856197778780782 ], [ -76.985404276385594, 38.857195779267705 ], [ -76.990273277579931, 38.860288779409572 ], [ -76.99102927856066, 38.859670779253335 ], [ -76.993829279400316, 38.861462779998057 ] ] ] } },
{ "type": "Feature", "properties": { "GEOCODE": "110010074081", "ward": 8.0, "neighborhood": "Woodland/Fort Stanton, Garfield Heights, Knox Hill" }, "geometry": { "type": "Polygon", "coordinates": [ [ [ -76.971458271979103, 38.851603778628167 ], [ -76.972762271631424, 38.851208778341167 ], [ -76.971597272084935, 38.85034177831259 ], [ -76.970246271512934, 38.849718778594379 ], [ -76.968795271273791, 38.84927477831588 ], [ -76.967120270222068, 38.84907577800093 ], [ -76.965481269572919, 38.849149778569284 ], [ -76.963501269611598, 38.85070977838965 ], [ -76.96569027009869, 38.852413778878201 ], [ -76.965671269796346, 38.851413778415505 ], [ -76.965304269461569, 38.850728778311414 ], [ -76.965571270351148, 38.850406778693831 ], [ -76.966016270038253, 38.85036277854023 ], [ -76.966446270284038, 38.850653778151248 ], [ -76.96685726987883, 38.851302778648183 ], [ -76.968357271090724, 38.851323778202527 ], [ -76.968909271292588, 38.851474779071445 ], [ -76.97005027098632, 38.852731779235626 ], [ -76.970395271710814, 38.852286778504109 ], [ -76.971458271979103, 38.851603778628167 ] ] ] } },
{ "type": "Feature", "properties": { "GEOCODE": "110010091022", "ward": 5.0, "neighborhood": "Brookland, Brentwood, Langdon" }, "geometry": { "type": "Polygon", "coordinates": [ [ [ -76.986742281041501, 38.922955791967247 ], [ -76.98340627927756, 38.92056679244503 ], [ -76.98319327952737, 38.920130792310729 ], [ -76.983156279861291, 38.919187791585159 ], [ -76.980049278108694, 38.919207791932799 ], [ -76.979610278760845, 38.919386791834704 ], [ -76.979008278276368, 38.919901792276782 ], [ -76.985306280663238, 38.92424379312758 ], [ -76.986742281041501, 38.922955791967247 ] ] ] } },
{ "type": "Feature", "properties": { "GEOCODE": "110010074082", "ward": 8.0, "neighborhood": "Woodland/Fort Stanton, Garfield Heights, Knox Hill" }, "geometry": { "type": "Polygon", "coordinates": [ [ [ -76.975900273028628, 38.853635779214343 ], [ -76.974337272553086, 38.852638778303579 ], [ -76.972762271631424, 38.851208778341167 ], [ -76.971904272031452, 38.851395778428973 ], [ -76.970475271029983, 38.852225778328005 ], [ -76.970042271618965, 38.852749778736957 ], [ -76.969974270939289, 38.855829779186877 ], [ -76.971753272328911, 38.856913779423124 ], [ -76.973418272551783, 38.855352779017878 ], [ -76.975214273672094, 38.856535779031347 ], [ -76.975899273195267, 38.855897778860488 ], [ -76.974640273458647, 38.855005779446543 ], [ -76.975900273028628, 38.853635779214343 ] ] ] } },
{ "type": "Feature", "properties": { "GEOCODE": "110010074091", "ward": 8.0, "neighborhood": "Douglas, Shipley Terrace" }, "geometry": { "type": "Polygon", "coordinates": [ [ [ -76.971649271505299, 38.846855777796087 ], [ -76.97159127192181, 38.845467776936687 ], [ -76.970962271455363, 38.84489077720707 ], [ -76.966632270430878, 38.848264778140297 ], [ -76.967055270624357, 38.848387777908066 ], [ -76.968615270639191, 38.84836677842641 ], [ -76.970887270758652, 38.848025777837599 ], [ -76.970947271748017, 38.847569777381672 ], [ -76.971649271505299, 38.846855777796087 ] ] ] } },
{ "type": "Feature", "properties": { "GEOCODE": "110010074092", "ward": 8.0, "neighborhood": "Douglas, Shipley Terrace" }, "geometry": { "type": "Polygon", "coordinates": [ [ [ -76.97699527346775, 38.846489777613904 ], [ -76.976602273303527, 38.845414776866747 ], [ -76.976264272304562, 38.843825776454821 ], [ -76.973978272123162, 38.843926776643329 ], [ -76.972453271079118, 38.843727776985844 ], [ -76.970962271455363, 38.84489077720707 ], [ -76.97159127192181, 38.845467776936687 ], [ -76.971649271505299, 38.846855777796087 ], [ -76.970947271748017, 38.847569777381672 ], [ -76.970887270758652, 38.848025777837599 ], [ -76.971832271534836, 38.84781777774964 ], [ -76.974315271950587, 38.846829777531582 ], [ -76.97699527346775, 38.846489777613904 ] ] ] } },
{ "type": "Feature", "properties": { "GEOCODE": "110010074093", "ward": 8.0, "neighborhood": "Douglas, Shipley Terrace" }, "geometry": { "type": "Polygon", "coordinates": [ [ [ -76.980594273947787, 38.845437776656958 ], [ -76.978830273267235, 38.842078776072412 ], [ -76.978454273379015, 38.842294776738932 ], [ -76.978268273397433, 38.841999776805132 ], [ -76.977898272867918, 38.841793775982921 ], [ -76.977260272634766, 38.841878776092258 ], [ -76.976972272981499, 38.842262776861745 ], [ -76.976582272492891, 38.842463776869884 ], [ -76.974907271737536, 38.84245377629528 ], [ -76.974505272269511, 38.842863776297349 ], [ -76.973071272216885, 38.843245776457145 ], [ -76.972453271079118, 38.843727776985844 ], [ -76.973978272123162, 38.843926776643329 ], [ -76.976264272304562, 38.843825776454821 ], [ -76.976602273303527, 38.845414776866747 ], [ -76.977055273655438, 38.846480777375113 ], [ -76.980594273947787, 38.845437776656958 ] ] ] } },
{ "type": "Feature", "properties": { "GEOCODE": "110010075021", "ward": 8.0, "neighborhood": "Woodland/Fort Stanton, Garfield Heights, Knox Hill" }, "geometry": { "type": "Polygon", "coordinates": [ [ [ -76.97335227308443, 38.863294780673378 ], [ -76.975738273740703, 38.860824780379836 ], [ -76.973629272434366, 38.859447780276824 ], [ -76.975224272997437, 38.857909779790731 ], [ -76.974294273021258, 38.857393779672989 ], [ -76.975214273672094, 38.856535779031347 ], [ -76.973418272551783, 38.855352779017878 ], [ -76.971753272328911, 38.856913779423124 ], [ -76.969974270939289, 38.855829779186877 ], [ -76.969893271811969, 38.860225780172769 ], [ -76.969375271124321, 38.861230780872454 ], [ -76.970236272179235, 38.861931780273068 ], [ -76.97335227308443, 38.863294780673378 ] ] ] } },
{ "type": "Feature", "properties": { "GEOCODE": "110010075022", "ward": 8.0, "neighborhood": "Woodland/Fort Stanton, Garfield Heights, Knox Hill" }, "geometry": { "type": "Polygon", "coordinates": [ [ [ -76.96998627223897, 38.85915677989302 ], [ -76.969979271788105, 38.855126779720067 ], [ -76.967450271135903, 38.855147779057965 ], [ -76.965710270573283, 38.854848779451331 ], [ -76.966645270755052, 38.856028779892291 ], [ -76.967955271515848, 38.858039780078862 ], [ -76.968203270638966, 38.85897478010326 ], [ -76.968149270782817, 38.860225780510739 ], [ -76.969375271124321, 38.861230780872454 ], [ -76.969860271229265, 38.860394780478487 ], [ -76.96998627223897, 38.85915677989302 ] ] ] } },
{ "type": "Feature", "properties": { "GEOCODE": "110010075023", "ward": 8.0, "neighborhood": "Woodland/Fort Stanton, Garfield Heights, Knox Hill" }, "geometry": { "type": "Polygon", "coordinates": [ [ [ -76.970042271618965, 38.852749778736957 ], [ -76.968909271292588, 38.851474779071445 ], [ -76.968357271090724, 38.851323778202527 ], [ -76.96685726987883, 38.851302778648183 ], [ -76.966392269557929, 38.850596778848463 ], [ -76.965932269740975, 38.850347778432116 ], [ -76.965540269869095, 38.85042277844218 ], [ -76.965304269461569, 38.850728778311414 ], [ -76.965671269796346, 38.851413778415505 ], [ -76.96569027009869, 38.852413778878201 ], [ -76.963501269611598, 38.85070977838965 ], [ -76.961967268342704, 38.851933779372629 ], [ -76.962563268430799, 38.851949779106199 ], [ -76.962981268535046, 38.8521417785499 ], [ -76.965710270573283, 38.854848779451331 ], [ -76.967046270084779, 38.855113779618598 ], [ -76.969979271788105, 38.855126779720067 ], [ -76.970042271618965, 38.852749778736957 ] ] ] } },
{ "type": "Feature", "properties": { "GEOCODE": "110010075031", "ward": 8.0, "neighborhood": "Historic Anacostia" }, "geometry": { "type": "Polygon", "coordinates": [ [ [ -76.991764278715436, 38.865774781069817 ], [ -76.992719279559424, 38.864871780667066 ], [ -76.991397278633244, 38.863926780001187 ], [ -76.991018278556695, 38.86343678005889 ], [ -76.991223278340456, 38.863325780410399 ], [ -76.990454278632455, 38.862557780358841 ], [ -76.989009277704099, 38.863360779919034 ], [ -76.988678277633056, 38.863808780131755 ], [ -76.988055278080367, 38.863787780710396 ], [ -76.987812277151562, 38.864552780954305 ], [ -76.98268127628107, 38.863622780344976 ], [ -76.982173275810993, 38.865333781361876 ], [ -76.983444276774904, 38.86556778096427 ], [ -76.983188276362924, 38.866427781252433 ], [ -76.988628277627285, 38.867424781565973 ], [ -76.989010277663439, 38.867994781202157 ], [ -76.989485278879258, 38.868368781159198 ], [ -76.990122278611878, 38.867851781037494 ], [ -76.991764278715436, 38.865774781069817 ] ] ] } },
{ "type": "Feature", "properties": { "GEOCODE": "110010093021", "ward": 5.0, "neighborhood": "Brookland, Brentwood, Langdon" }, "geometry": { "type": "Polygon", "coordinates": [ [ [ -76.996035283158861, 38.921390792056286 ], [ -76.985625280734411, 38.924627792623966 ], [ -76.985743280286229, 38.924950793167888 ], [ -76.985971281357081, 38.927842793145061 ], [ -76.994179283688936, 38.927447792602571 ], [ -76.994803283837072, 38.924416792499436 ], [ -76.996035283158861, 38.921390792056286 ] ] ] } },
{ "type": "Feature", "properties": { "GEOCODE": "110010075032", "ward": 8.0, "neighborhood": "Historic Anacostia" }, "geometry": { "type": "Polygon", "coordinates": [ [ [ -76.990454278632455, 38.862557780358841 ], [ -76.988035277494788, 38.860206779589518 ], [ -76.987621277142068, 38.86052677955341 ], [ -76.983668276546055, 38.860537780248663 ], [ -76.983598275883125, 38.860782779691561 ], [ -76.982851276400737, 38.861383780001781 ], [ -76.98268127628107, 38.863622780344976 ], [ -76.987812277151562, 38.864552780954305 ], [ -76.988055278080367, 38.863787780710396 ], [ -76.988678277633056, 38.863808780131755 ], [ -76.989009277704099, 38.863360779919034 ], [ -76.990454278632455, 38.862557780358841 ] ] ] } },
{ "type": "Feature", "properties": { "GEOCODE": "110010075041", "ward": 8.0, "neighborhood": "Historic Anacostia" }, "geometry": { "type": "Polygon", "coordinates": [ [ [ -76.987621277142068, 38.86052677955341 ], [ -76.988035277494788, 38.860206779589518 ], [ -76.983108276175329, 38.856927778881683 ], [ -76.980552275009998, 38.857301779487379 ], [ -76.97732527405492, 38.857309779750643 ], [ -76.976765273807814, 38.857169779597221 ], [ -76.97544927326193, 38.856321779414564 ], [ -76.974294273021258, 38.857393779672989 ], [ -76.975224272997437, 38.857909779790731 ], [ -76.973629272434366, 38.859447780276824 ], [ -76.975738273740703, 38.860824780379836 ], [ -76.97335227308443, 38.863294780673378 ], [ -76.977246274852817, 38.865062780945117 ], [ -76.977850274128386, 38.864309780896647 ], [ -76.979000275088552, 38.864704780891223 ], [ -76.979015274249406, 38.862998780374866 ], [ -76.979602275053054, 38.862586780761781 ], [ -76.980595275688685, 38.863240781004734 ], [ -76.98268127628107, 38.863622780344976 ], [ -76.982851276400737, 38.861383780001781 ], [ -76.983598275883125, 38.860782779691561 ], [ -76.983668276546055, 38.860537780248663 ], [ -76.987621277142068, 38.86052677955341 ] ] ] } },
{ "type": "Feature", "properties": { "GEOCODE": "110010087021", "ward": 5.0, "neighborhood": "Edgewood, Bloomingdale, Truxton Circle, Eckington" }, "geometry": { "type": "Polygon", "coordinates": [ [ [ -77.003515285754233, 38.918733791139104 ], [ -77.003509285087191, 38.91557578984029 ], [ -76.99893128417196, 38.915577790737395 ], [ -76.996035283158861, 38.921390792056286 ], [ -77.003515285754233, 38.918733791139104 ] ] ] } },
{ "type": "Feature", "properties": { "GEOCODE": "110010075042", "ward": 8.0, "neighborhood": "Historic Anacostia" }, "geometry": { "type": "Polygon", "coordinates": [ [ [ -76.983188276362924, 38.866427781252433 ], [ -76.983444276774904, 38.86556778096427 ], [ -76.982173275810993, 38.865333781361876 ], [ -76.98268127628107, 38.863622780344976 ], [ -76.980595275688685, 38.863240781004734 ], [ -76.979602275053054, 38.862586780761781 ], [ -76.979015274249406, 38.862998780374866 ], [ -76.979000275088552, 38.864704780891223 ], [ -76.977850274128386, 38.864309780896647 ], [ -76.977246274852817, 38.865062780945117 ], [ -76.978493274793991, 38.865565781399539 ], [ -76.983188276362924, 38.866427781252433 ] ] ] } },
{ "type": "Feature", "properties": { "GEOCODE": "110010076011", "ward": 8.0, "neighborhood": "Twining, Fairlawn, Randle Highlands, Penn Branch, Fort Davis Park, Fort Dupont" }, "geometry": { "type": "Polygon", "coordinates": [ [ [ -76.977955275246899, 38.873451782381998 ], [ -76.975038274367293, 38.871370782802273 ], [ -76.970968273390838, 38.873311782778678 ], [ -76.971336272666306, 38.873916783391742 ], [ -76.972919272979297, 38.874589783374681 ], [ -76.976031274237968, 38.874074782985979 ], [ -76.977955275246899, 38.873451782381998 ] ] ] } },
{ "type": "Feature", "properties": { "GEOCODE": "110010076012", "ward": 8.0, "neighborhood": "Twining, Fairlawn, Randle Highlands, Penn Branch, Fort Davis Park, Fort Dupont" }, "geometry": { "type": "Polygon", "coordinates": [ [ [ -76.974985274136614, 38.87127178259518 ], [ -76.974965273381102, 38.868250781606548 ], [ -76.970694272277754, 38.868254782172592 ], [ -76.970942272942409, 38.868769781987361 ], [ -76.970968273390838, 38.873311782778678 ], [ -76.974985274136614, 38.87127178259518 ] ] ] } },
{ "type": "Feature", "properties": { "GEOCODE": "110010092011", "ward": 5.0, "neighborhood": "Edgewood, Bloomingdale, Truxton Circle, Eckington" }, "geometry": { "type": "Polygon", "coordinates": [ [ [ -76.996186284543725, 38.933167793699049 ], [ -76.996175284131894, 38.925589792537444 ], [ -76.994486282979636, 38.925589792648353 ], [ -76.994179283688936, 38.927447792602571 ], [ -76.994104283925822, 38.929256793312597 ], [ -76.994498283340079, 38.932380794183281 ], [ -76.994839284059609, 38.933753794392409 ], [ -76.996186284543725, 38.933167793699049 ] ] ] } },
{ "type": "Feature", "properties": { "GEOCODE": "110010076013", "ward": 8.0, "neighborhood": "Twining, Fairlawn, Randle Highlands, Penn Branch, Fort Davis Park, Fort Dupont" }, "geometry": { "type": "Polygon", "coordinates": [ [ [ -76.979044274989846, 38.872918782701952 ], [ -76.9790092750616, 38.868239781994149 ], [ -76.974965273381102, 38.868250781606548 ], [ -76.974955274345703, 38.871371782081482 ], [ -76.977955275246899, 38.873451782381998 ], [ -76.979044274989846, 38.872918782701952 ] ] ] } },
{ "type": "Feature", "properties": { "GEOCODE": "110010076014", "ward": 8.0, "neighborhood": "Twining, Fairlawn, Randle Highlands, Penn Branch, Fort Davis Park, Fort Dupont" }, "geometry": { "type": "Polygon", "coordinates": [ [ [ -76.982217276603151, 38.871320781983236 ], [ -76.982228275501001, 38.867744781558194 ], [ -76.981249275316728, 38.868237781307052 ], [ -76.9790092750616, 38.868239781994149 ], [ -76.979044274989846, 38.872918782701952 ], [ -76.982217276603151, 38.871320781983236 ] ] ] } },
{ "type": "Feature", "properties": { "GEOCODE": "110010076015", "ward": 8.0, "neighborhood": "Twining, Fairlawn, Randle Highlands, Penn Branch, Fort Davis Park, Fort Dupont" }, "geometry": { "type": "Polygon", "coordinates": [ [ [ -76.983959277365585, 38.874935782871404 ], [ -76.990104278901484, 38.871356781754301 ], [ -76.988355277845955, 38.869145781697739 ], [ -76.989485278879258, 38.868368781159198 ], [ -76.989010277663439, 38.867994781202157 ], [ -76.988628277627285, 38.867424781565973 ], [ -76.984363276873495, 38.86664178079058 ], [ -76.982228275501001, 38.867744781558194 ], [ -76.982185275690995, 38.871343781871687 ], [ -76.977364274999644, 38.873684782460685 ], [ -76.975758274322374, 38.874134782949888 ], [ -76.972919272979297, 38.874589783374681 ], [ -76.978033274815203, 38.876888783552772 ], [ -76.983959277365585, 38.874935782871404 ] ] ] } },
{ "type": "Feature", "properties": { "GEOCODE": "110010076031", "ward": 7.0, "neighborhood": "Fairfax Village, Naylor Gardens, Hillcrest, Summit Park" }, "geometry": { "type": "Polygon", "coordinates": [ [ [ -76.956035267652865, 38.863636781446708 ], [ -76.956676267542946, 38.862597780993312 ], [ -76.956556268296623, 38.862598781385501 ], [ -76.955144267338596, 38.862884781012546 ], [ -76.954212267146261, 38.862811781681117 ], [ -76.949920265479605, 38.861285781456928 ], [ -76.946811265096287, 38.86370978148949 ], [ -76.951326265897237, 38.86560178243321 ], [ -76.955434267291622, 38.864102781581636 ], [ -76.956035267652865, 38.863636781446708 ] ] ] } },
{ "type": "Feature", "properties": { "GEOCODE": "110010076032", "ward": 7.0, "neighborhood": "Fairfax Village, Naylor Gardens, Hillcrest, Summit Park" }, "geometry": { "type": "Polygon", "coordinates": [ [ [ -76.968197270883749, 38.858913779722634 ], [ -76.967955271515848, 38.858039780078862 ], [ -76.967358270317149, 38.857075779695315 ], [ -76.966228269960766, 38.857332779547228 ], [ -76.96462527022868, 38.857207779597871 ], [ -76.958920267599211, 38.857279779974583 ], [ -76.959002268623692, 38.861930780704171 ], [ -76.962283269235868, 38.861634780768824 ], [ -76.96701127067341, 38.859882780527244 ], [ -76.967703271380813, 38.859440780190766 ], [ -76.968197270883749, 38.858913779722634 ] ] ] } },
{ "type": "Feature", "properties": { "GEOCODE": "110010087022", "ward": 5.0, "neighborhood": "Edgewood, Bloomingdale, Truxton Circle, Eckington" }, "geometry": { "type": "Polygon", "coordinates": [ [ [ -77.004373286117428, 38.912607790100317 ], [ -77.004939285291272, 38.910588789232101 ], [ -77.002666284821913, 38.910638789289365 ], [ -77.002041284763976, 38.911715789725484 ], [ -77.002035284676893, 38.912609790149993 ], [ -77.004373286117428, 38.912607790100317 ] ] ] } },
{ "type": "Feature", "properties": { "GEOCODE": "110010076033", "ward": 7.0, "neighborhood": "Fairfax Village, Naylor Gardens, Hillcrest, Summit Park" }, "geometry": { "type": "Polygon", "coordinates": [ [ [ -76.959002268623692, 38.861930780704171 ], [ -76.958913268486555, 38.856216780255643 ], [ -76.958626267908841, 38.855443779953177 ], [ -76.958112268178951, 38.854916780043808 ], [ -76.949920265479605, 38.861285781456928 ], [ -76.953861267018254, 38.862716781254903 ], [ -76.954710267082334, 38.862881781239928 ], [ -76.956676267542946, 38.862597780993312 ], [ -76.957493268249777, 38.86225078145025 ], [ -76.959002268623692, 38.861930780704171 ] ] ] } },
{ "type": "Feature", "properties": { "GEOCODE": "110010076034", "ward": 7.0, "neighborhood": "Fairfax Village, Naylor Gardens, Hillcrest, Summit Park" }, "geometry": { "type": "Polygon", "coordinates": [ [ [ -76.967358270317149, 38.857075779695315 ], [ -76.965303270313399, 38.85436077968501 ], [ -76.963053268567691, 38.85220077868054 ], [ -76.962563268430799, 38.851949779106199 ], [ -76.961967268342704, 38.851933779372629 ], [ -76.958112268178951, 38.854916780043808 ], [ -76.958565267467037, 38.855358779994944 ], [ -76.95884426805506, 38.855889779692383 ], [ -76.958920267599211, 38.857279779974583 ], [ -76.96462527022868, 38.857207779597871 ], [ -76.966228269960766, 38.857332779547228 ], [ -76.967358270317149, 38.857075779695315 ] ] ] } },
{ "type": "Feature", "properties": { "GEOCODE": "110010077082", "ward": 7.0, "neighborhood": "River Terrace, Benning, Greenway, Dupont Park" }, "geometry": { "type": "Polygon", "coordinates": [ [ [ -76.969606273236593, 38.882666784846499 ], [ -76.971759273420417, 38.880223784089161 ], [ -76.967716272791364, 38.881490784738197 ], [ -76.967216271884737, 38.881248784597268 ], [ -76.965660272280118, 38.881386784743356 ], [ -76.965098271866168, 38.88122878485094 ], [ -76.964291270743828, 38.881198784400766 ], [ -76.964045271755509, 38.881322785102277 ], [ -76.963769271358146, 38.88174278537798 ], [ -76.96311227071412, 38.882015785278014 ], [ -76.962258270813251, 38.881989785387304 ], [ -76.961712270321783, 38.881717784921371 ], [ -76.96039626971033, 38.881499785379532 ], [ -76.958875269647763, 38.881713785551881 ], [ -76.955234269142238, 38.886804785867795 ], [ -76.959747270098973, 38.886791786036717 ], [ -76.956720269682251, 38.889838787245367 ], [ -76.963369271480843, 38.889874786159027 ], [ -76.966791272428679, 38.885242785382246 ], [ -76.969606273236593, 38.882666784846499 ] ] ] } },
{ "type": "Feature", "properties": { "GEOCODE": "110010077091", "ward": 7.0, "neighborhood": "Twining, Fairlawn, Randle Highlands, Penn Branch, Fort Davis Park, Fort Dupont" }, "geometry": { "type": "Polygon", "coordinates": [ [ [ -76.978033274815203, 38.876888783552772 ], [ -76.974988274012489, 38.875433783271099 ], [ -76.970533273136155, 38.873529783477942 ], [ -76.961631270618938, 38.878033784131148 ], [ -76.961258270394922, 38.878384783936838 ], [ -76.958875269647763, 38.881713785551881 ], [ -76.96039626971033, 38.881499785379532 ], [ -76.961712270321783, 38.881717784921371 ], [ -76.962258270813251, 38.881989785387304 ], [ -76.96311227071412, 38.882015785278014 ], [ -76.963769271358146, 38.88174278537798 ], [ -76.964045271755509, 38.881322785102277 ], [ -76.964291270743828, 38.881198784400766 ], [ -76.965098271866168, 38.88122878485094 ], [ -76.965660272280118, 38.881386784743356 ], [ -76.967216271884737, 38.881248784597268 ], [ -76.967716272791364, 38.881490784738197 ], [ -76.971759273420417, 38.880223784089161 ], [ -76.972664274257639, 38.878974783917862 ], [ -76.973301274453689, 38.878397784153442 ], [ -76.978033274815203, 38.876888783552772 ] ] ] } },
{ "type": "Feature", "properties": { "GEOCODE": "110010079011", "ward": 7.0, "neighborhood": "Union Station, Stanton Park, Kingman Park" }, "geometry": { "type": "Polygon", "coordinates": [ [ [ -76.980017277092728, 38.896926786966596 ], [ -76.98071427688636, 38.896118787001967 ], [ -76.977259276332887, 38.89612378769651 ], [ -76.976493275951825, 38.898825787847116 ], [ -76.976241276230809, 38.898956787826258 ], [ -76.979275276479868, 38.89948478788093 ], [ -76.980017277092728, 38.896926786966596 ] ] ] } },
{ "type": "Feature", "properties": { "GEOCODE": "110010079012", "ward": 7.0, "neighborhood": "Union Station, Stanton Park, Kingman Park" }, "geometry": { "type": "Polygon", "coordinates": [ [ [ -76.98071427688636, 38.896118787001967 ], [ -76.980766277430106, 38.893344786364665 ], [ -76.97726127555039, 38.893308787161224 ], [ -76.977259276332887, 38.89612378769651 ], [ -76.98071427688636, 38.896118787001967 ] ] ] } },
{ "type": "Feature", "properties": { "GEOCODE": "110010079013", "ward": 7.0, "neighborhood": "Union Station, Stanton Park, Kingman Park" }, "geometry": { "type": "Polygon", "coordinates": [ [ [ -76.98364627863468, 38.896674787359565 ], [ -76.983650278467806, 38.89351178675075 ], [ -76.983003277468995, 38.893330786504919 ], [ -76.980766277430106, 38.893344786364665 ], [ -76.980764277668328, 38.896674787108303 ], [ -76.98364627863468, 38.896674787359565 ] ] ] } },
{ "type": "Feature", "properties": { "GEOCODE": "110010077092", "ward": 7.0, "neighborhood": "Twining, Fairlawn, Randle Highlands, Penn Branch, Fort Davis Park, Fort Dupont" }, "geometry": { "type": "Polygon", "coordinates": [ [ [ -76.964922270662441, 38.876371784141277 ], [ -76.970533273136155, 38.873529783477942 ], [ -76.969823272735681, 38.873137782599649 ], [ -76.964774270276578, 38.871094782328292 ], [ -76.964767271358255, 38.876205783868137 ], [ -76.964922270662441, 38.876371784141277 ] ] ] } },
{ "type": "Feature", "properties": { "GEOCODE": "110010078031", "ward": 7.0, "neighborhood": "Mayfair, Hillbrook, Mahaning Heights" }, "geometry": { "type": "Polygon", "coordinates": [ [ [ -76.942862266024036, 38.902052789876564 ], [ -76.951017267625474, 38.895527788372341 ], [ -76.949331267313482, 38.895217788538922 ], [ -76.946028266606376, 38.893790787716696 ], [ -76.942613265021151, 38.89294678798408 ], [ -76.942599265299052, 38.898379788831043 ], [ -76.939192263980814, 38.898377789505417 ], [ -76.939191264136952, 38.900567789627466 ], [ -76.942862266024036, 38.902052789876564 ] ] ] } },
{ "type": "Feature", "properties": { "GEOCODE": "110010078032", "ward": 7.0, "neighborhood": "Mayfair, Hillbrook, Mahaning Heights" }, "geometry": { "type": "Polygon", "coordinates": [ [ [ -76.939192263980814, 38.898377789505417 ], [ -76.939198264539669, 38.894837788768285 ], [ -76.934877262738013, 38.894277788535561 ], [ -76.934916263233418, 38.896258788709758 ], [ -76.935156262885386, 38.896744789411549 ], [ -76.935529263173478, 38.897098788678129 ], [ -76.936613263946896, 38.897508788723187 ], [ -76.936603264062228, 38.898326788856053 ], [ -76.939192263980814, 38.898377789505417 ] ] ] } },
{ "type": "Feature", "properties": { "GEOCODE": "110010079014", "ward": 7.0, "neighborhood": "Union Station, Stanton Park, Kingman Park" }, "geometry": { "type": "Polygon", "coordinates": [ [ [ -76.983598279003274, 38.900017787781245 ], [ -76.98364627863468, 38.896674787359565 ], [ -76.980764277668328, 38.896674787108303 ], [ -76.98071427688636, 38.896118787001967 ], [ -76.980017277092728, 38.896926786966596 ], [ -76.979275276479868, 38.89948478788093 ], [ -76.983258278073976, 38.90018878759988 ], [ -76.983598279003274, 38.900017787781245 ] ] ] } },
{ "type": "Feature", "properties": { "GEOCODE": "110010079031", "ward": 7.0, "neighborhood": "Union Station, Stanton Park, Kingman Park" }, "geometry": { "type": "Polygon", "coordinates": [ [ [ -76.977252275886158, 38.896209787409227 ], [ -76.97726127555039, 38.893308787161224 ], [ -76.975154275606272, 38.893302787271686 ], [ -76.974968275944263, 38.894128787234095 ], [ -76.974461275428311, 38.894701787271686 ], [ -76.973842275057478, 38.895033787073473 ], [ -76.97115827437986, 38.895864787096741 ], [ -76.969466274417101, 38.897776788165537 ], [ -76.976241276230809, 38.898956787826258 ], [ -76.976493275951825, 38.898825787847116 ], [ -76.977252275886158, 38.896209787409227 ] ] ] } },
{ "type": "Feature", "properties": { "GEOCODE": "110010080011", "ward": 6.0, "neighborhood": "Union Station, Stanton Park, Kingman Park" }, "geometry": { "type": "Polygon", "coordinates": [ [ [ -76.990252280429019, 38.897314786771162 ], [ -76.983649278119444, 38.897333787533171 ], [ -76.983598279003274, 38.900017787781245 ], [ -76.984057278783027, 38.899816787408312 ], [ -76.990252280429019, 38.897314786771162 ] ] ] } },
{ "type": "Feature", "properties": { "GEOCODE": "110010080012", "ward": 6.0, "neighborhood": "Union Station, Stanton Park, Kingman Park" }, "geometry": { "type": "Polygon", "coordinates": [ [ [ -76.990252280429019, 38.897314786771162 ], [ -76.990246280437205, 38.894791786887339 ], [ -76.983650278177848, 38.89479078699118 ], [ -76.983649278119444, 38.897333787533171 ], [ -76.990252280429019, 38.897314786771162 ] ] ] } },
{ "type": "Feature", "properties": { "GEOCODE": "110010078033", "ward": 7.0, "neighborhood": "Capitol View, Marshall Heights, Benning Heights" }, "geometry": { "type": "Polygon", "coordinates": [ [ [ -76.939198264539669, 38.894837788768285 ], [ -76.939208264076456, 38.891534787451178 ], [ -76.938226263566918, 38.890807788149331 ], [ -76.937596263426826, 38.889888787924761 ], [ -76.934877262362491, 38.889831787775314 ], [ -76.934877262738013, 38.894277788535561 ], [ -76.939198264539669, 38.894837788768285 ] ] ] } },
{ "type": "Feature", "properties": { "GEOCODE": "110010078034", "ward": 7.0, "neighborhood": "Mayfair, Hillbrook, Mahaning Heights" }, "geometry": { "type": "Polygon", "coordinates": [ [ [ -76.942599265299052, 38.898379788831043 ], [ -76.942613265021151, 38.89294678798408 ], [ -76.939208264076456, 38.891534787451178 ], [ -76.939192263980814, 38.898377789505417 ], [ -76.942599265299052, 38.898379788831043 ] ] ] } },
{ "type": "Feature", "properties": { "GEOCODE": "110010078041", "ward": 7.0, "neighborhood": "Mayfair, Hillbrook, Mahaning Heights" }, "geometry": { "type": "Polygon", "coordinates": [ [ [ -76.939191264136952, 38.900567789627466 ], [ -76.939192263980814, 38.898377789505417 ], [ -76.936603264062228, 38.898326788856053 ], [ -76.936613263946896, 38.897508788723187 ], [ -76.935705262884909, 38.897213789198176 ], [ -76.935026262795034, 38.896543789136594 ], [ -76.934881262662174, 38.896059788752375 ], [ -76.934874262798218, 38.895010789018286 ], [ -76.932905262323217, 38.894756789031881 ], [ -76.932942262660063, 38.895297789062703 ], [ -76.933244262764276, 38.896055789323974 ], [ -76.933213262197484, 38.896531789119528 ], [ -76.932897262182934, 38.897059789363823 ], [ -76.931910262095897, 38.897821789134298 ], [ -76.931664262550655, 38.898620789327232 ], [ -76.93002726174484, 38.89835578962488 ], [ -76.925673260567706, 38.898355789630983 ], [ -76.925146260660838, 38.899754790025312 ], [ -76.927812261342098, 38.899752789662514 ], [ -76.929770262196811, 38.900044790187771 ], [ -76.931907262809148, 38.899735790144113 ], [ -76.93375826314724, 38.89973278976413 ], [ -76.933753263344229, 38.898981789374922 ], [ -76.936558263668829, 38.899538789382049 ], [ -76.939191264136952, 38.900567789627466 ] ] ] } },
{ "type": "Feature", "properties": { "GEOCODE": "110010087023", "ward": 5.0, "neighborhood": "Edgewood, Bloomingdale, Truxton Circle, Eckington" }, "geometry": { "type": "Polygon", "coordinates": [ [ [ -77.004939285291272, 38.910588789232101 ], [ -77.005333285395849, 38.909218789225861 ], [ -77.002508284307666, 38.90800878841258 ], [ -77.00173228474101, 38.909985789362807 ], [ -76.99893128417196, 38.915577790737395 ], [ -77.003509285087191, 38.91557578984029 ], [ -77.00351228556562, 38.912607789441481 ], [ -77.002035284676893, 38.912609790149993 ], [ -77.002041284763976, 38.911715789725484 ], [ -77.002505284931459, 38.910780789562047 ], [ -77.002721285096015, 38.910615789720666 ], [ -77.004939285291272, 38.910588789232101 ] ] ] } },
{ "type": "Feature", "properties": { "GEOCODE": "110010080013", "ward": 6.0, "neighborhood": "Union Station, Stanton Park, Kingman Park" }, "geometry": { "type": "Polygon", "coordinates": [ [ [ -76.990246280437205, 38.894791786887339 ], [ -76.990243280475099, 38.893581786025159 ], [ -76.983650278467806, 38.89351178675075 ], [ -76.983650278177848, 38.89479078699118 ], [ -76.990246280437205, 38.894791786887339 ] ] ] } },
{ "type": "Feature", "properties": { "GEOCODE": "110010080021", "ward": 7.0, "neighborhood": "Capitol Hill, Lincoln Park" }, "geometry": { "type": "Polygon", "coordinates": [ [ [ -76.985512279036499, 38.892019785760056 ], [ -76.985508278296919, 38.889810785790395 ], [ -76.977259276282695, 38.889805785917297 ], [ -76.976283276032518, 38.890121785863606 ], [ -76.974349274529544, 38.890126785834546 ], [ -76.973987274386161, 38.890304786070885 ], [ -76.973838274655577, 38.890589785919346 ], [ -76.973910275440971, 38.891530786243386 ], [ -76.97416427472119, 38.892393786324092 ], [ -76.974438274891554, 38.892761786369775 ], [ -76.975093275904868, 38.893145787194001 ], [ -76.975154275606272, 38.893302787271686 ], [ -76.97726127555039, 38.893308787161224 ], [ -76.977259276318392, 38.892011786545964 ], [ -76.984532278075648, 38.89201778637792 ], [ -76.984571277981516, 38.892114786490176 ], [ -76.985512279036499, 38.892019785760056 ] ] ] } },
{ "type": "Feature", "properties": { "GEOCODE": "110010080022", "ward": 6.0, "neighborhood": "Capitol Hill, Lincoln Park" }, "geometry": { "type": "Polygon", "coordinates": [ [ [ -76.991533280360116, 38.890373786030715 ], [ -76.991546280290422, 38.889233785015847 ], [ -76.988318279782973, 38.88925078581493 ], [ -76.988322279036041, 38.889802785332456 ], [ -76.985508278296919, 38.889810785790395 ], [ -76.985512279036499, 38.892019785760056 ], [ -76.984571277981516, 38.892114786490176 ], [ -76.984532278075648, 38.89201778637792 ], [ -76.977259276318392, 38.892011786545964 ], [ -76.97726127555039, 38.893308787161224 ], [ -76.982902278062028, 38.893325786534639 ], [ -76.983944278708194, 38.893576786887039 ], [ -76.990243280475099, 38.893581786025159 ], [ -76.990242279337764, 38.890382785603364 ], [ -76.991533280360116, 38.890373786030715 ] ] ] } },
{ "type": "Feature", "properties": { "GEOCODE": "110010081001", "ward": 6.0, "neighborhood": "Union Station, Stanton Park, Kingman Park" }, "geometry": { "type": "Polygon", "coordinates": [ [ [ -76.994964281754548, 38.895385786476083 ], [ -76.994964281085728, 38.894790786459097 ], [ -76.990246280437205, 38.894791786887339 ], [ -76.990252280429019, 38.897314786771162 ], [ -76.994964281754548, 38.895385786476083 ] ] ] } },
{ "type": "Feature", "properties": { "GEOCODE": "110010078042", "ward": 7.0, "neighborhood": "Deanwood, Burrville, Grant Park, Lincoln Heights, Fairmont Heights" }, "geometry": { "type": "Polygon", "coordinates": [ [ [ -76.933253262709897, 38.89621678933328 ], [ -76.932907262181629, 38.8950927889017 ], [ -76.932911262199326, 38.892633788348959 ], [ -76.927959260614259, 38.891891788646362 ], [ -76.925673260567706, 38.898355789630983 ], [ -76.93002726174484, 38.89835578962488 ], [ -76.931664262550655, 38.898620789327232 ], [ -76.93187126178664, 38.897877789426616 ], [ -76.932955262032095, 38.896996789315359 ], [ -76.933253262709897, 38.89621678933328 ] ] ] } },
{ "type": "Feature", "properties": { "GEOCODE": "110010078043", "ward": 7.0, "neighborhood": "Capitol View, Marshall Heights, Benning Heights" }, "geometry": { "type": "Polygon", "coordinates": [ [ [ -76.934874262798218, 38.895010789018286 ], [ -76.934877262362491, 38.889831787775314 ], [ -76.927968260625931, 38.889819788043411 ], [ -76.927959260614259, 38.891891788646362 ], [ -76.932911262199326, 38.892633788348959 ], [ -76.932905262323217, 38.894756789031881 ], [ -76.934874262798218, 38.895010789018286 ] ] ] } },
{ "type": "Feature", "properties": { "GEOCODE": "110010081002", "ward": 6.0, "neighborhood": "Union Station, Stanton Park, Kingman Park" }, "geometry": { "type": "Polygon", "coordinates": [ [ [ -76.994964281085728, 38.894790786459097 ], [ -76.994963282055949, 38.892024785955087 ], [ -76.990248280017767, 38.892019786104846 ], [ -76.990246280437205, 38.894791786887339 ], [ -76.994964281085728, 38.894790786459097 ] ] ] } },
{ "type": "Feature", "properties": { "GEOCODE": "110010081003", "ward": 6.0, "neighborhood": "Capitol Hill, Lincoln Park" }, "geometry": { "type": "Polygon", "coordinates": [ [ [ -76.994963282055949, 38.892024785955087 ], [ -76.994964281824494, 38.889813785790722 ], [ -76.991535279921706, 38.889812785945594 ], [ -76.991533280360116, 38.890373786030715 ], [ -76.990242279337764, 38.890382785603364 ], [ -76.990248280017767, 38.892019786104846 ], [ -76.994963282055949, 38.892024785955087 ] ] ] } },
{ "type": "Feature", "properties": { "GEOCODE": "110010082001", "ward": 6.0, "neighborhood": "Capitol Hill, Lincoln Park" }, "geometry": { "type": "Polygon", "coordinates": [ [ [ -76.998452282973005, 38.893089785529014 ], [ -76.998448282725036, 38.889815785638966 ], [ -76.994964281824494, 38.889813785790722 ], [ -76.994963280902354, 38.891730785980826 ], [ -76.998452282973005, 38.893089785529014 ] ] ] } },
{ "type": "Feature", "properties": { "GEOCODE": "110010082002", "ward": 6.0, "neighborhood": "Capitol Hill, Lincoln Park" }, "geometry": { "type": "Polygon", "coordinates": [ [ [ -77.003517283704284, 38.891923785507331 ], [ -77.003517283458436, 38.889815785239399 ], [ -77.000581283401019, 38.889815785453337 ], [ -77.000574282705927, 38.892021786044403 ], [ -77.003517283704284, 38.891923785507331 ] ] ] } },
{ "type": "Feature", "properties": { "GEOCODE": "110010078061", "ward": 7.0, "neighborhood": "Deanwood, Burrville, Grant Park, Lincoln Heights, Fairmont Heights" }, "geometry": { "type": "Polygon", "coordinates": [ [ [ -76.93308026294477, 38.909661791602346 ], [ -76.931666262497359, 38.908449791796755 ], [ -76.931671261903219, 38.903052790152614 ], [ -76.929842261776528, 38.903510790979809 ], [ -76.926730261460264, 38.903509790635631 ], [ -76.923601260008311, 38.904005790952795 ], [ -76.931764263255417, 38.910402792142285 ], [ -76.93308026294477, 38.909661791602346 ] ] ] } },
{ "type": "Feature", "properties": { "GEOCODE": "110010078062", "ward": 7.0, "neighborhood": "Deanwood, Burrville, Grant Park, Lincoln Heights, Fairmont Heights" }, "geometry": { "type": "Polygon", "coordinates": [ [ [ -76.942862266024036, 38.902052789876564 ], [ -76.9426112661301, 38.901934789774607 ], [ -76.941522265729134, 38.902813789842298 ], [ -76.941174265966254, 38.902938789872223 ], [ -76.938244264689843, 38.902743790051744 ], [ -76.931671261903219, 38.903052790152614 ], [ -76.931696262496772, 38.908532791546847 ], [ -76.93308026294477, 38.909661791602346 ], [ -76.942862266024036, 38.902052789876564 ] ] ] } },
{ "type": "Feature", "properties": { "GEOCODE": "110010082003", "ward": 6.0, "neighborhood": "Capitol Hill, Lincoln Park" }, "geometry": { "type": "Polygon", "coordinates": [ [ [ -77.000575283863995, 38.893095785795957 ], [ -77.000581283401019, 38.889815785453337 ], [ -76.998448282725036, 38.889815785638966 ], [ -76.998452282973005, 38.893089785529014 ], [ -77.000575283863995, 38.893095785795957 ] ] ] } },
{ "type": "Feature", "properties": { "GEOCODE": "110010082004", "ward": 6.0, "neighborhood": "Union Station, Stanton Park, Kingman Park" }, "geometry": { "type": "Polygon", "coordinates": [ [ [ -77.005891285317162, 38.893632786098827 ], [ -77.005927285231706, 38.890976785413905 ], [ -77.004689284948725, 38.891521785283338 ], [ -77.004368284524546, 38.891931785930936 ], [ -77.000574282705927, 38.892021786044403 ], [ -77.000579283718238, 38.894080786238888 ], [ -77.003512284077871, 38.895214785769404 ], [ -77.003519284009585, 38.893589785641183 ], [ -77.005891285317162, 38.893632786098827 ] ] ] } },
{ "type": "Feature", "properties": { "GEOCODE": "110010083011", "ward": 6.0, "neighborhood": "Union Station, Stanton Park, Kingman Park" }, "geometry": { "type": "Polygon", "coordinates": [ [ [ -77.00356828438531, 38.900214787313722 ], [ -77.003511284649875, 38.897344786981797 ], [ -76.998450283044164, 38.897339786679723 ], [ -76.998444282543247, 38.900211787616016 ], [ -77.00356828438531, 38.900214787313722 ] ] ] } },
{ "type": "Feature", "properties": { "GEOCODE": "110010083012", "ward": 6.0, "neighborhood": "Union Station, Stanton Park, Kingman Park" }, "geometry": { "type": "Polygon", "coordinates": [ [ [ -77.003511284649875, 38.897344786981797 ], [ -77.003512284077871, 38.895214785769404 ], [ -77.000579283718238, 38.894080786238888 ], [ -77.000575283863995, 38.893095785795957 ], [ -76.998452282973005, 38.893089785529014 ], [ -76.998450283044164, 38.897339786679723 ], [ -77.003511284649875, 38.897344786981797 ] ] ] } },
{ "type": "Feature", "properties": { "GEOCODE": "110010078071", "ward": 7.0, "neighborhood": "Deanwood, Burrville, Grant Park, Lincoln Heights, Fairmont Heights" }, "geometry": { "type": "Polygon", "coordinates": [ [ [ -76.921875259445471, 38.899613789893536 ], [ -76.921894259354374, 38.897152789921023 ], [ -76.920521258256173, 38.897150790085327 ], [ -76.920515258340515, 38.895813789045256 ], [ -76.913659256508751, 38.895819789804186 ], [ -76.913417256038855, 38.896022789994007 ], [ -76.919948258361444, 38.901144790821085 ], [ -76.921875259445471, 38.899613789893536 ] ] ] } },
{ "type": "Feature", "properties": { "GEOCODE": "110010078072", "ward": 7.0, "neighborhood": "Deanwood, Burrville, Grant Park, Lincoln Heights, Fairmont Heights" }, "geometry": { "type": "Polygon", "coordinates": [ [ [ -76.926268260153932, 38.896656789536785 ], [ -76.925135260268164, 38.895904788968338 ], [ -76.920515258340515, 38.895813789045256 ], [ -76.920521258256173, 38.897150790085327 ], [ -76.921894259354374, 38.897152789921023 ], [ -76.921893259519976, 38.899554789936644 ], [ -76.919948258361444, 38.901144790821085 ], [ -76.923601260008311, 38.904005790952795 ], [ -76.926268260153932, 38.896656789536785 ] ] ] } },
{ "type": "Feature", "properties": { "GEOCODE": "110010083021", "ward": 6.0, "neighborhood": "Union Station, Stanton Park, Kingman Park" }, "geometry": { "type": "Polygon", "coordinates": [ [ [ -76.998450283044164, 38.897339786679723 ], [ -76.998456282231459, 38.893972786075267 ], [ -76.994964281754548, 38.895385786476083 ], [ -76.994967281665112, 38.897340786732585 ], [ -76.998450283044164, 38.897339786679723 ] ] ] } },
{ "type": "Feature", "properties": { "GEOCODE": "110010083022", "ward": 6.0, "neighborhood": "Union Station, Stanton Park, Kingman Park" }, "geometry": { "type": "Polygon", "coordinates": [ [ [ -76.998444282543247, 38.900211787616016 ], [ -76.998450283044164, 38.897339786679723 ], [ -76.994967281665112, 38.897340786732585 ], [ -76.994963281868223, 38.900210787723779 ], [ -76.998444282543247, 38.900211787616016 ] ] ] } },
{ "type": "Feature", "properties": { "GEOCODE": "110010083023", "ward": 6.0, "neighborhood": "Union Station, Stanton Park, Kingman Park" }, "geometry": { "type": "Polygon", "coordinates": [ [ [ -76.998456282231459, 38.893972786075267 ], [ -76.998452282973005, 38.893089785529014 ], [ -76.994963280902354, 38.891730785980826 ], [ -76.994964281754548, 38.895385786476083 ], [ -76.998456282231459, 38.893972786075267 ] ] ] } },
{ "type": "Feature", "properties": { "GEOCODE": "110010084021", "ward": 6.0, "neighborhood": "Union Station, Stanton Park, Kingman Park" }, "geometry": { "type": "Polygon", "coordinates": [ [ [ -76.991528281460788, 38.900207787589402 ], [ -76.991527280414189, 38.896793787393229 ], [ -76.983258278073976, 38.90018878759988 ], [ -76.991528281460788, 38.900207787589402 ] ] ] } },
{ "type": "Feature", "properties": { "GEOCODE": "110010078081", "ward": 7.0, "neighborhood": "Deanwood, Burrville, Grant Park, Lincoln Heights, Fairmont Heights" }, "geometry": { "type": "Polygon", "coordinates": [ [ [ -76.927936260694224, 38.89201078861921 ], [ -76.927968260625931, 38.889819788043411 ], [ -76.922911258644135, 38.889809787647557 ], [ -76.922908259545537, 38.890993788431885 ], [ -76.921902258392308, 38.893834788884 ], [ -76.921894258968294, 38.895812789590018 ], [ -76.925135260268164, 38.895904788968338 ], [ -76.926282260448474, 38.896617789433471 ], [ -76.927936260694224, 38.89201078861921 ] ] ] } },
{ "type": "Feature", "properties": { "GEOCODE": "110010078082", "ward": 7.0, "neighborhood": "Deanwood, Burrville, Grant Park, Lincoln Heights, Fairmont Heights" }, "geometry": { "type": "Polygon", "coordinates": [ [ [ -76.917781257217698, 38.895820789890799 ], [ -76.9177872574585, 38.889807788169335 ], [ -76.913330255409591, 38.889803788801537 ], [ -76.909395255126256, 38.892859788790169 ], [ -76.913417256038855, 38.896022789994007 ], [ -76.913659256508751, 38.895819789804186 ], [ -76.917781257217698, 38.895820789890799 ] ] ] } },
{ "type": "Feature", "properties": { "GEOCODE": "110010077071", "ward": 7.0, "neighborhood": "Capitol View, Marshall Heights, Benning Heights" }, "geometry": { "type": "Polygon", "coordinates": [ [ [ -76.944866264684748, 38.879100784829923 ], [ -76.943972264443744, 38.877954785087766 ], [ -76.94289626378179, 38.876990785184731 ], [ -76.941432264367279, 38.876421784262696 ], [ -76.939896263898376, 38.875481784468846 ], [ -76.935015261981661, 38.87290278426569 ], [ -76.933856261368916, 38.873825784225737 ], [ -76.933945261598794, 38.873909784815972 ], [ -76.933865261229457, 38.875575785033028 ], [ -76.934170261195916, 38.876809784786808 ], [ -76.934549261327177, 38.877603785460913 ], [ -76.936266262341704, 38.880216785220263 ], [ -76.940068263362434, 38.880208785217818 ], [ -76.941489263914377, 38.880507785352421 ], [ -76.942385264031643, 38.880521785710492 ], [ -76.943083264378885, 38.880276785258168 ], [ -76.943993264529439, 38.879493784976255 ], [ -76.944866264684748, 38.879100784829923 ] ] ] } },
{ "type": "Feature", "properties": { "GEOCODE": "110010077072", "ward": 7.0, "neighborhood": "Capitol View, Marshall Heights, Benning Heights" }, "geometry": { "type": "Polygon", "coordinates": [ [ [ -76.936266262341704, 38.880216785220263 ], [ -76.934549261327177, 38.877603785460913 ], [ -76.934170261195916, 38.876809784786808 ], [ -76.933865261229457, 38.875575785033028 ], [ -76.933945261598794, 38.873909784815972 ], [ -76.933856261368916, 38.873825784225737 ], [ -76.931287260748746, 38.875813785042816 ], [ -76.931198260195572, 38.877082785602248 ], [ -76.931512261149322, 38.878499785772362 ], [ -76.933042262010375, 38.881498786436318 ], [ -76.936266262341704, 38.880216785220263 ] ] ] } },
{ "type": "Feature", "properties": { "GEOCODE": "110010078083", "ward": 7.0, "neighborhood": "Deanwood, Burrville, Grant Park, Lincoln Heights, Fairmont Heights" }, "geometry": { "type": "Polygon", "coordinates": [ [ [ -76.922908259545537, 38.890993788431885 ], [ -76.922911258644135, 38.889809787647557 ], [ -76.9177872574585, 38.889807788169335 ], [ -76.917781257217698, 38.895820789890799 ], [ -76.921894258968294, 38.895812789590018 ], [ -76.921902258392308, 38.893834788884 ], [ -76.922908259545537, 38.890993788431885 ] ] ] } },
{ "type": "Feature", "properties": { "GEOCODE": "110010078091", "ward": 7.0, "neighborhood": "Deanwood, Burrville, Grant Park, Lincoln Heights, Fairmont Heights" }, "geometry": { "type": "Polygon", "coordinates": [ [ [ -76.931671261903219, 38.903052790152614 ], [ -76.931669262382187, 38.899762789777931 ], [ -76.929708261200588, 38.900044789834247 ], [ -76.927812261342098, 38.899752789662514 ], [ -76.925146260660838, 38.899754790025312 ], [ -76.923601260008311, 38.904005790952795 ], [ -76.926730261460264, 38.903509790635631 ], [ -76.929842261776528, 38.903510790979809 ], [ -76.931671261903219, 38.903052790152614 ] ] ] } },
{ "type": "Feature", "properties": { "GEOCODE": "110010078092", "ward": 7.0, "neighborhood": "Deanwood, Burrville, Grant Park, Lincoln Heights, Fairmont Heights" }, "geometry": { "type": "Polygon", "coordinates": [ [ [ -76.941522265729134, 38.902813789842298 ], [ -76.9426112661301, 38.901934789774607 ], [ -76.937159263594751, 38.89973678921708 ], [ -76.935808263147408, 38.89934578989245 ], [ -76.933753263344229, 38.898981789374922 ], [ -76.93375826314724, 38.89973278976413 ], [ -76.931669262382187, 38.899762789777931 ], [ -76.931671261903219, 38.903052790152614 ], [ -76.938244264689843, 38.902743790051744 ], [ -76.941174265966254, 38.902938789872223 ], [ -76.941522265729134, 38.902813789842298 ] ] ] } },
{ "type": "Feature", "properties": { "GEOCODE": "110010077073", "ward": 7.0, "neighborhood": "Capitol View, Marshall Heights, Benning Heights" }, "geometry": { "type": "Polygon", "coordinates": [ [ [ -76.933042262010375, 38.881498786436318 ], [ -76.931412261339844, 38.878205785793263 ], [ -76.931185260290874, 38.876860784860582 ], [ -76.931287260748746, 38.875813785042816 ], [ -76.924054258305546, 38.881434786511079 ], [ -76.9246702583537, 38.881220786582389 ], [ -76.930353261074842, 38.880576785867746 ], [ -76.931346260421336, 38.880831786132731 ], [ -76.932219261260556, 38.881592786334714 ], [ -76.932612261296541, 38.88163278579357 ], [ -76.933042262010375, 38.881498786436318 ] ] ] } },
{ "type": "Feature", "properties": { "GEOCODE": "110010077081", "ward": 7.0, "neighborhood": "River Terrace, Benning, Greenway, Dupont Park" }, "geometry": { "type": "Polygon", "coordinates": [ [ [ -76.959747270098973, 38.886791786036717 ], [ -76.955234269142238, 38.886804785867795 ], [ -76.953008268548558, 38.889829786810104 ], [ -76.956720269682251, 38.889838787245367 ], [ -76.959747270098973, 38.886791786036717 ] ] ] } },
{ "type": "Feature", "properties": { "GEOCODE": "110010084022", "ward": 6.0, "neighborhood": "Union Station, Stanton Park, Kingman Park" }, "geometry": { "type": "Polygon", "coordinates": [ [ [ -76.994963281868223, 38.900210787723779 ], [ -76.994964281754548, 38.895385786476083 ], [ -76.991527280414189, 38.896793787393229 ], [ -76.991528281460788, 38.900207787589402 ], [ -76.994963281868223, 38.900210787723779 ] ] ] } },
{ "type": "Feature", "properties": { "GEOCODE": "110010084101", "ward": 6.0, "neighborhood": "Union Station, Stanton Park, Kingman Park" }, "geometry": { "type": "Polygon", "coordinates": [ [ [ -76.994961281796293, 38.902805788354712 ], [ -76.994963281868223, 38.900210787723779 ], [ -76.984060278105218, 38.900225788098751 ], [ -76.993137282093684, 38.904007788362726 ], [ -76.994961281796293, 38.902805788354712 ] ] ] } },
{ "type": "Feature", "properties": { "GEOCODE": "110010087011", "ward": 5.0, "neighborhood": "Edgewood, Bloomingdale, Truxton Circle, Eckington" }, "geometry": { "type": "Polygon", "coordinates": [ [ [ -77.009001287039254, 38.915571789712089 ], [ -77.009028287350077, 38.910790789259508 ], [ -77.005333285395849, 38.909218789225861 ], [ -77.004373286117428, 38.912607790100317 ], [ -77.00351228556562, 38.912607789441481 ], [ -77.003509285087191, 38.91557578984029 ], [ -77.009001287039254, 38.915571789712089 ] ] ] } },
{ "type": "Feature", "properties": { "GEOCODE": "110010087012", "ward": 5.0, "neighborhood": "Edgewood, Bloomingdale, Truxton Circle, Eckington" }, "geometry": { "type": "Polygon", "coordinates": [ [ [ -77.009002287349517, 38.916900790018218 ], [ -77.009001287039254, 38.915571789712089 ], [ -77.003509285087191, 38.91557578984029 ], [ -77.003515285754233, 38.918733791139104 ], [ -77.009002287349517, 38.916900790018218 ] ] ] } },
{ "type": "Feature", "properties": { "GEOCODE": "110010090003", "ward": 5.0, "neighborhood": "Woodridge, Fort Lincoln, Gateway" }, "geometry": { "type": "Polygon", "coordinates": [ [ [ -76.961774273486569, 38.924172793996973 ], [ -76.962636272834885, 38.923547793434125 ], [ -76.954985271027169, 38.918349792957834 ], [ -76.956460270904643, 38.917623792024301 ], [ -76.943625267009594, 38.917013792673444 ], [ -76.942934266796726, 38.917408792509335 ], [ -76.942436266195358, 38.918100792704465 ], [ -76.945193267900322, 38.91833179289879 ], [ -76.94725426858399, 38.918695793305204 ], [ -76.948867268858862, 38.919138793129733 ], [ -76.949332268517836, 38.919454793486437 ], [ -76.949550269200884, 38.919872793212001 ], [ -76.949461268719972, 38.921050793638202 ], [ -76.949566269156279, 38.921478793073625 ], [ -76.950202269398318, 38.921934793421052 ], [ -76.953743270329099, 38.922454793947381 ], [ -76.954364270479005, 38.922294793511909 ], [ -76.955449270466957, 38.921396792946666 ], [ -76.958856272470257, 38.923729793629839 ], [ -76.959519272639554, 38.924370793377875 ], [ -76.960067272012168, 38.924217793602438 ], [ -76.961774273486569, 38.924172793996973 ] ] ] } },
{ "type": "Feature", "properties": { "GEOCODE": "110010091021", "ward": 5.0, "neighborhood": "Brookland, Brentwood, Langdon" }, "geometry": { "type": "Polygon", "coordinates": [ [ [ -76.985625280734411, 38.924627792623966 ], [ -76.985269279890758, 38.924215792411658 ], [ -76.979008278276368, 38.919901792276782 ], [ -76.978999278744368, 38.927449793927941 ], [ -76.979132279130724, 38.927716793576991 ], [ -76.985625280734411, 38.924627792623966 ] ] ] } },
{ "type": "Feature", "properties": { "GEOCODE": "110010094001", "ward": 5.0, "neighborhood": "North Michigan Park, Michigan Park, University Heights" }, "geometry": { "type": "Polygon", "coordinates": [ [ [ -76.980401280538672, 38.943092796854806 ], [ -76.980270279872471, 38.941522796563916 ], [ -76.979068279773216, 38.940953795883125 ], [ -76.976393279146833, 38.940365796089672 ], [ -76.974692277641637, 38.94016479669574 ], [ -76.974044278406851, 38.939847795983312 ], [ -76.97161127660199, 38.938133795851037 ], [ -76.970990277356762, 38.937857795807879 ], [ -76.966825276047047, 38.937849795730386 ], [ -76.977786279348308, 38.946377797826045 ], [ -76.978451279301041, 38.945795797113213 ], [ -76.980401280538672, 38.943092796854806 ] ] ] } },
{ "type": "Feature", "properties": { "GEOCODE": "110010094002", "ward": 5.0, "neighborhood": "Brookland, Brentwood, Langdon" }, "geometry": { "type": "Polygon", "coordinates": [ [ [ -76.980153280025888, 38.939583795780308 ], [ -76.979225278990526, 38.928174793747104 ], [ -76.979132279130724, 38.927716793576991 ], [ -76.971582276345302, 38.931319794880821 ], [ -76.980153280025888, 38.939583795780308 ] ] ] } },
{ "type": "Feature", "properties": { "GEOCODE": "110010088021", "ward": 5.0, "neighborhood": "Ivy City, Arboretum, Trinidad, Carver Langston" }, "geometry": { "type": "Polygon", "coordinates": [ [ [ -76.985505279403924, 38.904295788823546 ], [ -76.981780278401075, 38.902713788518476 ], [ -76.98092427823137, 38.904016788831932 ], [ -76.982505278815736, 38.904639789126179 ], [ -76.982278278512865, 38.904987789019785 ], [ -76.984395279007586, 38.905887789227108 ], [ -76.985505279403924, 38.904295788823546 ] ] ] } },
{ "type": "Feature", "properties": { "GEOCODE": "110010088022", "ward": 5.0, "neighborhood": "Ivy City, Arboretum, Trinidad, Carver Langston" }, "geometry": { "type": "Polygon", "coordinates": [ [ [ -76.985505279403924, 38.904295788823546 ], [ -76.987413279957892, 38.901574788379278 ], [ -76.984390278797818, 38.900302787468846 ], [ -76.983412277879154, 38.900188787944835 ], [ -76.981780278401075, 38.902713788518476 ], [ -76.985505279403924, 38.904295788823546 ] ] ] } },
{ "type": "Feature", "properties": { "GEOCODE": "110010088023", "ward": 5.0, "neighborhood": "Ivy City, Arboretum, Trinidad, Carver Langston" }, "geometry": { "type": "Polygon", "coordinates": [ [ [ -76.993137282093684, 38.904007788362726 ], [ -76.987413279957892, 38.901574788379278 ], [ -76.985505279403924, 38.904295788823546 ], [ -76.990402280376571, 38.90639378925367 ], [ -76.993137282093684, 38.904007788362726 ] ] ] } },
{ "type": "Feature", "properties": { "GEOCODE": "110010088024", "ward": 5.0, "neighborhood": "Ivy City, Arboretum, Trinidad, Carver Langston" }, "geometry": { "type": "Polygon", "coordinates": [ [ [ -76.988833280511841, 38.907784789351098 ], [ -76.990402280376571, 38.90639378925367 ], [ -76.985505279403924, 38.904295788823546 ], [ -76.984395279007586, 38.905887789227108 ], [ -76.988833280511841, 38.907784789351098 ] ] ] } },
{ "type": "Feature", "properties": { "GEOCODE": "110010091023", "ward": 5.0, "neighborhood": "Brookland, Brentwood, Langdon" }, "geometry": { "type": "Polygon", "coordinates": [ [ [ -76.993723283192907, 38.917279791376082 ], [ -76.993711283068137, 38.915014790205269 ], [ -76.992665282587325, 38.913041789847497 ], [ -76.980808279177353, 38.917191791575348 ], [ -76.978169277287094, 38.917289791269503 ], [ -76.978496278224199, 38.919192792384088 ], [ -76.979008278276368, 38.919901792276782 ], [ -76.979610278760845, 38.919386791834704 ], [ -76.980049278108694, 38.919207791932799 ], [ -76.983156279861291, 38.919187791585159 ], [ -76.98319327952737, 38.920130792310729 ], [ -76.98340627927756, 38.92056679244503 ], [ -76.986739280510108, 38.922905792733552 ], [ -76.985306280663238, 38.92424379312758 ], [ -76.985625280734411, 38.924627792623966 ], [ -76.988003281276477, 38.923873792417076 ], [ -76.988371281019823, 38.923107792558703 ], [ -76.988621281113993, 38.921846792417142 ], [ -76.988827281280649, 38.921443792450646 ], [ -76.993490282533301, 38.917491790623288 ], [ -76.993723283192907, 38.917279791376082 ] ] ] } },
{ "type": "Feature", "properties": { "GEOCODE": "110010091024", "ward": 5.0, "neighborhood": "Edgewood, Bloomingdale, Truxton Circle, Eckington" }, "geometry": { "type": "Polygon", "coordinates": [ [ [ -76.996035283158861, 38.921390792056286 ], [ -77.00173228474101, 38.909985789362807 ], [ -76.992665282587325, 38.913041789847497 ], [ -76.993711283068137, 38.915014790205269 ], [ -76.993723283192907, 38.917279791376082 ], [ -76.988827281280649, 38.921443792450646 ], [ -76.988621281113993, 38.921846792417142 ], [ -76.988371281019823, 38.923107792558703 ], [ -76.988003281276477, 38.923873792417076 ], [ -76.996035283158861, 38.921390792056286 ] ] ] } },
{ "type": "Feature", "properties": { "GEOCODE": "110010094003", "ward": 5.0, "neighborhood": "Woodridge, Fort Lincoln, Gateway" }, "geometry": { "type": "Polygon", "coordinates": [ [ [ -76.974496277519307, 38.934109795413342 ], [ -76.971582276345302, 38.931319794880821 ], [ -76.963449274373545, 38.935209795593913 ], [ -76.966825276047047, 38.937849795730386 ], [ -76.970465276331694, 38.93779479633065 ], [ -76.971087277341127, 38.937883796167171 ], [ -76.971718276575714, 38.938202795616313 ], [ -76.974178278049365, 38.939925796047952 ], [ -76.974173277400908, 38.934105795070863 ], [ -76.974496277519307, 38.934109795413342 ] ] ] } },
{ "type": "Feature", "properties": { "GEOCODE": "110010094004", "ward": 5.0, "neighborhood": "Woodridge, Fort Lincoln, Gateway" }, "geometry": { "type": "Polygon", "coordinates": [ [ [ -76.980270279872471, 38.941522796563916 ], [ -76.980153280025888, 38.939583795780308 ], [ -76.979968279502117, 38.939347795549693 ], [ -76.974496277519307, 38.934109795413342 ], [ -76.974173277400908, 38.934105795070863 ], [ -76.974178278049365, 38.939925796047952 ], [ -76.975074278367543, 38.940281796511556 ], [ -76.976393279146833, 38.940365796089672 ], [ -76.978981279153942, 38.940927796755226 ], [ -76.980270279872471, 38.941522796563916 ] ] ] } },
{ "type": "Feature", "properties": { "GEOCODE": "110010088031", "ward": 5.0, "neighborhood": "Ivy City, Arboretum, Trinidad, Carver Langston" }, "geometry": { "type": "Polygon", "coordinates": [ [ [ -76.992616281651166, 38.913058790002076 ], [ -76.992207281912599, 38.912173790456592 ], [ -76.990688281083692, 38.912437790327068 ], [ -76.98990128119128, 38.912347790208251 ], [ -76.989300281212337, 38.912103789970033 ], [ -76.988240280874166, 38.911327789770262 ], [ -76.985775279235639, 38.910481789991877 ], [ -76.978169277287094, 38.917289791269503 ], [ -76.980808279177353, 38.917191791575348 ], [ -76.992616281651166, 38.913058790002076 ] ] ] } },
{ "type": "Feature", "properties": { "GEOCODE": "110010088032", "ward": 5.0, "neighborhood": "Ivy City, Arboretum, Trinidad, Carver Langston" }, "geometry": { "type": "Polygon", "coordinates": [ [ [ -77.00173228474101, 38.909985789362807 ], [ -77.002508284307666, 38.90800878841258 ], [ -76.993137282093684, 38.904007788362726 ], [ -76.985775279235639, 38.910481789991877 ], [ -76.988240280874166, 38.911327789770262 ], [ -76.989300281212337, 38.912103789970033 ], [ -76.98990128119128, 38.912347790208251 ], [ -76.990688281083692, 38.912437790327068 ], [ -76.992207281912599, 38.912173790456592 ], [ -76.992665282587325, 38.913041789847497 ], [ -77.00173228474101, 38.909985789362807 ] ] ] } },
{ "type": "Feature", "properties": { "GEOCODE": "110010092012", "ward": 5.0, "neighborhood": "Edgewood, Bloomingdale, Truxton Circle, Eckington" }, "geometry": { "type": "Polygon", "coordinates": [ [ [ -77.006266287323768, 38.927023792084022 ], [ -77.006058287339755, 38.926591792142105 ], [ -77.005698287009423, 38.926292792695996 ], [ -77.003631286156008, 38.925654792689485 ], [ -76.996175284131894, 38.925589792537444 ], [ -76.996186284543725, 38.933167793699049 ], [ -77.001129285276704, 38.931158793430747 ], [ -77.003174286590962, 38.930044793579164 ], [ -77.004054286864104, 38.929326793137498 ], [ -77.005791286923625, 38.927271793000692 ], [ -77.006266287323768, 38.927023792084022 ] ] ] } },
{ "type": "Feature", "properties": { "GEOCODE": "110010092031", "ward": 5.0, "neighborhood": "Edgewood, Bloomingdale, Truxton Circle, Eckington" }, "geometry": { "type": "Polygon", "coordinates": [ [ [ -77.008941287760763, 38.926685792630927 ], [ -77.009004287788258, 38.91811379054991 ], [ -77.006950287045825, 38.918115791027425 ], [ -77.006406286352217, 38.919818790914213 ], [ -77.00433028600149, 38.921047791447322 ], [ -77.002995285846922, 38.92525079215855 ], [ -77.00244628538394, 38.925601792455645 ], [ -77.003800286111726, 38.925683792295345 ], [ -77.005590286345608, 38.926242792746407 ], [ -77.005992287237831, 38.926513792533385 ], [ -77.006295286579657, 38.927017792788433 ], [ -77.008941287760763, 38.926685792630927 ] ] ] } },
{ "type": "Feature", "properties": { "GEOCODE": "110010096021", "ward": 7.0, "neighborhood": "Mayfair, Hillbrook, Mahaning Heights" }, "geometry": { "type": "Polygon", "coordinates": [ [ [ -76.962220271888086, 38.899504788877891 ], [ -76.961986271626429, 38.89714278845566 ], [ -76.95749127008726, 38.896583788131679 ], [ -76.957360270006305, 38.897175788240943 ], [ -76.953431269122945, 38.897304788722259 ], [ -76.953419268892233, 38.899749789009299 ], [ -76.950873267999498, 38.901809789631912 ], [ -76.951485268093364, 38.902333789514493 ], [ -76.951309268628052, 38.902775789728949 ], [ -76.950907268710523, 38.903111789957869 ], [ -76.951568269051734, 38.903673789985447 ], [ -76.951279268381853, 38.903996789626135 ], [ -76.952605269637459, 38.905131790411993 ], [ -76.95292526894734, 38.905867790482283 ], [ -76.952898268971509, 38.906436790322481 ], [ -76.952653268898885, 38.906935790859002 ], [ -76.95221126906668, 38.907309790745984 ], [ -76.951601268859079, 38.907522790714459 ], [ -76.950766268887207, 38.907513790233281 ], [ -76.949956268817829, 38.90715079067207 ], [ -76.949623268311001, 38.906772790513017 ], [ -76.94912126786059, 38.905652790745208 ], [ -76.946587266768717, 38.90345178991209 ], [ -76.945955267399029, 38.902299789810975 ], [ -76.945730266995383, 38.902100789969126 ], [ -76.94534026689935, 38.902398790222392 ], [ -76.945302266283477, 38.902559789628519 ], [ -76.948199268083371, 38.905283789934003 ], [ -76.948944268226882, 38.906166790462073 ], [ -76.949349267710389, 38.906889790520481 ], [ -76.950137268442376, 38.907740790635565 ], [ -76.950977268862133, 38.908177790659202 ], [ -76.951699269127303, 38.908218791070276 ], [ -76.952387268964827, 38.907994790801617 ], [ -76.95337426985094, 38.907270790548289 ], [ -76.95352027003652, 38.907082790408111 ], [ -76.953524268932782, 38.906791790758085 ], [ -76.955117270417347, 38.90606978975925 ], [ -76.955777270573179, 38.905930790328554 ], [ -76.956240269694916, 38.905562789702678 ], [ -76.956951270681458, 38.905607790209423 ], [ -76.957745271260521, 38.905902790092263 ], [ -76.957971271014401, 38.906161789643782 ], [ -76.959388270899851, 38.903397789242618 ], [ -76.960617271729149, 38.901727789439043 ], [ -76.961969272170236, 38.900188788887469 ], [ -76.962220271888086, 38.899504788877891 ] ] ] } },
{ "type": "Feature", "properties": { "GEOCODE": "110010095031", "ward": 5.0, "neighborhood": "North Michigan Park, Michigan Park, University Heights" }, "geometry": { "type": "Polygon", "coordinates": [ [ [ -76.989508283670247, 38.951970797843892 ], [ -76.989514282897758, 38.948580797740512 ], [ -76.988318283038552, 38.944241796445617 ], [ -76.979622280425801, 38.944240796925527 ], [ -76.978451279301041, 38.945795797113213 ], [ -76.977786279348308, 38.946377797826045 ], [ -76.98575128191888, 38.952654798462632 ], [ -76.986392282947449, 38.952669798820388 ], [ -76.988398282932195, 38.953245798523994 ], [ -76.989274283261807, 38.952400798208906 ], [ -76.989508283670247, 38.951970797843892 ] ] ] } },
{ "type": "Feature", "properties": { "GEOCODE": "110010095032", "ward": 5.0, "neighborhood": "Brookland, Brentwood, Langdon" }, "geometry": { "type": "Polygon", "coordinates": [ [ [ -76.985613281903639, 38.941810796519135 ], [ -76.986482281298379, 38.934754795179863 ], [ -76.979770279123272, 38.935088795538775 ], [ -76.980401280538672, 38.943092796854806 ], [ -76.979622280425801, 38.944240796925527 ], [ -76.985657281897673, 38.944196796667221 ], [ -76.985613281903639, 38.941810796519135 ] ] ] } },
{ "type": "Feature", "properties": { "GEOCODE": "110010088041", "ward": 5.0, "neighborhood": "Ivy City, Arboretum, Trinidad, Carver Langston" }, "geometry": { "type": "Polygon", "coordinates": [ [ [ -76.988833280511841, 38.907784789351098 ], [ -76.982278278512865, 38.904987789019785 ], [ -76.981865277906991, 38.905629788723658 ], [ -76.983430279252573, 38.906303789016569 ], [ -76.983016278107556, 38.906946789718219 ], [ -76.986287279876635, 38.908335789539358 ], [ -76.985842279892992, 38.908974789461894 ], [ -76.98695328004959, 38.90945378981327 ], [ -76.988833280511841, 38.907784789351098 ] ] ] } },
{ "type": "Feature", "properties": { "GEOCODE": "110010088042", "ward": 5.0, "neighborhood": "Ivy City, Arboretum, Trinidad, Carver Langston" }, "geometry": { "type": "Polygon", "coordinates": [ [ [ -76.98695328004959, 38.90945378981327 ], [ -76.985842279892992, 38.908974789461894 ], [ -76.986287279876635, 38.908335789539358 ], [ -76.983016278107556, 38.906946789718219 ], [ -76.983430279252573, 38.906303789016569 ], [ -76.981865277906991, 38.905629788723658 ], [ -76.982505278815736, 38.904639789126179 ], [ -76.98092427823137, 38.904016788831932 ], [ -76.977368276796298, 38.909593789980072 ], [ -76.976329276531885, 38.912649790429299 ], [ -76.975129276131469, 38.91414079149849 ], [ -76.975305276356508, 38.914153790920992 ], [ -76.978313278035671, 38.916923791512865 ], [ -76.978169277287094, 38.917289791269503 ], [ -76.98695328004959, 38.90945378981327 ] ] ] } },
{ "type": "Feature", "properties": { "GEOCODE": "110010089031", "ward": 5.0, "neighborhood": "Ivy City, Arboretum, Trinidad, Carver Langston" }, "geometry": { "type": "Polygon", "coordinates": [ [ [ -76.976210276038842, 38.906289788978221 ], [ -76.976218276588853, 38.903075788617514 ], [ -76.970329275192213, 38.905464789310408 ], [ -76.970207275157946, 38.905628789541822 ], [ -76.975168276082087, 38.905627788989442 ], [ -76.975199276139534, 38.906000789057387 ], [ -76.976210276038842, 38.906289788978221 ] ] ] } },
{ "type": "Feature", "properties": { "GEOCODE": "110010089032", "ward": 5.0, "neighborhood": "Ivy City, Arboretum, Trinidad, Carver Langston" }, "geometry": { "type": "Polygon", "coordinates": [ [ [ -76.979177277325988, 38.906743789785025 ], [ -76.978987277129534, 38.905768789216111 ], [ -76.97899627692631, 38.90193478840289 ], [ -76.976218276588853, 38.903075788617514 ], [ -76.976210276038842, 38.906289788978221 ], [ -76.978578276904742, 38.907376789178642 ], [ -76.978840277875676, 38.907278789150297 ], [ -76.979177277325988, 38.906743789785025 ] ] ] } },
{ "type": "Feature", "properties": { "GEOCODE": "110010110021", "ward": 6.0, "neighborhood": "Southwest Employment Area, Southwest/Waterfront, Fort McNair, Buzzard Point" }, "geometry": { "type": "Polygon", "coordinates": [ [ [ -77.021881289324725, 38.876509781305224 ], [ -77.023779289745534, 38.876418781245427 ], [ -77.021297288325172, 38.872178780684749 ], [ -77.020316288398959, 38.870021780070068 ], [ -77.020176288470736, 38.868964780218562 ], [ -77.020164286825647, 38.8573377783189 ], [ -77.015379285501197, 38.860045778915222 ], [ -77.015318286540435, 38.8694797807632 ], [ -77.014343285895251, 38.872042780918022 ], [ -77.017524287565649, 38.872073780754583 ], [ -77.017556287844158, 38.874659781106011 ], [ -77.020891288581467, 38.874665781170584 ], [ -77.021881289324725, 38.876509781305224 ] ] ] } },
{ "type": "Feature", "properties": { "GEOCODE": "110010092032", "ward": 5.0, "neighborhood": "Edgewood, Bloomingdale, Truxton Circle, Eckington" }, "geometry": { "type": "Polygon", "coordinates": [ [ [ -77.009004287788258, 38.91811379054991 ], [ -77.009002287349517, 38.916900790018218 ], [ -77.000571285081321, 38.919768791539489 ], [ -77.000572285646541, 38.923446792354781 ], [ -77.003558286395162, 38.923436791641322 ], [ -77.00433028600149, 38.921047791447322 ], [ -77.006406286352217, 38.919818790914213 ], [ -77.006950287045825, 38.918115791027425 ], [ -77.009004287788258, 38.91811379054991 ] ] ] } },
{ "type": "Feature", "properties": { "GEOCODE": "110010092041", "ward": 5.0, "neighborhood": "Edgewood, Bloomingdale, Truxton Circle, Eckington" }, "geometry": { "type": "Polygon", "coordinates": [ [ [ -77.002995285846922, 38.92525079215855 ], [ -77.003558286395162, 38.923436791641322 ], [ -77.000572285646541, 38.923446792354781 ], [ -77.000571285632688, 38.922992791843846 ], [ -76.995821283206368, 38.925291792457173 ], [ -76.995010283889286, 38.925449792689477 ], [ -76.994968283722358, 38.925589792766466 ], [ -77.00244628538394, 38.925601792455645 ], [ -77.002995285846922, 38.92525079215855 ] ] ] } },
{ "type": "Feature", "properties": { "GEOCODE": "110010092042", "ward": 5.0, "neighborhood": "Edgewood, Bloomingdale, Truxton Circle, Eckington" }, "geometry": { "type": "Polygon", "coordinates": [ [ [ -77.000571285632688, 38.922992791843846 ], [ -77.000571285081321, 38.919768791539489 ], [ -76.996035283158861, 38.921390792056286 ], [ -76.994945283920799, 38.92399079254843 ], [ -76.994486282979636, 38.925589792648353 ], [ -76.994968283722358, 38.925589792766466 ], [ -76.995032283619324, 38.925439792591241 ], [ -76.995640283794643, 38.925370792405332 ], [ -77.000571285632688, 38.922992791843846 ] ] ] } },
{ "type": "Feature", "properties": { "GEOCODE": "110010095033", "ward": 5.0, "neighborhood": "North Michigan Park, Michigan Park, University Heights" }, "geometry": { "type": "Polygon", "coordinates": [ [ [ -76.988867282513112, 38.935036794806571 ], [ -76.988843282156381, 38.934635794239092 ], [ -76.986482281298379, 38.934754795179863 ], [ -76.985619281712076, 38.941739796613213 ], [ -76.985673282332741, 38.944157796352016 ], [ -76.985531281322395, 38.944253796387976 ], [ -76.988318283038552, 38.944241796445617 ], [ -76.988317282526424, 38.938231795764942 ], [ -76.988867282513112, 38.935036794806571 ] ] ] } },
{ "type": "Feature", "properties": { "GEOCODE": "110010095041", "ward": 5.0, "neighborhood": "North Michigan Park, Michigan Park, University Heights" }, "geometry": { "type": "Polygon", "coordinates": [ [ [ -76.988309282052981, 38.940730795858762 ], [ -76.997644285744883, 38.940739795538072 ], [ -76.996116284981355, 38.937194795086505 ], [ -76.994839284059609, 38.933753794392409 ], [ -76.992988282888433, 38.934432794419919 ], [ -76.988843282156381, 38.934635794239092 ], [ -76.988854281913291, 38.935196794523932 ], [ -76.988317282526424, 38.938231795764942 ], [ -76.988309282052981, 38.940730795858762 ] ] ] } },
{ "type": "Feature", "properties": { "GEOCODE": "110010095042", "ward": 5.0, "neighborhood": "North Michigan Park, Michigan Park, University Heights" }, "geometry": { "type": "Polygon", "coordinates": [ [ [ -76.988897282953772, 38.946276797310851 ], [ -77.000045286761633, 38.9462777963817 ], [ -76.997644285744883, 38.940739795538072 ], [ -76.988309282052981, 38.940730795858762 ], [ -76.988304282848915, 38.944155796539292 ], [ -76.988897282953772, 38.946276797310851 ] ] ] } },
{ "type": "Feature", "properties": { "GEOCODE": "110010089033", "ward": 5.0, "neighborhood": "Ivy City, Arboretum, Trinidad, Carver Langston" }, "geometry": { "type": "Polygon", "coordinates": [ [ [ -76.979177277325988, 38.906743789785025 ], [ -76.983012278749442, 38.90072478823064 ], [ -76.982690278164284, 38.900557788144006 ], [ -76.982261277566877, 38.900551788191557 ], [ -76.97899627692631, 38.90193478840289 ], [ -76.978987277129534, 38.905768789216111 ], [ -76.979177277325988, 38.906743789785025 ] ] ] } },
{ "type": "Feature", "properties": { "GEOCODE": "110010089041", "ward": 5.0, "neighborhood": "Ivy City, Arboretum, Trinidad, Carver Langston" }, "geometry": { "type": "Polygon", "coordinates": [ [ [ -76.983012278749442, 38.90072478823064 ], [ -76.983412277879154, 38.900188787944835 ], [ -76.974175275879503, 38.898594787977089 ], [ -76.974175275901743, 38.900199787949482 ], [ -76.976221275965855, 38.900202787859001 ], [ -76.976218276588853, 38.903075788617514 ], [ -76.982261277566877, 38.900551788191557 ], [ -76.982568278014938, 38.900523787771078 ], [ -76.983012278749442, 38.90072478823064 ] ] ] } },
{ "type": "Feature", "properties": { "GEOCODE": "110010089042", "ward": 5.0, "neighborhood": "Ivy City, Arboretum, Trinidad, Carver Langston" }, "geometry": { "type": "Polygon", "coordinates": [ [ [ -76.976218276588853, 38.903075788617514 ], [ -76.976221275965855, 38.900202787859001 ], [ -76.974175275901743, 38.900199787949482 ], [ -76.974180276118346, 38.902797788758527 ], [ -76.971892275091335, 38.903728788646262 ], [ -76.972463275768476, 38.904594789582106 ], [ -76.976218276588853, 38.903075788617514 ] ] ] } },
{ "type": "Feature", "properties": { "GEOCODE": "110010098022", "ward": 8.0, "neighborhood": "Congress Heights, Bellevue, Washington Highlands" }, "geometry": { "type": "Polygon", "coordinates": [ [ [ -77.000573279696141, 38.83096777290725 ], [ -77.000569279602686, 38.829212773234737 ], [ -76.99489127751923, 38.829211772872085 ], [ -76.992752277393592, 38.830916773195646 ], [ -77.000573279696141, 38.83096777290725 ] ] ] } },
{ "type": "Feature", "properties": { "GEOCODE": "110010110013", "ward": 6.0, "neighborhood": "Southwest Employment Area, Southwest/Waterfront, Fort McNair, Buzzard Point" }, "geometry": { "type": "Polygon", "coordinates": [ [ [ -77.017556287844158, 38.874659781106011 ], [ -77.017558287900627, 38.87298578103681 ], [ -77.015110286760319, 38.872966781548122 ], [ -77.013370286568687, 38.872984781750688 ], [ -77.013181285616142, 38.873422781867077 ], [ -77.014333286918827, 38.87379878115128 ], [ -77.014440286730732, 38.874674781821199 ], [ -77.017556287844158, 38.874659781106011 ] ] ] } },
{ "type": "Feature", "properties": { "GEOCODE": "110010093011", "ward": 5.0, "neighborhood": "Brookland, Brentwood, Langdon" }, "geometry": { "type": "Polygon", "coordinates": [ [ [ -76.98459228051648, 38.934848794499167 ], [ -76.984202279875078, 38.929914793751443 ], [ -76.979388279170436, 38.930154793797023 ], [ -76.979770279123272, 38.935088795538775 ], [ -76.98459228051648, 38.934848794499167 ] ] ] } },
{ "type": "Feature", "properties": { "GEOCODE": "110010093012", "ward": 5.0, "neighborhood": "Brookland, Brentwood, Langdon" }, "geometry": { "type": "Polygon", "coordinates": [ [ [ -76.994839284059609, 38.933753794392409 ], [ -76.994157283040721, 38.930247793970743 ], [ -76.994179283688936, 38.927447792602571 ], [ -76.988287281556282, 38.927726793160502 ], [ -76.988843282156381, 38.934635794239092 ], [ -76.992988282888433, 38.934432794419919 ], [ -76.994839284059609, 38.933753794392409 ] ] ] } },
{ "type": "Feature", "properties": { "GEOCODE": "110010093013", "ward": 5.0, "neighborhood": "Brookland, Brentwood, Langdon" }, "geometry": { "type": "Polygon", "coordinates": [ [ [ -76.988446282091687, 38.929701793307444 ], [ -76.988287281556282, 38.927726793160502 ], [ -76.985971281357081, 38.927842793145061 ], [ -76.985743280286229, 38.924950793167888 ], [ -76.985625280734411, 38.924627792623966 ], [ -76.979132279130724, 38.927716793576991 ], [ -76.979388279170436, 38.930154793797023 ], [ -76.988446282091687, 38.929701793307444 ] ] ] } },
{ "type": "Feature", "properties": { "GEOCODE": "110010095051", "ward": 4.0, "neighborhood": "Lamont Riggs, Queens Chapel, Fort Totten, Pleasant Hill" }, "geometry": { "type": "Polygon", "coordinates": [ [ [ -77.002438288125333, 38.965680800379864 ], [ -77.005773289572502, 38.961279799722924 ], [ -76.999100286601248, 38.961274799699893 ], [ -76.999075286916877, 38.963062800233303 ], [ -77.002438288125333, 38.965680800379864 ] ] ] } },
{ "type": "Feature", "properties": { "GEOCODE": "110010095052", "ward": 4.0, "neighborhood": "Lamont Riggs, Queens Chapel, Fort Totten, Pleasant Hill" }, "geometry": { "type": "Polygon", "coordinates": [ [ [ -77.010715290894638, 38.962364799117069 ], [ -77.009612290044387, 38.961005798773421 ], [ -77.009070289455423, 38.959699798720969 ], [ -77.009044289568223, 38.956868798673874 ], [ -77.002438288125333, 38.965680800379864 ], [ -77.008522290508594, 38.970402801589898 ], [ -77.009046290981516, 38.969880801348069 ], [ -77.009041290193878, 38.965755800417199 ], [ -77.009187290471701, 38.964990800422534 ], [ -77.008929290229517, 38.96476579973644 ], [ -77.010715290894638, 38.962364799117069 ] ] ] } },
{ "type": "Feature", "properties": { "GEOCODE": "110010095083", "ward": 5.0, "neighborhood": "Lamont Riggs, Queens Chapel, Fort Totten, Pleasant Hill" }, "geometry": { "type": "Polygon", "coordinates": [ [ [ -77.003836288642006, 38.955886798305201 ], [ -77.00258328728566, 38.95248179808825 ], [ -77.001154287148438, 38.952714798281633 ], [ -77.001183286645457, 38.952970797744698 ], [ -77.000032287111424, 38.953262797835912 ], [ -76.998839286260647, 38.954195798404712 ], [ -77.00229628818181, 38.956778798390701 ], [ -77.002751287719931, 38.956239798858554 ], [ -77.003836288642006, 38.955886798305201 ] ] ] } },
{ "type": "Feature", "properties": { "GEOCODE": "110010089043", "ward": 5.0, "neighborhood": "Ivy City, Arboretum, Trinidad, Carver Langston" }, "geometry": { "type": "Polygon", "coordinates": [ [ [ -76.974180276118346, 38.902797788758527 ], [ -76.974175275879503, 38.898594787977089 ], [ -76.970387274580062, 38.897932787968749 ], [ -76.970234273922529, 38.89870778814327 ], [ -76.970235274205805, 38.903452789273217 ], [ -76.97155727494598, 38.9034737891484 ], [ -76.971892275091335, 38.903728788646262 ], [ -76.974180276118346, 38.902797788758527 ] ] ] } },
{ "type": "Feature", "properties": { "GEOCODE": "110010090001", "ward": 5.0, "neighborhood": "Woodridge, Fort Lincoln, Gateway" }, "geometry": { "type": "Polygon", "coordinates": [ [ [ -76.965163274174571, 38.925267794005642 ], [ -76.962636272834885, 38.923547793434125 ], [ -76.961774273486569, 38.924172793996973 ], [ -76.960067272012168, 38.924217793602438 ], [ -76.959519272639554, 38.924370793377875 ], [ -76.959762272157946, 38.924985794260451 ], [ -76.959674272480839, 38.925600794331046 ], [ -76.959310272688654, 38.926637794031798 ], [ -76.958669271987617, 38.927799794150545 ], [ -76.95831127247159, 38.928088794280477 ], [ -76.957410272364058, 38.928218794520141 ], [ -76.957021271838428, 38.92839579432033 ], [ -76.956108271749557, 38.929079795001236 ], [ -76.956043271536188, 38.929389795268364 ], [ -76.957758272634493, 38.930756794855199 ], [ -76.961488272805624, 38.928274794375113 ], [ -76.965163274174571, 38.925267794005642 ] ] ] } },
{ "type": "Feature", "properties": { "GEOCODE": "110010098031", "ward": 8.0, "neighborhood": "Congress Heights, Bellevue, Washington Highlands" }, "geometry": { "type": "Polygon", "coordinates": [ [ [ -77.006028281509487, 38.838025774949628 ], [ -77.00589228161914, 38.837913774369262 ], [ -77.005893281749024, 38.837164774374422 ], [ -77.004299280414628, 38.836112774231339 ], [ -77.001233279561347, 38.836113773921575 ], [ -77.000761279968984, 38.836298774747988 ], [ -77.000576280070959, 38.837104774163031 ], [ -77.000574279979162, 38.841886775359526 ], [ -77.001177280174673, 38.841864775794541 ], [ -77.001612280628791, 38.841693775802554 ], [ -77.003225281323282, 38.84020277528041 ], [ -77.003664281328597, 38.840173774920402 ], [ -77.004215281229904, 38.840414774736722 ], [ -77.006028281509487, 38.838025774949628 ] ] ] } },
{ "type": "Feature", "properties": { "GEOCODE": "110010098032", "ward": 8.0, "neighborhood": "Congress Heights, Bellevue, Washington Highlands" }, "geometry": { "type": "Polygon", "coordinates": [ [ [ -77.006588281096839, 38.832587773116437 ], [ -77.007679282125324, 38.831405773454051 ], [ -77.003860280603078, 38.830994773646893 ], [ -77.003341279995567, 38.831619773524174 ], [ -77.002751280452955, 38.832817774028015 ], [ -77.002286280117616, 38.833354773993641 ], [ -77.001250280074927, 38.83395377401056 ], [ -77.000573279755315, 38.833976774308439 ], [ -77.000761279968984, 38.836298774747988 ], [ -77.006588281096839, 38.832587773116437 ] ] ] } },
{ "type": "Feature", "properties": { "GEOCODE": "110010098101", "ward": 8.0, "neighborhood": "Congress Heights, Bellevue, Washington Highlands" }, "geometry": { "type": "Polygon", "coordinates": [ [ [ -77.005541281053183, 38.824689771739159 ], [ -77.006004280845005, 38.824098771283325 ], [ -77.005718281202547, 38.823824771263745 ], [ -77.004868280259558, 38.823269771525339 ], [ -77.002189279944105, 38.821972771536942 ], [ -77.001994279672644, 38.822188771305164 ], [ -77.00193027967596, 38.823396772170859 ], [ -77.002211280153418, 38.823893771979016 ], [ -77.001530279604765, 38.824252771533132 ], [ -77.001366279820928, 38.82474677217656 ], [ -77.002420280083811, 38.827254772266308 ], [ -77.002050280266303, 38.828922773107159 ], [ -77.002032280253275, 38.830965772931265 ], [ -77.003714280428582, 38.830979772986929 ], [ -77.005887280641304, 38.831213773029901 ], [ -77.005893281455826, 38.827898772121884 ], [ -77.005431280872017, 38.825232771670237 ], [ -77.005541281053183, 38.824689771739159 ] ] ] } },
{ "type": "Feature", "properties": { "GEOCODE": "110010098102", "ward": 8.0, "neighborhood": "Congress Heights, Bellevue, Washington Highlands" }, "geometry": { "type": "Polygon", "coordinates": [ [ [ -77.007679282125324, 38.831405773454051 ], [ -77.00760528197776, 38.826775771762442 ], [ -77.007267281027126, 38.825938772058997 ], [ -77.006004280845005, 38.824098771283325 ], [ -77.005581280126151, 38.82460677205799 ], [ -77.005431280872017, 38.825232771670237 ], [ -77.005893281455826, 38.827898772121884 ], [ -77.005887280641304, 38.831213773029901 ], [ -77.007679282125324, 38.831405773454051 ] ] ] } },
{ "type": "Feature", "properties": { "GEOCODE": "110010110022", "ward": 6.0, "neighborhood": "Southwest Employment Area, Southwest/Waterfront, Fort McNair, Buzzard Point" }, "geometry": { "type": "Polygon", "coordinates": [ [ [ -77.021149289123628, 38.87731378228731 ], [ -77.021881289324725, 38.876509781305224 ], [ -77.020891288581467, 38.874665781170584 ], [ -77.017556287844158, 38.874659781106011 ], [ -77.017568287321211, 38.876468782041783 ], [ -77.019887288085357, 38.876468782169411 ], [ -77.020473288025769, 38.876655781713346 ], [ -77.021149289123628, 38.87731378228731 ] ] ] } },
{ "type": "Feature", "properties": { "GEOCODE": "110010095084", "ward": 5.0, "neighborhood": "Lamont Riggs, Queens Chapel, Fort Totten, Pleasant Hill" }, "geometry": { "type": "Polygon", "coordinates": [ [ [ -77.00904828938377, 38.954822797761764 ], [ -77.009009289650137, 38.952414797450444 ], [ -77.007833289584127, 38.952381797499918 ], [ -77.007832289500257, 38.951805797810131 ], [ -77.006235289134708, 38.952049797411696 ], [ -77.005564288858224, 38.951964797695112 ], [ -77.004707288223926, 38.9516717971375 ], [ -77.003884288147148, 38.950998797633112 ], [ -77.003601287376952, 38.94987479732977 ], [ -77.00296128787852, 38.94898579743667 ], [ -77.00267228765118, 38.94791679645212 ], [ -77.003243287880096, 38.946316796843249 ], [ -77.000495286272937, 38.9473777966152 ], [ -77.002013287617359, 38.951058797627169 ], [ -77.000648286836281, 38.951098797315709 ], [ -76.999856287093024, 38.951633797717086 ], [ -76.999053286431732, 38.951849797963085 ], [ -76.995988285178882, 38.952003797907288 ], [ -76.99682028595852, 38.952641798321537 ], [ -76.998936286735301, 38.952567797700787 ], [ -76.99901928659645, 38.953053798262729 ], [ -76.99953328711527, 38.953545798032224 ], [ -77.000240287408019, 38.953174797596468 ], [ -77.001183286645457, 38.952970797744698 ], [ -77.001154287148438, 38.952714798281633 ], [ -77.00258328728566, 38.95248179808825 ], [ -77.003836288642006, 38.955886798305201 ], [ -77.00904828938377, 38.954822797761764 ] ] ] } },
{ "type": "Feature", "properties": { "GEOCODE": "110010095091", "ward": 5.0, "neighborhood": "North Michigan Park, Michigan Park, University Heights" }, "geometry": { "type": "Polygon", "coordinates": [ [ [ -76.995988285178882, 38.952003797907288 ], [ -76.990985284114217, 38.948169796956954 ], [ -76.989022283417611, 38.946764796775845 ], [ -76.989531283786164, 38.948720797822581 ], [ -76.98952828344278, 38.951837797892082 ], [ -76.989259283180601, 38.952416798225677 ], [ -76.994154285347435, 38.952344798137126 ], [ -76.995988285178882, 38.952003797907288 ] ] ] } },
{ "type": "Feature", "properties": { "GEOCODE": "110010096022", "ward": 7.0, "neighborhood": "Mayfair, Hillbrook, Mahaning Heights" }, "geometry": { "type": "Polygon", "coordinates": [ [ [ -76.952940269798333, 38.906099790410423 ], [ -76.952821268797607, 38.905491790356237 ], [ -76.952568269614986, 38.905091790019767 ], [ -76.94601326711657, 38.899512789365211 ], [ -76.943668266180609, 38.901399789671075 ], [ -76.944879266952697, 38.901720789237686 ], [ -76.945293267103864, 38.90213279014106 ], [ -76.94534026689935, 38.902398790222392 ], [ -76.945730266995383, 38.902100789969126 ], [ -76.945889266468924, 38.902235790008845 ], [ -76.94621626708792, 38.902654790007155 ], [ -76.946534266842363, 38.903394789618325 ], [ -76.948996268167733, 38.905510790731917 ], [ -76.949311267804163, 38.905947790567353 ], [ -76.949690268471585, 38.906875790233855 ], [ -76.950259268854182, 38.907336790240166 ], [ -76.951182268355012, 38.907557790403104 ], [ -76.952122269248989, 38.907357790434126 ], [ -76.952737269796543, 38.906821789962841 ], [ -76.952940269798333, 38.906099790410423 ] ] ] } },
{ "type": "Feature", "properties": { "GEOCODE": "110010096023", "ward": 7.0, "neighborhood": "Mayfair, Hillbrook, Mahaning Heights" }, "geometry": { "type": "Polygon", "coordinates": [ [ [ -76.957360270006305, 38.897175788240943 ], [ -76.95749127008726, 38.896583788131679 ], [ -76.951017267625474, 38.895527788372341 ], [ -76.94601326711657, 38.899512789365211 ], [ -76.951279268381853, 38.903996789626135 ], [ -76.951568269051734, 38.903673789985447 ], [ -76.950907268710523, 38.903111789957869 ], [ -76.951309268628052, 38.902775789728949 ], [ -76.951485268093364, 38.902333789514493 ], [ -76.950873267999498, 38.901809789631912 ], [ -76.953419268892233, 38.899749789009299 ], [ -76.953431269122945, 38.897304788722259 ], [ -76.957360270006305, 38.897175788240943 ] ] ] } },
{ "type": "Feature", "properties": { "GEOCODE": "110010096031", "ward": 7.0, "neighborhood": "River Terrace, Benning, Greenway, Dupont Park" }, "geometry": { "type": "Polygon", "coordinates": [ [ [ -76.947246266371266, 38.89286378801819 ], [ -76.947247266073333, 38.889846787077737 ], [ -76.937596263426826, 38.889888787924761 ], [ -76.938327264089025, 38.890907787658563 ], [ -76.939523264079824, 38.891687787960464 ], [ -76.942901264861007, 38.893050787547061 ], [ -76.945591266102653, 38.893663787658852 ], [ -76.946641266554607, 38.894029788468671 ], [ -76.947246266371266, 38.89286378801819 ] ] ] } },
{ "type": "Feature", "properties": { "GEOCODE": "110010098033", "ward": 8.0, "neighborhood": "Congress Heights, Bellevue, Washington Highlands" }, "geometry": { "type": "Polygon", "coordinates": [ [ [ -77.008413282204856, 38.833654773893507 ], [ -77.008295282180427, 38.832584773429197 ], [ -77.007679282125324, 38.831405773454051 ], [ -77.007489281377545, 38.83148877358083 ], [ -77.007147281172067, 38.832051773585405 ], [ -77.006588281096839, 38.832587773116437 ], [ -77.001058279567573, 38.836138774112861 ], [ -77.004299280414628, 38.836112774231339 ], [ -77.005893281749024, 38.837164774374422 ], [ -77.00589228161914, 38.837913774369262 ], [ -77.006028281509487, 38.838025774949628 ], [ -77.007746281947874, 38.835694774105413 ], [ -77.008413282204856, 38.833654773893507 ] ] ] } },
{ "type": "Feature", "properties": { "GEOCODE": "110010098041", "ward": 8.0, "neighborhood": "Congress Heights, Bellevue, Washington Highlands" }, "geometry": { "type": "Polygon", "coordinates": [ [ [ -77.000761279968984, 38.836298774747988 ], [ -77.000583280193837, 38.835071774198084 ], [ -77.000573279755315, 38.833976774308439 ], [ -77.000315280179237, 38.834004773591275 ], [ -76.99806327873371, 38.835234774005833 ], [ -76.997181278359335, 38.836188774313861 ], [ -76.996682278986981, 38.836472774447046 ], [ -76.996729278976218, 38.836575774868734 ], [ -76.996293278127837, 38.836712775070481 ], [ -76.995691278360681, 38.837152775175653 ], [ -76.994746278074729, 38.837462775109316 ], [ -76.993507277313171, 38.837489775088372 ], [ -76.993626278036501, 38.840338775409627 ], [ -76.994228277777779, 38.843695776503161 ], [ -76.998452279809584, 38.843116775606369 ], [ -76.998433278825019, 38.837562774830737 ], [ -77.000761279968984, 38.836298774747988 ] ] ] } },
{ "type": "Feature", "properties": { "GEOCODE": "110010098111", "ward": 8.0, "neighborhood": "Congress Heights, Bellevue, Washington Highlands" }, "geometry": { "type": "Polygon", "coordinates": [ [ [ -77.002424280135457, 38.827401772401558 ], [ -77.002331280008775, 38.826908772234844 ], [ -77.001366279820928, 38.82474677217656 ], [ -77.001530279604765, 38.824252771533132 ], [ -77.002211280153418, 38.823893771979016 ], [ -77.001926279813986, 38.823338772065938 ], [ -77.001978279017209, 38.822241771153394 ], [ -77.002189279944105, 38.821972771536942 ], [ -77.001245278945234, 38.821282771139856 ], [ -76.999280278860056, 38.82283877211799 ], [ -76.99963227872027, 38.823401771986063 ], [ -76.999690279376537, 38.823929771511679 ], [ -76.998544278726612, 38.826312772532965 ], [ -76.99849927896193, 38.829212773118506 ], [ -77.000569279602686, 38.829212773234737 ], [ -77.000573279696141, 38.83096777290725 ], [ -77.002032280253275, 38.830965772931265 ], [ -77.002050280266303, 38.828922773107159 ], [ -77.002424280135457, 38.827401772401558 ] ] ] } },
{ "type": "Feature", "properties": { "GEOCODE": "110010098112", "ward": 8.0, "neighborhood": "Congress Heights, Bellevue, Washington Highlands" }, "geometry": { "type": "Polygon", "coordinates": [ [ [ -76.998099278219712, 38.823986772011175 ], [ -76.998041278648699, 38.823804771929119 ], [ -76.991113276986823, 38.829156773124872 ], [ -76.99489127751923, 38.829211772872085 ], [ -76.997196277891348, 38.826331772948194 ], [ -76.998099278219712, 38.823986772011175 ] ] ] } },
{ "type": "Feature", "properties": { "GEOCODE": "110010095092", "ward": 5.0, "neighborhood": "North Michigan Park, Michigan Park, University Heights" }, "geometry": { "type": "Polygon", "coordinates": [ [ [ -76.997026285370112, 38.949377796931635 ], [ -76.997052285661113, 38.946277797114298 ], [ -76.988897282953772, 38.946276797310851 ], [ -76.989022283417611, 38.946764796775845 ], [ -76.994356284451925, 38.950752797505018 ], [ -76.994937284795284, 38.950273797348572 ], [ -76.994962285507611, 38.949272797831547 ], [ -76.995543285552827, 38.949278797505279 ], [ -76.996000284918466, 38.949443797021537 ], [ -76.997026285370112, 38.949377796931635 ] ] ] } },
{ "type": "Feature", "properties": { "GEOCODE": "110010095093", "ward": 5.0, "neighborhood": "North Michigan Park, Michigan Park, University Heights" }, "geometry": { "type": "Polygon", "coordinates": [ [ [ -77.002013287617359, 38.951058797627169 ], [ -77.000045286761633, 38.9462777963817 ], [ -76.997052285661113, 38.946277797114298 ], [ -76.997026285370112, 38.949377796931635 ], [ -76.996000284918466, 38.949443797021537 ], [ -76.995543285552827, 38.949278797505279 ], [ -76.994962285507611, 38.949272797831547 ], [ -76.994937284795284, 38.950273797348572 ], [ -76.994356284451925, 38.950752797505018 ], [ -76.995988285178882, 38.952003797907288 ], [ -76.999053286431732, 38.951849797963085 ], [ -76.999856287093024, 38.951633797717086 ], [ -77.000648286836281, 38.951098797315709 ], [ -77.002013287617359, 38.951058797627169 ] ] ] } },
{ "type": "Feature", "properties": { "GEOCODE": "110010096032", "ward": 7.0, "neighborhood": "River Terrace, Benning, Greenway, Dupont Park" }, "geometry": { "type": "Polygon", "coordinates": [ [ [ -76.94916226789671, 38.895140788145632 ], [ -76.953008268548558, 38.889829786810104 ], [ -76.947247266073333, 38.889846787077737 ], [ -76.947246266371266, 38.89286378801819 ], [ -76.946641266554607, 38.894029788468671 ], [ -76.94916226789671, 38.895140788145632 ] ] ] } },
{ "type": "Feature", "properties": { "GEOCODE": "110010096033", "ward": 7.0, "neighborhood": "River Terrace, Benning, Greenway, Dupont Park" }, "geometry": { "type": "Polygon", "coordinates": [ [ [ -76.951073267452827, 38.895496787918105 ], [ -76.956720269682251, 38.889838787245367 ], [ -76.953008268548558, 38.889829786810104 ], [ -76.94916226789671, 38.895140788145632 ], [ -76.951073267452827, 38.895496787918105 ] ] ] } },
{ "type": "Feature", "properties": { "GEOCODE": "110010096041", "ward": 7.0, "neighborhood": "River Terrace, Benning, Greenway, Dupont Park" }, "geometry": { "type": "Polygon", "coordinates": [ [ [ -76.962532271878658, 38.893293787073432 ], [ -76.963369271480843, 38.889874786159027 ], [ -76.956720269682251, 38.889838787245367 ], [ -76.954181268794954, 38.892411787512835 ], [ -76.954859268886679, 38.893089787411448 ], [ -76.955338268981222, 38.892838787466495 ], [ -76.955889269269008, 38.892803787600478 ], [ -76.955184269520174, 38.893549787239024 ], [ -76.96021727090951, 38.893600787250698 ], [ -76.959802270328495, 38.894070787566875 ], [ -76.959537270857439, 38.894718787958354 ], [ -76.959522270568598, 38.895321787680487 ], [ -76.959697270353246, 38.895873788205087 ], [ -76.960292270419373, 38.896994787742486 ], [ -76.961986271626429, 38.89714278845566 ], [ -76.961802271736389, 38.896130788002651 ], [ -76.961864271201165, 38.895307787546159 ], [ -76.962532271878658, 38.893293787073432 ] ] ] } },
{ "type": "Feature", "properties": { "GEOCODE": "110010096042", "ward": 7.0, "neighborhood": "River Terrace, Benning, Greenway, Dupont Park" }, "geometry": { "type": "Polygon", "coordinates": [ [ [ -76.960292270419373, 38.896994787742486 ], [ -76.959625271169926, 38.895711787483407 ], [ -76.959506271053755, 38.895058788210456 ], [ -76.95970827113355, 38.894240787277319 ], [ -76.96021727090951, 38.893600787250698 ], [ -76.955184269520174, 38.893549787239024 ], [ -76.955889269269008, 38.892803787600478 ], [ -76.955338268981222, 38.892838787466495 ], [ -76.954859268886679, 38.893089787411448 ], [ -76.954181268794954, 38.892411787512835 ], [ -76.951017267625474, 38.895527788372341 ], [ -76.960292270419373, 38.896994787742486 ] ] ] } },
{ "type": "Feature", "properties": { "GEOCODE": "110010098042", "ward": 8.0, "neighborhood": "Congress Heights, Bellevue, Washington Highlands" }, "geometry": { "type": "Polygon", "coordinates": [ [ [ -77.004215281229904, 38.840414774736722 ], [ -77.003664281328597, 38.840173774920402 ], [ -77.003225281323282, 38.84020277528041 ], [ -77.001612280628791, 38.841693775802554 ], [ -77.001177280174673, 38.841864775794541 ], [ -77.000574279979162, 38.841886775359526 ], [ -77.000576280070959, 38.837104774163031 ], [ -77.000761279968984, 38.836298774747988 ], [ -76.998433278825019, 38.837562774830737 ], [ -76.998452279809584, 38.843116775606369 ], [ -76.99996228029913, 38.843139775392522 ], [ -77.002407280209027, 38.842474775722714 ], [ -77.002907280727371, 38.842119775595421 ], [ -77.004215281229904, 38.840414774736722 ] ] ] } },
{ "type": "Feature", "properties": { "GEOCODE": "110010098071", "ward": 8.0, "neighborhood": "Joint Base Anacostia-Bolling" }, "geometry": { "type": "Polygon", "coordinates": [ [ [ -77.017204284662569, 38.82894177199649 ], [ -77.017309284704339, 38.828351772042176 ], [ -77.015426283469921, 38.828403771801334 ], [ -77.012718282896344, 38.828665772773327 ], [ -77.009994282875354, 38.828671772676479 ], [ -77.008458281293471, 38.829117772767205 ], [ -77.007677281205119, 38.829206772777546 ], [ -77.007679282125324, 38.831405773454051 ], [ -77.008295282180427, 38.832584773429197 ], [ -77.008413282204856, 38.833654773893507 ], [ -77.007746281947874, 38.835694774105413 ], [ -77.009170282245179, 38.838905774700976 ], [ -77.009157282733554, 38.839570774339698 ], [ -77.014978284228349, 38.831621773351372 ], [ -77.016735284239829, 38.829947772519496 ], [ -77.017204284662569, 38.82894177199649 ] ] ] } },
{ "type": "Feature", "properties": { "GEOCODE": "110010095053", "ward": 4.0, "neighborhood": "Lamont Riggs, Queens Chapel, Fort Totten, Pleasant Hill" }, "geometry": { "type": "Polygon", "coordinates": [ [ [ -77.009044289568223, 38.956868798673874 ], [ -77.00904828938377, 38.954822797761764 ], [ -77.008920289394169, 38.954824798427303 ], [ -77.002947288065641, 38.956133798324736 ], [ -77.002510288102584, 38.956451798488999 ], [ -77.001133287768013, 38.958783798862711 ], [ -76.999910287087047, 38.960297799071533 ], [ -76.998808287193199, 38.961063799404954 ], [ -76.997232285973155, 38.961623799819392 ], [ -76.999075286916877, 38.963062800233303 ], [ -76.999100286601248, 38.961274799699893 ], [ -77.005773289572502, 38.961279799722924 ], [ -77.009044289568223, 38.956868798673874 ] ] ] } },
{ "type": "Feature", "properties": { "GEOCODE": "110010095071", "ward": 4.0, "neighborhood": "Lamont Riggs, Queens Chapel, Fort Totten, Pleasant Hill" }, "geometry": { "type": "Polygon", "coordinates": [ [ [ -77.001133287768013, 38.958783798862711 ], [ -77.00229628818181, 38.956778798390701 ], [ -77.000277287323826, 38.955301798400797 ], [ -76.99955728725682, 38.955781798877609 ], [ -76.998653286320277, 38.956759798604878 ], [ -76.997684285893484, 38.957201799136811 ], [ -76.991637284671441, 38.957253798956032 ], [ -76.997232285973155, 38.961623799819392 ], [ -76.998808287193199, 38.961063799404954 ], [ -76.999910287087047, 38.960297799071533 ], [ -77.001133287768013, 38.958783798862711 ] ] ] } },
{ "type": "Feature", "properties": { "GEOCODE": "110010095101", "ward": 5.0, "neighborhood": "Lamont Riggs, Queens Chapel, Fort Totten, Pleasant Hill" }, "geometry": { "type": "Polygon", "coordinates": [ [ [ -77.009009289650137, 38.952414797450444 ], [ -77.008671289452138, 38.947105796073998 ], [ -77.005735288247024, 38.94519079626798 ], [ -77.003463286956787, 38.944388796084361 ], [ -77.002406286578264, 38.943799796009799 ], [ -77.001502286710775, 38.942991795658671 ], [ -76.999672286230506, 38.940748795543314 ], [ -76.997644285744883, 38.940739795538072 ], [ -77.000495286272937, 38.9473777966152 ], [ -77.003243287880096, 38.946316796843249 ], [ -77.00267228765118, 38.94791679645212 ], [ -77.00296128787852, 38.94898579743667 ], [ -77.003601287376952, 38.94987479732977 ], [ -77.003912287587795, 38.951028797856125 ], [ -77.004592288388608, 38.951599797683805 ], [ -77.005312288438759, 38.951908797783155 ], [ -77.006190288529012, 38.952052797757041 ], [ -77.007832289500257, 38.951805797810131 ], [ -77.007833289584127, 38.952381797499918 ], [ -77.009009289650137, 38.952414797450444 ] ] ] } },
{ "type": "Feature", "properties": { "GEOCODE": "110010095102", "ward": 5.0, "neighborhood": "Lamont Riggs, Queens Chapel, Fort Totten, Pleasant Hill" }, "geometry": { "type": "Polygon", "coordinates": [ [ [ -77.01086428932355, 38.944655795703362 ], [ -77.009800289291121, 38.943432795956319 ], [ -77.009278288821946, 38.943028795225622 ], [ -77.008219288527229, 38.942433795948041 ], [ -77.00719428839767, 38.942140795055565 ], [ -77.005948287904644, 38.941321795309001 ], [ -77.005884288380884, 38.941384795331679 ], [ -77.005856287731262, 38.943830795850637 ], [ -77.00524828745759, 38.944977795741138 ], [ -77.005881288588128, 38.945275796588852 ], [ -77.008671289452138, 38.947105796073998 ], [ -77.008682288553658, 38.946506796765242 ], [ -77.008993289412714, 38.945923795918141 ], [ -77.01086428932355, 38.944655795703362 ] ] ] } },
{ "type": "Feature", "properties": { "GEOCODE": "110010097001", "ward": 8.0, "neighborhood": "Congress Heights, Bellevue, Washington Highlands" }, "geometry": { "type": "Polygon", "coordinates": [ [ [ -76.994858277879857, 38.829252773463843 ], [ -76.991113276986823, 38.829156773124872 ], [ -76.98897927600305, 38.830827773413368 ], [ -76.990912276692001, 38.832356773583228 ], [ -76.994858277879857, 38.829252773463843 ] ] ] } },
{ "type": "Feature", "properties": { "GEOCODE": "110010097002", "ward": 8.0, "neighborhood": "Congress Heights, Bellevue, Washington Highlands" }, "geometry": { "type": "Polygon", "coordinates": [ [ [ -76.989486276620184, 38.833469774611046 ], [ -76.990912276692001, 38.832356773583228 ], [ -76.98897927600305, 38.830827773413368 ], [ -76.985024274973298, 38.833912774909003 ], [ -76.987186275274823, 38.836347774665434 ], [ -76.987715276138957, 38.836038774769818 ], [ -76.988165275562437, 38.83553277471502 ], [ -76.990685276460425, 38.834497774254494 ], [ -76.990810276782696, 38.834339773966867 ], [ -76.989486276620184, 38.833469774611046 ] ] ] } },
{ "type": "Feature", "properties": { "GEOCODE": "110010097003", "ward": 8.0, "neighborhood": "Congress Heights, Bellevue, Washington Highlands" }, "geometry": { "type": "Polygon", "coordinates": [ [ [ -76.993507277313171, 38.837489775088372 ], [ -76.993296277782122, 38.836857774914925 ], [ -76.99220727713454, 38.835318774438562 ], [ -76.990810276782696, 38.834339773966867 ], [ -76.990457276226564, 38.834633774577945 ], [ -76.988165275562437, 38.83553277471502 ], [ -76.987715276138957, 38.836038774769818 ], [ -76.987186275274823, 38.836347774665434 ], [ -76.987980275472538, 38.837299774643526 ], [ -76.988733275903442, 38.838601775110533 ], [ -76.991537277390009, 38.838103775136581 ], [ -76.992803277070479, 38.837615774724185 ], [ -76.993507277313171, 38.837489775088372 ] ] ] } },
{ "type": "Feature", "properties": { "GEOCODE": "110010098072", "ward": 8.0, "neighborhood": "Congress Heights, Bellevue, Washington Highlands" }, "geometry": { "type": "Polygon", "coordinates": [ [ [ -77.01258828248001, 38.826058771589999 ], [ -77.01247928246778, 38.825038771929968 ], [ -77.01188828286196, 38.82358977185384 ], [ -77.008228281233485, 38.823620771146729 ], [ -77.007017281075235, 38.823973771705084 ], [ -77.006004280845005, 38.824098771283325 ], [ -77.007338281843687, 38.82607077236122 ], [ -77.01258828248001, 38.826058771589999 ] ] ] } },
{ "type": "Feature", "properties": { "GEOCODE": "110010098073", "ward": 8.0, "neighborhood": "Joint Base Anacostia-Bolling" }, "geometry": { "type": "Polygon", "coordinates": [ [ [ -77.017309284704339, 38.828351772042176 ], [ -77.017372284158327, 38.823599770985894 ], [ -77.016832284454097, 38.823857770895415 ], [ -77.012701283055875, 38.823039770972109 ], [ -77.012073282917839, 38.821880770931465 ], [ -77.011559282654218, 38.822827771606882 ], [ -77.012439282782836, 38.824901771729692 ], [ -77.01258828248001, 38.826058771589999 ], [ -77.007338281843687, 38.82607077236122 ], [ -77.007659281530067, 38.827101772179176 ], [ -77.007677281205119, 38.829206772777546 ], [ -77.008458281293471, 38.829117772767205 ], [ -77.009994282875354, 38.828671772676479 ], [ -77.012718282896344, 38.828665772773327 ], [ -77.01488128354454, 38.828423772012961 ], [ -77.017309284704339, 38.828351772042176 ] ] ] } },
{ "type": "Feature", "properties": { "GEOCODE": "110010095081", "ward": 5.0, "neighborhood": "Lamont Riggs, Queens Chapel, Fort Totten, Pleasant Hill" }, "geometry": { "type": "Polygon", "coordinates": [ [ [ -77.000277287323826, 38.955301798400797 ], [ -76.998154285925224, 38.953669798567667 ], [ -76.995559285971481, 38.95448879850246 ], [ -76.990933284112472, 38.954577798791924 ], [ -76.990260283644517, 38.954829798716133 ], [ -76.98939228420015, 38.955491798407792 ], [ -76.991637284671441, 38.957253798956032 ], [ -76.997054286154793, 38.957279799236737 ], [ -76.997790285869044, 38.95717479891637 ], [ -76.998484286690754, 38.956875798659574 ], [ -76.999641286642941, 38.955707798960582 ], [ -77.000277287323826, 38.955301798400797 ] ] ] } },
{ "type": "Feature", "properties": { "GEOCODE": "110010095082", "ward": 5.0, "neighborhood": "Lamont Riggs, Queens Chapel, Fort Totten, Pleasant Hill" }, "geometry": { "type": "Polygon", "coordinates": [ [ [ -76.999724286915423, 38.953482798398085 ], [ -76.99953328711527, 38.953545798032224 ], [ -76.999094285931378, 38.9531517980422 ], [ -76.998936286735301, 38.952567797700787 ], [ -76.99682028595852, 38.952641798321537 ], [ -76.995988285178882, 38.952003797907288 ], [ -76.994154285347435, 38.952344798137126 ], [ -76.989259283180601, 38.952416798225677 ], [ -76.988398282932195, 38.953245798523994 ], [ -76.986392282947449, 38.952669798820388 ], [ -76.98575128191888, 38.952654798462632 ], [ -76.98939228420015, 38.955491798407792 ], [ -76.990260283644517, 38.954829798716133 ], [ -76.990933284112472, 38.954577798791924 ], [ -76.995559285971481, 38.95448879850246 ], [ -76.998154285925224, 38.953669798567667 ], [ -76.998839286260647, 38.954195798404712 ], [ -76.999724286915423, 38.953482798398085 ] ] ] } },
{ "type": "Feature", "properties": { "GEOCODE": "110010095103", "ward": 5.0, "neighborhood": "Lamont Riggs, Queens Chapel, Fort Totten, Pleasant Hill" }, "geometry": { "type": "Polygon", "coordinates": [ [ [ -77.005928287592454, 38.941335795210065 ], [ -77.00530428812678, 38.940909795164906 ], [ -77.004688287716775, 38.940751795342287 ], [ -76.999672286230506, 38.940748795543314 ], [ -77.001502286710775, 38.942991795658671 ], [ -77.002250286799168, 38.943685795643219 ], [ -77.003392287613295, 38.944358796070986 ], [ -77.00524828745759, 38.944977795741138 ], [ -77.005856287731262, 38.943830795850637 ], [ -77.005928287592454, 38.941335795210065 ] ] ] } },
{ "type": "Feature", "properties": { "GEOCODE": "110010095111", "ward": 5.0, "neighborhood": "North Michigan Park, Michigan Park, University Heights" }, "geometry": { "type": "Polygon", "coordinates": [ [ [ -77.008362288821303, 38.941363795492236 ], [ -77.008200288141794, 38.940339794769599 ], [ -77.006785287978289, 38.937680794373563 ], [ -77.00636128796063, 38.936599794479903 ], [ -77.004146287154086, 38.936815794186039 ], [ -77.003192287011345, 38.936549794660614 ], [ -77.002550286567129, 38.936177794685548 ], [ -77.002134286572144, 38.936162794300472 ], [ -77.001305286456585, 38.931819793319107 ], [ -77.000984285745048, 38.931222793372235 ], [ -76.994839284059609, 38.933753794392409 ], [ -76.996116284981355, 38.937194795086505 ], [ -76.997644285744883, 38.940739795538072 ], [ -77.004835287081576, 38.940769795125938 ], [ -77.005416287544705, 38.940968795240138 ], [ -77.007147287848397, 38.942117795271322 ], [ -77.008036289003044, 38.942388795153981 ], [ -77.008362288821303, 38.941363795492236 ] ] ] } },
{ "type": "Feature", "properties": { "GEOCODE": "110010096011", "ward": 7.0, "neighborhood": "Eastland Gardens, Kenilworth" }, "geometry": { "type": "Polygon", "coordinates": [ [ [ -76.954461270378744, 38.910967791580369 ], [ -76.957971271014401, 38.906161789643782 ], [ -76.957745271260521, 38.905902790092263 ], [ -76.956678269936845, 38.905540789677261 ], [ -76.956240269694916, 38.905562789702678 ], [ -76.955777270573179, 38.905930790328554 ], [ -76.955117270417347, 38.90606978975925 ], [ -76.953524268932782, 38.906791790758085 ], [ -76.953449269132534, 38.907200790442985 ], [ -76.952332268911363, 38.908023790572749 ], [ -76.951699269127303, 38.908218791070276 ], [ -76.950977268862133, 38.908177790659202 ], [ -76.950495268330229, 38.907979791127609 ], [ -76.949891268825738, 38.907519790762002 ], [ -76.948199268083371, 38.905283789934003 ], [ -76.945376266841635, 38.902674789811556 ], [ -76.945329267019829, 38.902188789435939 ], [ -76.945049266761444, 38.901858789998947 ], [ -76.944793266708714, 38.901671790000655 ], [ -76.944714266249619, 38.901746789572968 ], [ -76.944389266446194, 38.90154178974111 ], [ -76.943668266180609, 38.901399789671075 ], [ -76.934743263758008, 38.908417791149446 ], [ -76.93308026294477, 38.909661791602346 ], [ -76.931764263255417, 38.910402792142285 ], [ -76.934313263328136, 38.912368792595835 ], [ -76.937060264855646, 38.914827792374417 ], [ -76.941925267075774, 38.918591793045131 ], [ -76.942568266544569, 38.917981792720042 ], [ -76.942934266796726, 38.917408792509335 ], [ -76.943860266748985, 38.916878792504356 ], [ -76.945953268119027, 38.915259792267918 ], [ -76.947259267583462, 38.914982792604015 ], [ -76.951999269089058, 38.914911791720904 ], [ -76.952895270233682, 38.914804792276279 ], [ -76.953575269780075, 38.91438979175836 ], [ -76.953827269466274, 38.912296791269519 ], [ -76.954461270378744, 38.910967791580369 ] ] ] } },
{ "type": "Feature", "properties": { "GEOCODE": "110010098011", "ward": 8.0, "neighborhood": "Congress Heights, Bellevue, Washington Highlands" }, "geometry": { "type": "Polygon", "coordinates": [ [ [ -77.003860280603078, 38.830994773646893 ], [ -77.000573279696141, 38.83096777290725 ], [ -77.000573279826142, 38.831269773585973 ], [ -76.999254279260498, 38.832066773977878 ], [ -76.993154277383752, 38.832010773672444 ], [ -76.992239276620268, 38.832215774286006 ], [ -76.991369276990199, 38.832713774013513 ], [ -76.990912276692001, 38.832356773583228 ], [ -76.989486276620184, 38.833469774611046 ], [ -76.992146277054715, 38.835253774319334 ], [ -76.993296277782122, 38.836857774914925 ], [ -76.993507277313171, 38.837489775088372 ], [ -76.994746278074729, 38.837462775109316 ], [ -76.995691278360681, 38.837152775175653 ], [ -76.996293278127837, 38.836712775070481 ], [ -76.996690279083197, 38.836602774818502 ], [ -76.996682278986981, 38.836472774447046 ], [ -76.997181278359335, 38.836188774313861 ], [ -76.997761278956148, 38.835457773909539 ], [ -76.999740279827037, 38.834281773992302 ], [ -77.000315280179237, 38.834004773591275 ], [ -77.001250280074927, 38.83395377401056 ], [ -77.002286280117616, 38.833354773993641 ], [ -77.002751280452955, 38.832817774028015 ], [ -77.003341279995567, 38.831619773524174 ], [ -77.003860280603078, 38.830994773646893 ] ] ] } },
{ "type": "Feature", "properties": { "GEOCODE": "110010098021", "ward": 8.0, "neighborhood": "Congress Heights, Bellevue, Washington Highlands" }, "geometry": { "type": "Polygon", "coordinates": [ [ [ -77.000573279826142, 38.831269773585973 ], [ -77.000573279696141, 38.83096777290725 ], [ -77.000463279161593, 38.830961773759917 ], [ -76.992752277393592, 38.830916773195646 ], [ -76.990912276692001, 38.832356773583228 ], [ -76.991369276990199, 38.832713774013513 ], [ -76.992239276620268, 38.832215774286006 ], [ -76.993154277383752, 38.832010773672444 ], [ -76.999254279260498, 38.832066773977878 ], [ -77.000573279826142, 38.831269773585973 ] ] ] } },
{ "type": "Feature", "properties": { "GEOCODE": "110010106011", "ward": 5.0, "neighborhood": "Edgewood, Bloomingdale, Truxton Circle, Eckington" }, "geometry": { "type": "Polygon", "coordinates": [ [ [ -77.009028287350077, 38.910790789259508 ], [ -77.009065286582626, 38.905654788169194 ], [ -77.005887286000998, 38.905648788438548 ], [ -77.005883286417642, 38.909447789181037 ], [ -77.009028287350077, 38.910790789259508 ] ] ] } },
{ "type": "Feature", "properties": { "GEOCODE": "110010106012", "ward": 6.0, "neighborhood": "Union Station, Stanton Park, Kingman Park" }, "geometry": { "type": "Polygon", "coordinates": [ [ [ -77.005883286417642, 38.909447789181037 ], [ -77.005887286000998, 38.905648788438548 ], [ -77.003357284464713, 38.905651788366278 ], [ -77.002508284307666, 38.90800878841258 ], [ -77.005883286417642, 38.909447789181037 ] ] ] } },
{ "type": "Feature", "properties": { "GEOCODE": "110010106021", "ward": 6.0, "neighborhood": "Union Station, Stanton Park, Kingman Park" }, "geometry": { "type": "Polygon", "coordinates": [ [ [ -76.998444283401341, 38.905994788662852 ], [ -76.998446283298861, 38.90373478764959 ], [ -76.994961282125956, 38.903731787795444 ], [ -76.994961281796293, 38.902805788354712 ], [ -76.993137282093684, 38.904007788362726 ], [ -76.998338283224683, 38.906237788357373 ], [ -76.998444283401341, 38.905994788662852 ] ] ] } },
{ "type": "Feature", "properties": { "GEOCODE": "110010106022", "ward": 6.0, "neighborhood": "Union Station, Stanton Park, Kingman Park" }, "geometry": { "type": "Polygon", "coordinates": [ [ [ -76.998446283298861, 38.90373478764959 ], [ -76.998444282543247, 38.900211787616016 ], [ -76.994963281868223, 38.900210787723779 ], [ -76.994961282125956, 38.903731787795444 ], [ -76.998446283298861, 38.90373478764959 ] ] ] } },
{ "type": "Feature", "properties": { "GEOCODE": "110010106023", "ward": 6.0, "neighborhood": "Union Station, Stanton Park, Kingman Park" }, "geometry": { "type": "Polygon", "coordinates": [ [ [ -77.003571284363076, 38.902522788019361 ], [ -77.00356828438531, 38.900214787313722 ], [ -76.998444282543247, 38.900211787616016 ], [ -76.998446283212274, 38.902519787538949 ], [ -77.003571284363076, 38.902522788019361 ] ] ] } },
{ "type": "Feature", "properties": { "GEOCODE": "110010106024", "ward": 6.0, "neighborhood": "Union Station, Stanton Park, Kingman Park" }, "geometry": { "type": "Polygon", "coordinates": [ [ [ -77.004435285131308, 38.902522787224562 ], [ -76.998446283212274, 38.902519787538949 ], [ -76.998444283401341, 38.905994788662852 ], [ -76.998338283224683, 38.906237788357373 ], [ -77.002508284307666, 38.90800878841258 ], [ -77.004435285131308, 38.902522787224562 ] ] ] } },
{ "type": "Feature", "properties": { "GEOCODE": "110010106031", "ward": 6.0, "neighborhood": "Union Station, Stanton Park, Kingman Park" }, "geometry": { "type": "Polygon", "coordinates": [ [ [ -77.009066286878735, 38.902522787093226 ], [ -77.009068285856031, 38.897562786478389 ], [ -77.0082052855565, 38.897229786738556 ], [ -77.007701285764156, 38.896879786622755 ], [ -77.007172286050277, 38.896148786008652 ], [ -77.006538285409903, 38.895969786442365 ], [ -77.005745285161609, 38.89601578613388 ], [ -77.005320284913012, 38.896198786013983 ], [ -77.004775284805973, 38.897347786955834 ], [ -77.003511284649875, 38.897344786981797 ], [ -77.003571284363076, 38.902522788019361 ], [ -77.009066286878735, 38.902522787093226 ] ] ] } },
{ "type": "Feature", "properties": { "GEOCODE": "110010106032", "ward": 6.0, "neighborhood": "Union Station, Stanton Park, Kingman Park" }, "geometry": { "type": "Polygon", "coordinates": [ [ [ -77.009065286582626, 38.905654788169194 ], [ -77.00907128719453, 38.904691787672782 ], [ -77.005888285191034, 38.904694787703683 ], [ -77.005887286000998, 38.905648788438548 ], [ -77.009065286582626, 38.905654788169194 ] ] ] } },
{ "type": "Feature", "properties": { "GEOCODE": "110010106033", "ward": 6.0, "neighborhood": "Union Station, Stanton Park, Kingman Park" }, "geometry": { "type": "Polygon", "coordinates": [ [ [ -77.00907128719453, 38.904691787672782 ], [ -77.009066286878735, 38.902522787093226 ], [ -77.004435285131308, 38.902522787224562 ], [ -77.003357284464713, 38.905651788366278 ], [ -77.005887286000998, 38.905648788438548 ], [ -77.005888285191034, 38.904694787703683 ], [ -77.00907128719453, 38.904691787672782 ] ] ] } },
{ "type": "Feature", "properties": { "GEOCODE": "110010107001", "ward": 2.0, "neighborhood": "Dupont Circle, Connecticut Avenue/K Street" }, "geometry": { "type": "Polygon", "coordinates": [ [ [ -77.049729299017599, 38.902976786394575 ], [ -77.049462298965025, 38.902696785784421 ], [ -77.049568299174581, 38.902182786125188 ], [ -77.049371299138031, 38.902295785711054 ], [ -77.039254296018527, 38.898750785147918 ], [ -77.037949295758409, 38.898754785499698 ], [ -77.037957295742402, 38.900209785589688 ], [ -77.036556294796242, 38.900208785669456 ], [ -77.03653629542768, 38.905661786892026 ], [ -77.046623298937021, 38.905639786480101 ], [ -77.04763229878948, 38.905197786400855 ], [ -77.049729299017599, 38.902976786394575 ] ] ] } },
{ "type": "Feature", "properties": { "GEOCODE": "110010107002", "ward": 2.0, "neighborhood": "Dupont Circle, Connecticut Avenue/K Street" }, "geometry": { "type": "Polygon", "coordinates": [ [ [ -77.047431298210782, 38.905374786825668 ], [ -77.046343297857945, 38.905663787135794 ], [ -77.03653629542768, 38.905661786892026 ], [ -77.036532295180891, 38.90702878734816 ], [ -77.036835294906908, 38.90710178775754 ], [ -77.036870295837389, 38.907360787478012 ], [ -77.042718296916533, 38.909397787298893 ], [ -77.043233297244214, 38.909055787873342 ], [ -77.043912298298551, 38.90915278784945 ], [ -77.047431298210782, 38.905374786825668 ] ] ] } },
{ "type": "Feature", "properties": { "GEOCODE": "110010108001", "ward": 2.0, "neighborhood": "West End, Foggy Bottom, GWU" }, "geometry": { "type": "Polygon", "coordinates": [ [ [ -77.050122299489701, 38.901994785833146 ], [ -77.050133298744285, 38.899581785487655 ], [ -77.043466297550125, 38.899582785379401 ], [ -77.043464296734101, 38.900209786099602 ], [ -77.049371299138031, 38.902295785711054 ], [ -77.050122299489701, 38.901994785833146 ] ] ] } },
{ "type": "Feature", "properties": { "GEOCODE": "110010108002", "ward": 2.0, "neighborhood": "West End, Foggy Bottom, GWU" }, "geometry": { "type": "Polygon", "coordinates": [ [ [ -77.043464296734101, 38.900209786099602 ], [ -77.043470297168582, 38.897362785243509 ], [ -77.03947529593772, 38.89736378561534 ], [ -77.039462296304066, 38.898820785718591 ], [ -77.043464296734101, 38.900209786099602 ] ] ] } },
{ "type": "Feature", "properties": { "GEOCODE": "110010108003", "ward": 2.0, "neighborhood": "West End, Foggy Bottom, GWU" }, "geometry": { "type": "Polygon", "coordinates": [ [ [ -77.050133298744285, 38.899581785487655 ], [ -77.050119299374543, 38.896031784853484 ], [ -77.048025298052579, 38.896024784913536 ], [ -77.046684297696345, 38.895323784738238 ], [ -77.046655297557507, 38.89958478566723 ], [ -77.050133298744285, 38.899581785487655 ] ] ] } },
{ "type": "Feature", "properties": { "GEOCODE": "110010108004", "ward": 2.0, "neighborhood": "National Mall, Potomac River" }, "geometry": { "type": "Polygon", "coordinates": [ [ [ -77.043470297168582, 38.897362785243509 ], [ -77.0434762965142, 38.8935217839811 ], [ -77.040816295535521, 38.892144784337255 ], [ -77.039483295459604, 38.892107783914902 ], [ -77.03947529593772, 38.89736378561534 ], [ -77.043470297168582, 38.897362785243509 ] ] ] } },
{ "type": "Feature", "properties": { "GEOCODE": "110010108005", "ward": 2.0, "neighborhood": "National Mall, Potomac River" }, "geometry": { "type": "Polygon", "coordinates": [ [ [ -77.046672297784369, 38.896028784446017 ], [ -77.046684297696345, 38.895323784738238 ], [ -77.0434762965142, 38.8935217839811 ], [ -77.043474296586894, 38.89540578445984 ], [ -77.044920297526005, 38.895437784577808 ], [ -77.044920297108433, 38.896002784931213 ], [ -77.045039297443481, 38.896028785002564 ], [ -77.046672297784369, 38.896028784446017 ] ] ] } },
{ "type": "Feature", "properties": { "GEOCODE": "110010108006", "ward": 2.0, "neighborhood": "West End, Foggy Bottom, GWU" }, "geometry": { "type": "Polygon", "coordinates": [ [ [ -77.046655297557507, 38.89958478566723 ], [ -77.046672297784369, 38.896028784446017 ], [ -77.044920297108433, 38.896002784931213 ], [ -77.044920297526005, 38.895437784577808 ], [ -77.043474296586894, 38.89540578445984 ], [ -77.043466297550125, 38.899582785379401 ], [ -77.046655297557507, 38.89958478566723 ] ] ] } },
{ "type": "Feature", "properties": { "GEOCODE": "110010099041", "ward": 7.0, "neighborhood": "Capitol View, Marshall Heights, Benning Heights" }, "geometry": { "type": "Polygon", "coordinates": [ [ [ -76.932945262158768, 38.885624787290908 ], [ -76.935918263037337, 38.885988786959373 ], [ -76.935072262685594, 38.884101786183315 ], [ -76.933626261481209, 38.882280786006852 ], [ -76.931393261082917, 38.883269786232333 ], [ -76.931097261286425, 38.883289786278652 ], [ -76.929769261205678, 38.889351787800891 ], [ -76.930013261330259, 38.889570787430856 ], [ -76.930056261474292, 38.889827788019225 ], [ -76.932049262237442, 38.889813787968777 ], [ -76.932945262158768, 38.885624787290908 ] ] ] } },
{ "type": "Feature", "properties": { "GEOCODE": "110010099042", "ward": 7.0, "neighborhood": "Capitol View, Marshall Heights, Benning Heights" }, "geometry": { "type": "Polygon", "coordinates": [ [ [ -76.930950260573013, 38.883963786399903 ], [ -76.928698260698468, 38.883663786356294 ], [ -76.927606260139981, 38.888659787534316 ], [ -76.929769261205678, 38.889351787800891 ], [ -76.930950260573013, 38.883963786399903 ] ] ] } },
{ "type": "Feature", "properties": { "GEOCODE": "110010099043", "ward": 7.0, "neighborhood": "Capitol View, Marshall Heights, Benning Heights" }, "geometry": { "type": "Polygon", "coordinates": [ [ [ -76.931393261082917, 38.883269786232333 ], [ -76.933626261481209, 38.882280786006852 ], [ -76.933042262010375, 38.881498786436318 ], [ -76.932612261296541, 38.88163278579357 ], [ -76.932219261260556, 38.881592786334714 ], [ -76.931116260638632, 38.880725785872734 ], [ -76.930353261074842, 38.880576785867746 ], [ -76.929318260802404, 38.880681785709996 ], [ -76.928698260698468, 38.883663786356294 ], [ -76.930950260573013, 38.883963786399903 ], [ -76.931097261286425, 38.883289786278652 ], [ -76.931393261082917, 38.883269786232333 ] ] ] } },
{ "type": "Feature", "properties": { "GEOCODE": "110010099051", "ward": 7.0, "neighborhood": "Capitol View, Marshall Heights, Benning Heights" }, "geometry": { "type": "Polygon", "coordinates": [ [ [ -76.927606260139981, 38.888659787534316 ], [ -76.928698260698468, 38.883663786356294 ], [ -76.92420225883194, 38.883052787084686 ], [ -76.923430259185011, 38.886504787760714 ], [ -76.924699258728765, 38.886965787148384 ], [ -76.926733260455961, 38.888268787527664 ], [ -76.927606260139981, 38.888659787534316 ] ] ] } },
{ "type": "Feature", "properties": { "GEOCODE": "110010099052", "ward": 7.0, "neighborhood": "Capitol View, Marshall Heights, Benning Heights" }, "geometry": { "type": "Polygon", "coordinates": [ [ [ -76.925956259250185, 38.881089786412929 ], [ -76.924458258532979, 38.881255785993432 ], [ -76.924054258305546, 38.881434786511079 ], [ -76.918568257365251, 38.885717787779257 ], [ -76.921088258544373, 38.886305787727729 ], [ -76.923430259185011, 38.886504787760714 ], [ -76.924496258662856, 38.881712786512246 ], [ -76.925956259250185, 38.881089786412929 ] ] ] } },
{ "type": "Feature", "properties": { "GEOCODE": "110010099053", "ward": 7.0, "neighborhood": "Capitol View, Marshall Heights, Benning Heights" }, "geometry": { "type": "Polygon", "coordinates": [ [ [ -76.928698260698468, 38.883663786356294 ], [ -76.929318260802404, 38.880681785709996 ], [ -76.925956259250185, 38.881089786412929 ], [ -76.924496258662856, 38.881712786512246 ], [ -76.92420225883194, 38.883052787084686 ], [ -76.928698260698468, 38.883663786356294 ] ] ] } },
{ "type": "Feature", "properties": { "GEOCODE": "110010099061", "ward": 7.0, "neighborhood": "Capitol View, Marshall Heights, Benning Heights" }, "geometry": { "type": "Polygon", "coordinates": [ [ [ -76.940555263869541, 38.886569787038844 ], [ -76.936162262557986, 38.88655678659925 ], [ -76.935918263037337, 38.885988786959373 ], [ -76.932945262158768, 38.885624787290908 ], [ -76.932049262237442, 38.889813787968777 ], [ -76.938123263875397, 38.889824787187386 ], [ -76.938496263645533, 38.889322787765607 ], [ -76.939443264480502, 38.888661787305722 ], [ -76.939985263714249, 38.888086787331325 ], [ -76.940372263982951, 38.887391787083807 ], [ -76.940555263869541, 38.886569787038844 ] ] ] } },
{ "type": "Feature", "properties": { "GEOCODE": "110010099071", "ward": 7.0, "neighborhood": "Capitol View, Marshall Heights, Benning Heights" }, "geometry": { "type": "Polygon", "coordinates": [ [ [ -76.945774264940312, 38.880876785033429 ], [ -76.944866264684748, 38.879100784829923 ], [ -76.943993264529439, 38.879493784976255 ], [ -76.943083264378885, 38.880276785258168 ], [ -76.942385264031643, 38.880521785710492 ], [ -76.941489263914377, 38.880507785352421 ], [ -76.940068263362434, 38.880208785217818 ], [ -76.936266262341704, 38.880216785220263 ], [ -76.936542262528604, 38.881059785995248 ], [ -76.936478262788086, 38.881988785752434 ], [ -76.938392263096659, 38.881774786127501 ], [ -76.941990264873908, 38.881777786138571 ], [ -76.942585264840645, 38.881885785363195 ], [ -76.942979265161, 38.882119785752501 ], [ -76.944337265504501, 38.881354785250856 ], [ -76.945774264940312, 38.880876785033429 ] ] ] } },
{ "type": "Feature", "properties": { "GEOCODE": "110010099072", "ward": 7.0, "neighborhood": "Capitol View, Marshall Heights, Benning Heights" }, "geometry": { "type": "Polygon", "coordinates": [ [ [ -76.942938264888284, 38.882148785358027 ], [ -76.942585264840645, 38.881885785363195 ], [ -76.941990264873908, 38.881777786138571 ], [ -76.938392263096659, 38.881774786127501 ], [ -76.936478262788086, 38.881988785752434 ], [ -76.936542262528604, 38.881059785995248 ], [ -76.936266262341704, 38.880216785220263 ], [ -76.933042262010375, 38.881498786436318 ], [ -76.935017262031366, 38.884009786261359 ], [ -76.936162262557986, 38.88655678659925 ], [ -76.94055726364769, 38.886551786603512 ], [ -76.940684263853228, 38.885337786668444 ], [ -76.941164264689093, 38.884106786594181 ], [ -76.941925263990242, 38.88305178612076 ], [ -76.942938264888284, 38.882148785358027 ] ] ] } },
{ "type": "Feature", "properties": { "GEOCODE": "110010101001", "ward": 2.0, "neighborhood": "Dupont Circle, Connecticut Avenue/K Street" }, "geometry": { "type": "Polygon", "coordinates": [ [ [ -77.036532295180891, 38.90702878734816 ], [ -77.036556294796242, 38.900208785669456 ], [ -77.035131294261859, 38.9002097859332 ], [ -77.034609294609695, 38.901147785879886 ], [ -77.03458029437266, 38.902525786771747 ], [ -77.033634294005523, 38.902525786411353 ], [ -77.03360829367854, 38.90281478647772 ], [ -77.032127294328873, 38.905312787396852 ], [ -77.032394293817305, 38.905516787072486 ], [ -77.032372294240531, 38.90580178678951 ], [ -77.036187294730269, 38.907139787502459 ], [ -77.036532295180891, 38.90702878734816 ] ] ] } },
{ "type": "Feature", "properties": { "GEOCODE": "110010101002", "ward": 2.0, "neighborhood": "Downtown, Chinatown, Penn Quarters, Mount Vernon Square, North Capitol Street" }, "geometry": { "type": "Polygon", "coordinates": [ [ [ -77.029625293134828, 38.904842787467821 ], [ -77.029636293258534, 38.900223785829255 ], [ -77.02399129103469, 38.90209678701288 ], [ -77.02394029126755, 38.90293878694073 ], [ -77.029625293134828, 38.904842787467821 ] ] ] } },
{ "type": "Feature", "properties": { "GEOCODE": "110010101003", "ward": 2.0, "neighborhood": "Downtown, Chinatown, Penn Quarters, Mount Vernon Square, North Capitol Street" }, "geometry": { "type": "Polygon", "coordinates": [ [ [ -77.035154294071162, 38.900073786097927 ], [ -77.035119294040157, 38.898768785866501 ], [ -77.033856294416637, 38.898777786056932 ], [ -77.029636293258534, 38.900223785829255 ], [ -77.029625293134828, 38.904842787467821 ], [ -77.031537293201808, 38.905514787493765 ], [ -77.031719293178824, 38.905334787380241 ], [ -77.032127294328873, 38.905312787396852 ], [ -77.03360829367854, 38.90281478647772 ], [ -77.033634294005523, 38.902525786411353 ], [ -77.03458029437266, 38.902525786771747 ], [ -77.034609294609695, 38.901147785879886 ], [ -77.035154294071162, 38.900073786097927 ] ] ] } },
{ "type": "Feature", "properties": { "GEOCODE": "110010102011", "ward": 6.0, "neighborhood": "Southwest Employment Area, Southwest/Waterfront, Fort McNair, Buzzard Point" }, "geometry": { "type": "Polygon", "coordinates": [ [ [ -77.019896288995142, 38.879292782010509 ], [ -77.019887288085357, 38.876468782169411 ], [ -77.017568287321211, 38.876468782041783 ], [ -77.017727287323552, 38.876905782391582 ], [ -77.017549288122822, 38.879293782586451 ], [ -77.019896288995142, 38.879292782010509 ] ] ] } },
{ "type": "Feature", "properties": { "GEOCODE": "110010102012", "ward": 6.0, "neighborhood": "Southwest Employment Area, Southwest/Waterfront, Fort McNair, Buzzard Point" }, "geometry": { "type": "Polygon", "coordinates": [ [ [ -77.017699287413194, 38.877137781683665 ], [ -77.017568287321211, 38.876468782041783 ], [ -77.015211286758557, 38.876466782396392 ], [ -77.015188287321863, 38.879291782165055 ], [ -77.017549288122822, 38.879293782586451 ], [ -77.017699287413194, 38.877137781683665 ] ] ] } },
{ "type": "Feature", "properties": { "GEOCODE": "110010102013", "ward": 6.0, "neighborhood": "Southwest Employment Area, Southwest/Waterfront, Fort McNair, Buzzard Point" }, "geometry": { "type": "Polygon", "coordinates": [ [ [ -77.02192428880771, 38.879302782132385 ], [ -77.022730288853651, 38.878641782164088 ], [ -77.021415289180823, 38.877582782173803 ], [ -77.02064628879954, 38.876777781706842 ], [ -77.019887288085357, 38.876468782169411 ], [ -77.019896288995142, 38.879292782010509 ], [ -77.02192428880771, 38.879302782132385 ] ] ] } },
{ "type": "Feature", "properties": { "GEOCODE": "110010102021", "ward": 6.0, "neighborhood": "Southwest Employment Area, Southwest/Waterfront, Fort McNair, Buzzard Point" }, "geometry": { "type": "Polygon", "coordinates": [ [ [ -77.02191828996709, 38.887570784343879 ], [ -77.021849289516325, 38.884845783174299 ], [ -77.019204288148373, 38.884848783926884 ], [ -77.017558288227363, 38.885078783823928 ], [ -77.017549288394164, 38.887578784214625 ], [ -77.02191828996709, 38.887570784343879 ] ] ] } },
{ "type": "Feature", "properties": { "GEOCODE": "110010102022", "ward": 6.0, "neighborhood": "Southwest Employment Area, Southwest/Waterfront, Fort McNair, Buzzard Point" }, "geometry": { "type": "Polygon", "coordinates": [ [ [ -77.021912288584261, 38.879349782073497 ], [ -77.017549288122822, 38.879293782586451 ], [ -77.017563287763679, 38.882305782832972 ], [ -77.021865289526858, 38.882329782827505 ], [ -77.021912288584261, 38.879349782073497 ] ] ] } },
{ "type": "Feature", "properties": { "GEOCODE": "110010102023", "ward": 6.0, "neighborhood": "Southwest Employment Area, Southwest/Waterfront, Fort McNair, Buzzard Point" }, "geometry": { "type": "Polygon", "coordinates": [ [ [ -77.02807529185732, 38.887572783475512 ], [ -77.028124291173, 38.884459783505193 ], [ -77.026417290947364, 38.884860783180464 ], [ -77.021849289516325, 38.884845783174299 ], [ -77.02191828996709, 38.887570784343879 ], [ -77.02807529185732, 38.887572783475512 ] ] ] } },
{ "type": "Feature", "properties": { "GEOCODE": "110010102024", "ward": 6.0, "neighborhood": "Southwest Employment Area, Southwest/Waterfront, Fort McNair, Buzzard Point" }, "geometry": { "type": "Polygon", "coordinates": [ [ [ -77.021849289516325, 38.884845783174299 ], [ -77.021865289526858, 38.882329782827505 ], [ -77.017563287763679, 38.882305782832972 ], [ -77.017558288227363, 38.885078783823928 ], [ -77.019204288148373, 38.884848783926884 ], [ -77.021849289516325, 38.884845783174299 ] ] ] } },
{ "type": "Feature", "properties": { "GEOCODE": "110010102025", "ward": 6.0, "neighborhood": "Southwest Employment Area, Southwest/Waterfront, Fort McNair, Buzzard Point" }, "geometry": { "type": "Polygon", "coordinates": [ [ [ -77.032704292265436, 38.88261778274623 ], [ -77.023779289745534, 38.876418781245427 ], [ -77.021881289324725, 38.876509781305224 ], [ -77.021149289123628, 38.87731378228731 ], [ -77.022730288853651, 38.878641782164088 ], [ -77.021912288584261, 38.879349782073497 ], [ -77.021865289526858, 38.882329782827505 ], [ -77.026429290508986, 38.882253783045421 ], [ -77.027668291202744, 38.88210278302865 ], [ -77.027782290605671, 38.882236782776943 ], [ -77.028106291604857, 38.883760783026695 ], [ -77.02807529185732, 38.887572783475512 ], [ -77.031988292708562, 38.887589783269206 ], [ -77.031990292044014, 38.884380783131846 ], [ -77.032192292386739, 38.88346178302703 ], [ -77.032704292265436, 38.88261778274623 ] ] ] } },
{ "type": "Feature", "properties": { "GEOCODE": "110010102026", "ward": 6.0, "neighborhood": "Southwest Employment Area, Southwest/Waterfront, Fort McNair, Buzzard Point" }, "geometry": { "type": "Polygon", "coordinates": [ [ [ -77.028124291173, 38.884459783505193 ], [ -77.027975291002463, 38.882767783009726 ], [ -77.027668291202744, 38.88210278302865 ], [ -77.026429290508986, 38.882253783045421 ], [ -77.021865289526858, 38.882329782827505 ], [ -77.021849289516325, 38.884845783174299 ], [ -77.026417290947364, 38.884860783180464 ], [ -77.028124291173, 38.884459783505193 ] ] ] } },
{ "type": "Feature", "properties": { "GEOCODE": "110010103001", "ward": 4.0, "neighborhood": "Walter Reed" }, "geometry": { "type": "Polygon", "coordinates": [ [ [ -77.036366299774514, 38.974871801295549 ], [ -77.036373299132563, 38.972276800503728 ], [ -77.02719029614137, 38.97226880082917 ], [ -77.027026296540669, 38.972361801149816 ], [ -77.027267296467471, 38.969932800583706 ], [ -77.025408296299503, 38.969931800511517 ], [ -77.02276829494383, 38.973616800964976 ], [ -77.026889295991595, 38.973624800876607 ], [ -77.026435297001683, 38.977989801926832 ], [ -77.032969299117639, 38.978031801662908 ], [ -77.036366299774514, 38.974871801295549 ] ] ] } },
{ "type": "Feature", "properties": { "GEOCODE": "110010103002", "ward": 4.0, "neighborhood": "Takoma, Brightwood, Manor Park" }, "geometry": { "type": "Polygon", "coordinates": [ [ [ -77.02659829743186, 38.984519803292464 ], [ -77.026428296540317, 38.978310801740463 ], [ -77.019500293882572, 38.978308802130648 ], [ -77.019269294831957, 38.977956802551489 ], [ -77.018571293740848, 38.978362802725407 ], [ -77.022340295884746, 38.981387802839819 ], [ -77.023149296094189, 38.981846802569073 ], [ -77.02659829743186, 38.984519803292464 ] ] ] } },
{ "type": "Feature", "properties": { "GEOCODE": "110010103003", "ward": 4.0, "neighborhood": "Takoma, Brightwood, Manor Park" }, "geometry": { "type": "Polygon", "coordinates": [ [ [ -77.026428296540317, 38.978310801740463 ], [ -77.026889295991595, 38.973624800876607 ], [ -77.02276829494383, 38.973616800964976 ], [ -77.022245294994889, 38.974148801804319 ], [ -77.019942294337582, 38.977365802280936 ], [ -77.019269294831957, 38.977956802551489 ], [ -77.019500293882572, 38.978308802130648 ], [ -77.026428296540317, 38.978310801740463 ] ] ] } },
{ "type": "Feature", "properties": { "GEOCODE": "110010104001", "ward": 8.0, "neighborhood": "Congress Heights, Bellevue, Washington Highlands" }, "geometry": { "type": "Polygon", "coordinates": [ [ [ -77.008362282308951, 38.845045775552329 ], [ -77.009170282245179, 38.838905774700976 ], [ -77.007746281947874, 38.835694774105413 ], [ -77.003041280739865, 38.841959775814914 ], [ -77.002462280902378, 38.842447775353236 ], [ -76.99996228029913, 38.843139775392522 ], [ -76.999703280222263, 38.843058775568977 ], [ -76.997455279799809, 38.84317477615285 ], [ -76.992178277830817, 38.844046776695798 ], [ -76.994708278006016, 38.845587776369968 ], [ -76.994947278936209, 38.846210776681048 ], [ -76.996176279415621, 38.846766776724735 ], [ -76.997391279067656, 38.845096776272918 ], [ -77.008362282308951, 38.845045775552329 ] ] ] } },
{ "type": "Feature", "properties": { "GEOCODE": "110010104002", "ward": 8.0, "neighborhood": "Congress Heights, Bellevue, Washington Highlands" }, "geometry": { "type": "Polygon", "coordinates": [ [ [ -77.005705281690794, 38.849208777181282 ], [ -77.005383282395655, 38.846315775843841 ], [ -77.004988282097429, 38.845799776250715 ], [ -77.003501281459293, 38.845503775946291 ], [ -77.003329281596081, 38.845348776284489 ], [ -77.003297281765043, 38.845095775928684 ], [ -76.998200279259223, 38.845096776220259 ], [ -77.004635281772579, 38.849067776760322 ], [ -77.004273282175262, 38.849556776731532 ], [ -77.004512282226528, 38.84998377669816 ], [ -77.004942282161494, 38.850083777257268 ], [ -77.005348282561854, 38.849957777258055 ], [ -77.005590282110603, 38.849692777313003 ], [ -77.005705281690794, 38.849208777181282 ] ] ] } },
{ "type": "Feature", "properties": { "GEOCODE": "110010104003", "ward": 8.0, "neighborhood": "Saint Elizabeths" }, "geometry": { "type": "Polygon", "coordinates": [ [ [ -77.007983282492376, 38.850078776728182 ], [ -77.00829028228317, 38.845038775722443 ], [ -77.003297281765043, 38.845095775928684 ], [ -77.003457280863785, 38.845480775998013 ], [ -77.004883281259197, 38.845749775721792 ], [ -77.005362281747566, 38.84623177578208 ], [ -77.005700282518234, 38.849272776977301 ], [ -77.005530281733456, 38.849791776598785 ], [ -77.005018282367786, 38.850077777096857 ], [ -77.004576281989799, 38.850015776680152 ], [ -77.004292281560438, 38.849737777175115 ], [ -77.004312281869133, 38.849437776529541 ], [ -77.004635281772579, 38.849067776760322 ], [ -76.998200279259223, 38.845096776220259 ], [ -76.997391279067656, 38.845096776272918 ], [ -76.996176279415621, 38.846766776724735 ], [ -76.994947278936209, 38.846210776681048 ], [ -76.994708278006016, 38.845587776369968 ], [ -76.992178277830817, 38.844046776695798 ], [ -76.989095276836906, 38.84459977685826 ], [ -76.988495276325679, 38.846127776661397 ], [ -76.988711277082615, 38.84638377716076 ], [ -76.988247276378871, 38.846527777277771 ], [ -76.987764275887159, 38.846354777267621 ], [ -76.987478276815324, 38.846493776946474 ], [ -76.985049275647427, 38.848971777246298 ], [ -77.002985281826071, 38.860124779398113 ], [ -77.002825281914539, 38.860512778827101 ], [ -77.003006281711507, 38.86054277955531 ], [ -77.00394328254184, 38.857606778341797 ], [ -77.005059282546853, 38.854968778345807 ], [ -77.007983282492376, 38.850078776728182 ] ] ] } },
{ "type": "Feature", "properties": { "GEOCODE": "110010105001", "ward": 6.0, "neighborhood": "Southwest Employment Area, Southwest/Waterfront, Fort McNair, Buzzard Point" }, "geometry": { "type": "Polygon", "coordinates": [ [ [ -77.017549288394164, 38.887578784214625 ], [ -77.017558288227363, 38.885078783823928 ], [ -77.013663286529436, 38.885066783726003 ], [ -77.013657286712061, 38.886056784143598 ], [ -77.012995286859095, 38.886680783834755 ], [ -77.013809287503292, 38.887569784286633 ], [ -77.017549288394164, 38.887578784214625 ] ] ] } },
{ "type": "Feature", "properties": { "GEOCODE": "110010105002", "ward": 6.0, "neighborhood": "Southwest Employment Area, Southwest/Waterfront, Fort McNair, Buzzard Point" }, "geometry": { "type": "Polygon", "coordinates": [ [ [ -77.017563287763679, 38.882305782832972 ], [ -77.017549288122822, 38.879293782586451 ], [ -77.015188287321863, 38.879291782165055 ], [ -77.015188286868479, 38.882261782891625 ], [ -77.017563287763679, 38.882305782832972 ] ] ] } },
{ "type": "Feature", "properties": { "GEOCODE": "110010105003", "ward": 6.0, "neighborhood": "Southwest Employment Area, Southwest/Waterfront, Fort McNair, Buzzard Point" }, "geometry": { "type": "Polygon", "coordinates": [ [ [ -77.015188286868479, 38.882261782891625 ], [ -77.015211286758557, 38.876466782396392 ], [ -77.013867286447493, 38.876465782254897 ], [ -77.013813286872448, 38.876895781978249 ], [ -77.012593286577697, 38.880284783272003 ], [ -77.01268528591784, 38.881294783288055 ], [ -77.013693286977869, 38.881289783287023 ], [ -77.013723287101513, 38.882368783010527 ], [ -77.015188286868479, 38.882261782891625 ] ] ] } },
{ "type": "Feature", "properties": { "GEOCODE": "110010105004", "ward": 6.0, "neighborhood": "Southwest Employment Area, Southwest/Waterfront, Fort McNair, Buzzard Point" }, "geometry": { "type": "Polygon", "coordinates": [ [ [ -77.017562288393535, 38.882356783074165 ], [ -77.016746287134239, 38.882263783226769 ], [ -77.012229286514582, 38.882315783318674 ], [ -77.009115285633612, 38.881442782967937 ], [ -77.009070285728342, 38.883864783447393 ], [ -77.012995286859095, 38.886680783834755 ], [ -77.013657286712061, 38.886056784143598 ], [ -77.013663286529436, 38.885066783726003 ], [ -77.017558288227363, 38.885078783823928 ], [ -77.017562288393535, 38.882356783074165 ] ] ] } },
{ "type": "Feature", "properties": { "GEOCODE": "110010105005", "ward": 6.0, "neighborhood": "Southwest Employment Area, Southwest/Waterfront, Fort McNair, Buzzard Point" }, "geometry": { "type": "Polygon", "coordinates": [ [ [ -77.013886286846613, 38.876667782499617 ], [ -77.013867286447493, 38.876465782254897 ], [ -77.009100284824967, 38.876476781908579 ], [ -77.009115285633612, 38.881442782967937 ], [ -77.011585286409243, 38.882216782836664 ], [ -77.013723287101513, 38.882368783010527 ], [ -77.013693286977869, 38.881289783287023 ], [ -77.01268528591784, 38.881294783288055 ], [ -77.012593286577697, 38.880284783272003 ], [ -77.013886286846613, 38.876667782499617 ] ] ] } },
{ "type": "Feature", "properties": { "GEOCODE": "110010111001", "ward": 5.0, "neighborhood": "Brookland, Brentwood, Langdon" }, "geometry": { "type": "Polygon", "coordinates": [ [ [ -76.9738222761451, 38.921128792364556 ], [ -76.972346276519602, 38.919039792367165 ], [ -76.971586275355534, 38.918594792238608 ], [ -76.972495276460705, 38.917428792058651 ], [ -76.969156275309246, 38.917458792201053 ], [ -76.958349271178918, 38.916925792462735 ], [ -76.956843271380919, 38.917432792593083 ], [ -76.954985271027169, 38.918349792957834 ], [ -76.965163274174571, 38.925267794005642 ], [ -76.961488272805624, 38.928274794375113 ], [ -76.957758272634493, 38.930756794855199 ], [ -76.961397273056789, 38.933603795807073 ], [ -76.962745273615283, 38.93288279493931 ], [ -76.963961274131677, 38.932879795371861 ], [ -76.964233274068917, 38.93213379471208 ], [ -76.970067275760258, 38.929939794037352 ], [ -76.967070275322627, 38.926985794370793 ], [ -76.9738222761451, 38.921128792364556 ] ] ] } },
{ "type": "Feature", "properties": { "GEOCODE": "110010111002", "ward": 5.0, "neighborhood": "Brookland, Brentwood, Langdon" }, "geometry": { "type": "Polygon", "coordinates": [ [ [ -76.979132279130724, 38.927716793576991 ], [ -76.978999278744368, 38.927449793927941 ], [ -76.979000278506717, 38.924516793069436 ], [ -76.97023227597866, 38.924531793773745 ], [ -76.970145276221601, 38.925586793530059 ], [ -76.969259275014878, 38.925631793715851 ], [ -76.967286274485062, 38.927206793891408 ], [ -76.970067275760258, 38.929939794037352 ], [ -76.964233274068917, 38.93213379471208 ], [ -76.963961274131677, 38.932879795371861 ], [ -76.962745273615283, 38.93288279493931 ], [ -76.961397273056789, 38.933603795807073 ], [ -76.963449274373545, 38.935209795593913 ], [ -76.979132279130724, 38.927716793576991 ] ] ] } },
{ "type": "Feature", "properties": { "GEOCODE": "110010111003", "ward": 5.0, "neighborhood": "Arboretum, Anacostia River" }, "geometry": { "type": "Polygon", "coordinates": [ [ [ -76.978997278552626, 38.92002679165838 ], [ -76.978460278005585, 38.919072792107379 ], [ -76.978169277287094, 38.917289791269503 ], [ -76.978313278035671, 38.916923791512865 ], [ -76.975305276356508, 38.914153790920992 ], [ -76.975129276131469, 38.91414079149849 ], [ -76.976329276531885, 38.912649790429299 ], [ -76.977368276796298, 38.909593789980072 ], [ -76.978840277875676, 38.907278789150297 ], [ -76.978578276904742, 38.907376789178642 ], [ -76.977179277171317, 38.906654789799596 ], [ -76.975199276139534, 38.906000789057387 ], [ -76.975168276082087, 38.905627788989442 ], [ -76.970207275157946, 38.905628789541822 ], [ -76.970329275192213, 38.905464789310408 ], [ -76.972463275768476, 38.904594789582106 ], [ -76.971681275022362, 38.903516789122513 ], [ -76.970235274205805, 38.903452789273217 ], [ -76.970234273922529, 38.89870778814327 ], [ -76.970387274580062, 38.897932787968749 ], [ -76.968812273846424, 38.897694787929296 ], [ -76.961986271626429, 38.89714278845566 ], [ -76.962220271888086, 38.899504788877891 ], [ -76.961969272170236, 38.900188788887469 ], [ -76.960617271729149, 38.901727789439043 ], [ -76.959388270899851, 38.903397789242618 ], [ -76.957971271014401, 38.906161789643782 ], [ -76.954461270378744, 38.910967791580369 ], [ -76.953827269466274, 38.912296791269519 ], [ -76.953575269780075, 38.91438979175836 ], [ -76.952895270233682, 38.914804792276279 ], [ -76.951999269089058, 38.914911791720904 ], [ -76.947259267583462, 38.914982792604015 ], [ -76.945953268119027, 38.915259792267918 ], [ -76.943625267009594, 38.917013792673444 ], [ -76.956460270904643, 38.917623792024301 ], [ -76.957863271211735, 38.917046792026568 ], [ -76.95921127171637, 38.916909792336739 ], [ -76.969156275309246, 38.917458792201053 ], [ -76.972495276460705, 38.917428792058651 ], [ -76.971586275355534, 38.918594792238608 ], [ -76.972346276519602, 38.919039792367165 ], [ -76.9738222761451, 38.921128792364556 ], [ -76.967070275322627, 38.926985794370793 ], [ -76.967286274485062, 38.927206793891408 ], [ -76.969259275014878, 38.925631793715851 ], [ -76.970145276221601, 38.925586793530059 ], [ -76.970148276096069, 38.924621793394145 ], [ -76.970258275850057, 38.924524793721496 ], [ -76.979000278506717, 38.924516793069436 ], [ -76.978997278552626, 38.92002679165838 ] ] ] } },
{ "type": "Feature", "properties": { "GEOCODE": "110019800001", "ward": 6.0, "neighborhood": "National Mall, Potomac River" }, "geometry": { "type": "Polygon", "coordinates": [ [ [ -77.064698303016499, 38.891859783626352 ], [ -77.064012302496124, 38.890997783419529 ], [ -77.064067302893591, 38.890678782844162 ], [ -77.063775302933138, 38.89019778266217 ], [ -77.064411302658655, 38.889605783178908 ], [ -77.064253303334695, 38.888963782627165 ], [ -77.059202301032727, 38.880992780835122 ], [ -77.058711300361693, 38.880500781296419 ], [ -77.057997299907242, 38.880285780704959 ], [ -77.0564062994181, 38.880432781506038 ], [ -77.05558329993687, 38.880349780902769 ], [ -77.054844299304747, 38.880181781430316 ], [ -77.054143299315314, 38.879719781545511 ], [ -77.053664298929434, 38.879133781363983 ], [ -77.053753298917059, 38.878883780890597 ], [ -77.053654299489025, 38.878835781040209 ], [ -77.05354229927309, 38.879013780678974 ], [ -77.05321629877804, 38.878442781194387 ], [ -77.051533298061443, 38.876571780195093 ], [ -77.05142229864353, 38.876114780788434 ], [ -77.051702298452611, 38.874711779837796 ], [ -77.051684298308018, 38.873913780292 ], [ -77.050706297800247, 38.872182779358774 ], [ -77.050277297066117, 38.871726780085282 ], [ -77.04915629671072, 38.871321779979404 ], [ -77.046854296543671, 38.871844779698975 ], [ -77.046519296542357, 38.872064779990325 ], [ -77.046242295770355, 38.872462779556407 ], [ -77.046542296382952, 38.873053780155992 ], [ -77.046396296280037, 38.873973779996405 ], [ -77.047078296911238, 38.874564780716433 ], [ -77.047221296169013, 38.874965780609919 ], [ -77.04683129693035, 38.875346780414866 ], [ -77.045903296497031, 38.875623780636431 ], [ -77.045441295619824, 38.87543878105123 ], [ -77.043869295601382, 38.874284780822805 ], [ -77.043336295961822, 38.874117780294263 ], [ -77.042149295524709, 38.872858780563504 ], [ -77.041674295341693, 38.872540780516459 ], [ -77.040229294171581, 38.870915779924275 ], [ -77.039466294093245, 38.869739780062396 ], [ -77.038284293248694, 38.867426779557483 ], [ -77.037892293616764, 38.866222778975327 ], [ -77.03777829369281, 38.864651778935503 ], [ -77.037949292732023, 38.864258779048889 ], [ -77.038276293270414, 38.86402877840252 ], [ -77.040934293772153, 38.863657778556899 ], [ -77.042138294913144, 38.863768778061441 ], [ -77.042507294756135, 38.863691778177319 ], [ -77.04245429404304, 38.863952778532465 ], [ -77.042765294447648, 38.863379778291034 ], [ -77.042660294524012, 38.863314778623007 ], [ -77.042393294415518, 38.863459778086231 ], [ -77.041727294739417, 38.863243778123419 ], [ -77.040372293504632, 38.862382778482633 ], [ -77.039860293904738, 38.862697777949577 ], [ -77.039740293121113, 38.863248778266424 ], [ -77.03830929344052, 38.863382778440752 ], [ -77.038023293259428, 38.863246778150078 ], [ -77.037622293407793, 38.861325777818038 ], [ -77.037405293032734, 38.861159778192139 ], [ -77.036787292120351, 38.861104778150221 ], [ -77.036751292771143, 38.860826777876468 ], [ -77.035414292253606, 38.859780778088449 ], [ -77.035086292048078, 38.859383777686787 ], [ -77.03458829143959, 38.858228777741274 ], [ -77.034172291282331, 38.857687777589646 ], [ -77.034017291765821, 38.857169777039338 ], [ -77.032865291452339, 38.855084777320464 ], [ -77.032267291158576, 38.852301776267282 ], [ -77.032204290643804, 38.850701776541854 ], [ -77.020164286825647, 38.8573377783189 ], [ -77.020176288470736, 38.868964780218562 ], [ -77.020316288398959, 38.870021780070068 ], [ -77.021297288325172, 38.872178780684749 ], [ -77.023779289745534, 38.876418781245427 ], [ -77.032704292265436, 38.88261778274623 ], [ -77.032192292386739, 38.88346178302703 ], [ -77.031990292044014, 38.884380783131846 ], [ -77.031988292708562, 38.887589783269206 ], [ -77.013809287503292, 38.887569784286633 ], [ -77.013559287024364, 38.887182783824606 ], [ -77.012746287178473, 38.886485784315923 ], [ -77.009070285728342, 38.883864783447393 ], [ -77.009063285275801, 38.885072784105461 ], [ -77.00589528425435, 38.885072784337197 ], [ -77.005894284779913, 38.886046784305194 ], [ -77.003516283817149, 38.886046784655463 ], [ -77.003521284323256, 38.887621784668333 ], [ -77.002041283528399, 38.887605785019339 ], [ -77.002036283367943, 38.889175785189408 ], [ -77.003522283495002, 38.889158785228467 ], [ -77.003517283704284, 38.891923785507331 ], [ -77.004368284524546, 38.891931785930936 ], [ -77.004689284948725, 38.891521785283338 ], [ -77.005927285231706, 38.890976785413905 ], [ -77.005891285317162, 38.893632786098827 ], [ -77.003519284009585, 38.893589785641183 ], [ -77.003511284649875, 38.897344786981797 ], [ -77.004775284805973, 38.897347786955834 ], [ -77.005320284913012, 38.896198786013983 ], [ -77.005745285161609, 38.89601578613388 ], [ -77.006538285409903, 38.895969786442365 ], [ -77.007172286050277, 38.896148786008652 ], [ -77.007701285764156, 38.896879786622755 ], [ -77.0082052855565, 38.897229786738556 ], [ -77.009068285856031, 38.897562786478389 ], [ -77.00906228647878, 38.895110786227768 ], [ -77.009500286049985, 38.894796785456933 ], [ -77.010945287036108, 38.894795786064883 ], [ -77.010663286519772, 38.893955785310411 ], [ -77.013181287695261, 38.892097784953357 ], [ -77.015574288223846, 38.892074784761455 ], [ -77.016390288187182, 38.891790785023666 ], [ -77.029635292932042, 38.895454785077085 ], [ -77.031957292763977, 38.895506785360361 ], [ -77.031964292890393, 38.896112785340584 ], [ -77.033061293323712, 38.896391785319416 ], [ -77.033651293582295, 38.896410785743221 ], [ -77.033644294421237, 38.898789786091598 ], [ -77.035119294040157, 38.898768785866501 ], [ -77.035131294261859, 38.9002097859332 ], [ -77.037957295742402, 38.900209785589688 ], [ -77.037949295758409, 38.898754785499698 ], [ -77.039462296304066, 38.898820785718591 ], [ -77.039483295459604, 38.892107783914902 ], [ -77.040816295535521, 38.892144784337255 ], [ -77.048025298052579, 38.896024784913536 ], [ -77.051370299441942, 38.895917784609743 ], [ -77.052626299696882, 38.896125784547344 ], [ -77.052967299747166, 38.896528784605884 ], [ -77.052793299333402, 38.897743784817173 ], [ -77.052837299442189, 38.898133784794076 ], [ -77.05314029973573, 38.898690784959761 ], [ -77.053314299543445, 38.898497785254477 ], [ -77.053326299701425, 38.897730785071424 ], [ -77.053526300449093, 38.897381785180031 ], [ -77.055395301002676, 38.897362784489488 ], [ -77.055755300618017, 38.897421784671359 ], [ -77.056126300425063, 38.897657784741348 ], [ -77.056655300608867, 38.897676784757373 ], [ -77.056659300994667, 38.894910784145821 ], [ -77.055923300982116, 38.893007783394133 ], [ -77.063254302500837, 38.891782783595438 ], [ -77.064698303016499, 38.891859783626352 ] ] ] } }
]
}
